wordform;freq_count;zipf;cd_count;dom_pos;dom_lemma;dom_lemma_freq;id
.;0;8,212940724;19439;SENT;.;21040084;129227
,;0;7,65002413;19420;PON;,;5756133;56434
?;0;7,390472315;19388;SENT;?;3166496;369827
non;2340479;7,259198169;19387;ADV;non;2340479;69610
che;2293840;7,250456545;19391;PRO;che;1828391;204595
è;2288908;7,249521761;19352;VER;essere;3507888;205052
di;2202526;7,232814475;19418;PRE;di;2202523;343263
';0;7,159683711;19401;PON;';1861188;390319
!;0;7,105242582;19249;SENT;!;1641909;171282
un;1499479;7,065833912;19415;DET;un;1457920;293435
e;1484558;7,061490697;19406;CON;e;1484558;229763
la;1463653;7,055331658;19409;DET;la;3975550;349976
il;1411456;7,039560886;19393;DET;il;3975550;24802
a;1301494;7,004335738;19402;PRE;a;1300846;442017
per;1053276;6,912435835;19376;PRE;per;1043921;161925
una;816439;6,801817508;19383;DET;una;816439;363362
in;807943;6,797274494;19383;PRE;in;807943;24804
mi;758068;6,769601972;19315;PRO;mi;758068;286609
sono;755503;6,768130002;19341;VER;essere;752297;191145
ho;676657;6,720262455;19278;VER;avere;2620540;88390
ha;622479;6,684018637;19299;VER;avere;2620540;88395
ma;591714;6,662005813;19314;CON;ma;591346;286601
lo;583474;6,655915487;19313;PRO;lo;457066;349978
l;0;6,640107629;19171;VER;<unknown>;1069550;326989
cosa;552534;6,632253028;19272;NOM;cosa;642229;171192
le;543380;6,624997683;19356;DET;le;3975550;349973
con;537499;6,620271703;19339;PRE;con;537499;85130
ti;531801;6,615643201;19205;PRO;ti;480724;356662
no;519841;6,605764599;19192;ADV;no;518212;76040
;0;6,593502692;17740;PON;;505369;215894
i;495321;6,584780852;19339;DET;il;3975550;217295
se;493420;6,583110863;19310;CON;se;427613;420648
da;487437;6,577812618;19354;PRE;da;487437;343270
come;470772;6,562704781;19315;CON;come;229603;384509
si;461307;6,553884221;19324;PRO;si;460919;420636
io;443418;6,536707533;19247;PRO;io;443418;148871
ci;423870;6,517126939;19268;PRO;ci;421395;376599
sì;405444;6,497825183;16889;ADV;sì;222939;420574
questo;392927;6,484206212;19287;PRO;questo;701954;16677
hai;386987;6,477590733;19069;VER;avere;2620540;263004
bene;367365;6,454992194;19165;ADV;bene;335668;471464
qui;349139;6,432892842;19168;ADV;qui;349139;463590
sei;347167;6,430432922;19135;VER;essere;294099;18651
tu;334866;6,414765586;19074;PRO;tu;217842;356650
del;332636;6,41186379;19298;PRE;del;909634;29172
più;310929;6,382555861;19104;ADV;più;309918;189026
solo;294733;6,359323473;19212;ADV;solo;261805;143253
me;280518;6,337855516;19190;PRO;me;280518;286597
mio;279462;6,336217551;19184;PRO;mio;589991;107878
al;279054;6,335583043;19254;PRE;al;585794;17973
tutto;261041;6,306603623;19194;DET;tutto;119714;117421
te;251753;6,290869614;18966;PRO;te;251753;356666
così;249973;6,287788074;18075;ADV;così;244377;69306
era;247589;6,283626334;18994;VER;essere;3507888;132795
perchè;246712;6,282085269;14381;CON;perchè;198816;219323
della;238306;6,267030034;19103;PRE;di;909634;12163
mia;225102;6,242274517;19083;DET;mio;589991;133353
fatto;222451;6,237129549;19044;VER;fare;1151883;393740
lei;221652;6,235566848;18354;PRO;lei;221652;83587
fare;219478;6,231286207;19085;VER;fare;1151883;200570
gli;217583;6,227520191;19118;DET;il;3975550;310867
essere;216427;6,225206681;19136;VER;essere;3507888;53624
Oh;216104;6,22455805;17478;INT;oh;208252;131396
so;211962;6,216153292;18940;VER;sapere;499632;420638
quando;210353;6,212844009;19125;CON;quando;115631;367218
questa;208904;6,209842069;19164;DET;questo;701954;16674
ne;205135;6,201935117;19112;PRO;ne;202876;222719
ora;202296;6,195882677;19088;ADV;ora;195284;299882
detto;195165;6,180297396;18829;VER;dire;636417;358175
c;0;6,166704172;19057;NOM;c;190317;508898
va;187270;6,162363764;18761;VER;andare;641883;344915
quello;186661;6,160949149;18895;PRO;quello;352091;332524
mai;179915;6,144963021;19011;ADV;mai;179844;299740
alla;175991;6,135386161;19005;PRE;alla;585794;393390
o;174837;6,132529064;19008;CON;o;174837;410666
stato;171066;6,123059474;18946;VER;essere;294558;314254
anche;167954;6,115086172;19006;ADV;anche;167951;218178
tutti;166194;6,110511188;18939;PRO;tutto;178573;450109
chi;165405;6,108444494;18803;PRO;chi;165405;204599
dei;165323;6,108229139;18993;PRE;di;909634;348937
abbiamo;165202;6,107911164;18789;VER;avere;2620540;270589
molto;163230;6,102695876;18868;ADV;molto;157935;416386
voglio;160713;6,095946945;18707;VER;volere;609883;61015
grazie;160498;6,095365565;18191;NOM;grazia;162780;500564
sta;158396;6,089640186;18846;VER;stare;648668;377275
tuo;154935;6,080045574;18616;PRO;tuo;354834;219162
ok;154748;6,079521086;12178;INT;ok;154748;158703
lui;153870;6,077050011;18427;PRO;lui;153870;217146
beh;153748;6,076705534;15443;INT;beh;153748;410560
allora;152276;6,072527547;18767;ADV;allora;151933;73691
nel;151171;6,069364593;18924;PRE;nel;327676;346858
niente;148460;6,061505616;18622;PRO;niente;74990;215473
sia;148082;6,060398439;18795;VER;essere;3507888;305920
posso;147823;6,059638184;18860;VER;potere;676977;67916
L;0;6,058538011;18824;NUM;L;147449;191410
suo;145196;6,051850878;18493;DET;suo;346935;401092
prima;141982;6,042129583;18945;ADJ;primo;109479;372356
sai;141399;6,040342644;18150;VER;sapere;112886;113977
tua;140557;6,037748803;18504;DET;tuo;354834;284023
qualcosa;139482;6,034414514;18729;PRO;qualcosa;139482;128847
siamo;138603;6,031668998;18698;VER;essere;3507888;104036
stai;137540;6,028325412;18358;VER;stare;648668;435701
Ehi;136010;6,023467268;15527;INT;ehi;124146;152735
sua;135715;6,022524285;18331;DET;suo;346935;401090
dove;134553;6,018789847;18644;ADV;dove;100131;238416
ancora;134351;6,01813737;18899;ADV;ancora;133645;374804
hanno;134281;6,017911035;18378;VER;avere;2620540;472762
già;133685;6,015979163;18383;ADV;già;133685;238894
#;0;6,015504606;2864;NOM;<unknown>;4511888;244730
uno;133401;6,015055575;18753;DET;uno;55714;215702
C;0;6,007356771;18737;NUM;C;129891;213091
casa;129959;6,003702937;17841;NOM;casa;134170;13743
fa;129913;6,003549189;18687;VER;fare;1151883;146201
su;128876;6,000068652;18653;PRE;su;89664;420632
due;127731;5,996192947;18541;NUM;due;127731;483129
vuoi;127599;5,995743909;18161;VER;volere;609883;309408
VERO;126256;5,9911487;18613;ADJ;vero;127049;409164
noi;124740;5,985902456;18406;PRO;noi;124740;69613
davvero;123962;5,983185312;17626;ADV;davvero;123962;296305
dire;123064;5,98002779;18497;VER;dire;636417;474662
perché;119053;5,965637226;6179;CON;perché;79019;219324
delle;114624;5,949172583;18465;PRE;di;909634;173767
pò;0;5,939874479;18249;ADV;pò;112196;117926
quella;112043;5,939281839;18463;PRO;quello;352091;332515
ad;110788;5,934389877;18409;PRE;ad;110788;17965
sto;109067;5,927590584;18208;VER;stare;648668;377281
altro;108511;5,925371002;18573;PRO;altro;69369;348168
andare;107915;5,922979074;18436;VER;andare;641883;236697
|;0;5,921495573;333;NOM;<unknown>;4511888;394302
sempre;107511;5,921350175;18428;ADV;sempre;107508;496925
loro;105806;5,914407635;17571;PRO;loro;105806;177163
quel;104315;5,90824416;18348;DET;quel;104315;199854
forse;103463;5,904682499;18077;ADV;forse;103389;255056
devo;102688;5,901417159;18198;VER;dovere;548096;180270
quindi;102327;5,89988772;16731;ADV;quindi;102315;178134
proprio;98724;5,884320377;18113;ADV;proprio;80609;446798
può;98674;5,884100369;17855;VER;potere;676977;150975
tempo;97360;5,87827826;18232;NOM;tempo;106032;51554
nella;97030;5,876803742;18284;PRE;in;327676;103239
d;0;5,87641417;17472;ABR;d;124323;34939
certo;96918;5,876302159;17951;ADV;certo;87191;54673
fuori;96097;5,872607584;18053;ADV;fuori;90005;285276
andiamo;95281;5,868904099;17115;VER;andare;641883;361736
vita;93718;5,86172088;17730;NOM;vita;93718;173340
anni;93530;5,860848812;17095;NOM;anno;122484;251313
credo;93087;5,858786934;17710;VER;credere;185652;379456
sul;92902;5,857922973;18076;PRE;sul;184467;401095
vi;92450;5,855804847;17098;PRO;vi;85826;229640
poi;92014;5,853751865;17946;ADV;poi;91999;45743
parte;90755;5,847768581;18178;NOM;parte;90526;201100
cose;90355;5,845850231;17942;NOM;cosa;642229;69377
puoi;89357;5,841026674;17836;VER;potere;676977;9078
quanto;89300;5,840749557;18177;ADV;quanto;61429;366623
visto;89168;5,840107131;17819;VER;vedere;328947;121459
dell;89019;5,839380824;17615;PRE;di;4511888;468345
adesso;88523;5,836954264;17195;ADV;adesso;88523;175581
cui;87526;5,832035278;17599;PRO;cui;87526;75187
qualcuno;87244;5,830633781;17795;PRO;qualcuno;87244;11171
voi;86647;5,827651777;16902;PRO;voi;48807;454712
Dio;85525;5,821991395;15794;NOM;dio;82762;381659
volta;85136;5,820011577;18158;NOM;volta;119844;261688
uomo;84459;5,816544311;16410;NOM;uomo;117900;364706
all;0;5,81126753;17763;NOM;<unknown>;4511888;304685
lavoro;83272;5,810397445;16557;NOM;lavoro;83146;288536
ciao;82245;5,80500802;14319;INT;ciao;82245;36186
bisogno;81910;5,803235462;17469;NOM;bisogno;82604;186017
signore;81895;5,803155925;13421;NOM;signore;140860;133605
amico;81626;5,80172707;15575;NOM;amico;82512;321314
ed;80439;5,795365296;17100;CON;e;80439;279669
dopo;79891;5,792396528;17882;ADV;dopo;39402;255561
stata;78220;5,783216598;17286;VER;essere|stare;294558;314253
padre;77591;5,779710181;13559;NOM;padre;78825;283821
sarà;77342;5,778314248;17420;VER;essere;3507888;39831
via;76691;5,774643298;17094;NOM;via;43052;503155
posto;76222;5,771979272;17546;NOM;posto;56701;465328
devi;75949;5,770421013;17172;VER;dovere;548096;190339
nessuno;75264;5,7664863;17548;ADJ;nessuno;81401;421986
fai;73956;5,75887252;16962;VER;fare;1151883;191148
meglio;72806;5,752066371;17552;ADV;meglio;64364;125996
vuole;71661;5,745182159;16705;VER;volere;609883;491809
);0;5,741194399;3695;PON;);71006;463988
li;70968;5,74096192;16371;PRO;li;70968;349983
dal;69836;5,733978809;17489;PRE;da;212534;253645
vedere;69570;5,73232148;17371;VER;vedere;328947;463904
giorno;69439;5,731502947;16919;NOM;giorno;100527;454751
qualche;68885;5,728024202;17303;DET;qualche;68885;10184
(;0;5,727961152;3456;PON;(;68875;498083
sembra;68218;5,723798583;17335;VER;sembrare;108715;197474
dai;68196;5,723658505;16473;VER;dare;212534;253650
modo;68182;5,72356934;17217;NOM;modo;71448;87803
ogni;67974;5,722242451;17164;ADJ;ogni;67974;174369
signor;0;5,719164836;10994;NOM;signore;67494;397800
senza;66088;5,710022415;16929;PRE;senza;54670;168774
dispiace;65661;5,707207341;15957;VER;dispiacere;72103;356010
dobbiamo;64113;5,696846107;16323;VER;dovere;548096;514437
ecco;63961;5,695815269;16681;ADV;ecco;63961;38222
Iì;0;5,690850757;15590;NOM;<unknown>;4511888;515155
penso;62897;5,688530071;16021;VER;pensare;271765;362456
cazzo;61834;5,681127599;6329;NOM;cazzo;62800;265695
vai;61609;5,679544443;15380;VER;andare;32499;177020
ce;61408;5,67812526;16420;PRO;ce;30770;406741
parlare;61321;5,677509545;16447;VER;parlare;204981;302059
dalla;60386;5,670836689;16920;PRE;da;212534;103011
male;60363;5,670671245;16385;ADV;male;23225;373008
tra;60346;5,670548919;16487;PRE;tra;60346;99470
troppo;60144;5,669092764;16893;ADV;troppo;52371;50775
sarebbe;59825;5,666783201;16851;VER;essere;3507888;199191
sulla;59790;5,666529051;16382;PRE;su;184467;304660
favore;59694;5,665831191;15574;NOM;favore;60363;420856
sa;59450;5,664052398;16123;VER;sapere;499632;420644
mamma;59343;5,66327005;11323;NOM;mamma;60023;448423
giusto;58503;5,657078795;16087;ADJ;giusto;69649;128875
avete;58480;5,656908025;15455;VER;avere;2620540;384127
tanto;58477;5,656885745;16408;ADV;tanto;40833;45916
altra;57479;5,649409994;16834;ADJ;altro;123743;348178
nuovo;57478;5,649402438;16663;ADJ;nuovo;87869;466612
successo;57403;5,64883539;16337;NOM;successo;125771;22717
miei;57395;5,648774861;16460;PRO;mio;589991;164485
possiamo;57298;5,648040277;16434;VER;potere;676977;390902
madre;57252;5,647691483;13138;NOM;madre;55749;492091
alle;57175;5,647107003;16279;PRE;a;585794;244400
fosse;56975;5,645585191;16390;VER;essere;3507888;329740
facendo;56649;5,643093149;16434;VER;fare;1151883;125362
aspetta;56344;5,640748618;15684;VER;aspettare;116636;512186
avere;56328;5,640625276;16763;VER;avere;2620540;16163
ragazzi;55930;5,637545819;13463;NOM;ragazzo;100659;306016
s;0;5,633222659;15727;NOM;<unknown>;4511888;396782
aveva;55256;5,632280537;14597;VER;avere;2620540;111483
momento;54589;5,627006329;16355;NOM;momento;58856;406890
deve;54244;5,624252948;16222;VER;dovere;548096;180184
farlo;54195;5,623860468;16337;VER;fare;1151883;354011
abbia;54011;5,622383493;16212;VER;avere;2620540;15459
grande;53135;5,615282093;15523;ADJ;grande;63690;515763
ero;52972;5,613947803;15860;VER;essere;3507888;132800
soldi;52601;5,610895491;11727;NOM;soldo;53768;312423
dice;52403;5,609257672;15607;VER;dire;636417;364266
questi;52372;5,609000686;15975;PRO;questo;701954;16678
tre;0;5,607871462;15199;NUM;tre;52014;99472
prego;51858;5,604717372;14169;VER;pregare;40025;238309
ciò;51810;5,604315209;14161;PRO;ciò;51811;81401
nostro;51436;5,601168865;15561;PRO;nostro;132075;330999
vieni;50895;5,596576886;13808;VER;venire;229884;138838
appena;50877;5,596423265;16197;ADV;appena;50877;333794
tipo;50779;5,595585931;15069;NOM;tipo;51905;509321
gente;50733;5,595192339;14976;NOM;gente;50649;8306
potrebbe;50676;5,594704132;15585;VER;potere;676977;271544
okay;50360;5,59198758;5055;NOM;okay;50358;9128
sapere;50337;5,591789191;15884;VER;sapere;499632;310284
senti;50124;5,58994762;14743;VER;sentire;192280;25497
guarda;50035;5,589175818;14804;VER;guardare;111656;332904
papà;49912;5,588106908;9838;NOM;papà;49912;253249
piace;49869;5,587732603;14902;VER;piacere;116765;188386
persone;49676;5,586048595;14658;NOM;persona;82292;45844
dentro;49315;5,582881078;15383;ADV;dentro;44585;272708
oggi;49190;5,581778886;14988;ADV;oggi;48586;172325
sicuro;48964;5,579778993;15767;ADJ;sicuro;59725;511365
ai;48766;5,578019274;15553;PRE;ai;585794;17968
accordo;48726;5,577662908;13869;NOM;accordo;49702;389455
figlio;48706;5,577484615;11982;NOM;figlio;93034;420352
avevo;48273;5,57360652;15748;VER;avere;2620540;111475
queste;47751;5,5688848;15701;PRO;questo;701954;16670
degli;47748;5,568857515;15431;PRE;di;909634;236853
idea;47582;5,567345054;15524;NOM;idea;52054;284735
siete;47403;5,565708224;14335;VER;essere;3507888;408743
dov;0;5,564019217;14700;NOM;<unknown>;4511888;493353
tutte;46131;5,553895518;15596;ADJ;tutto;217128;117447
forza;45941;5,552103132;13361;NOM;forza;50057;422164
trovato;45823;5,550986231;14412;VER;trovare;165912;409897
nome;45294;5,545943498;14181;NOM;nome;50683;130965
faccio;45253;5,545550207;15023;VER;fare;1151883;191578
avuto;45177;5,544820235;15470;VER;avere;2620540;31650
signora;45011;5,543221545;10755;NOM;signora;140860;133608
caso;44856;5,541723459;14109;NOM;caso;49749;13746
problema;44820;5,541374776;14912;NOM;problema;65598;47108
Ah;44748;5,540676569;12044;INT;ah;41314;508227
altri;44741;5,540608628;15119;PRO;altro;27708;348174
ragazzo;44729;5,540492133;12561;NOM;ragazzo;100659;306018
tutta;44718;5,540385318;15690;ADJ;tutto;217128;450115
donna;44546;5,538711696;12922;NOM;donna;65595;87302
pensi;44474;5,538009191;15094;VER;pensare;271765;362458
faccia;44413;5,537413123;15204;NOM;faccia;24632;191583
preso;44292;5,536228331;15456;VER;prendere;214434;224507
cos;0;5,536189109;15255;NOM;<unknown>;4511888;85111
mondo;43981;5,533168209;13605;NOM;mondo;44585;453558
ragazza;43963;5,532990434;12360;NOM;ragazzo;63584;306011
qua;42949;5,522856403;13798;ADV;qua;42949;463585
notte;42772;5,521062946;13388;NOM;notte;44958;81264
basta;42572;5,519027489;14598;VER;bastare;43839;446655
eh;42530;5,518598828;11952;INT;eh;42530;279665
sentito;42516;5,518455847;15007;VER;sentire;192280;484460
aver;0;5,517433184;15163;VER;avere;2620540;195723
subito;42253;5,515761062;14488;ADV;subito;41191;301847
stare;42168;5,514886537;14913;VER;stare;648668;458027
nostra;42000;5,513152865;14426;DET;nostro;132075;330991
testa;41400;5,506904066;14227;NOM;testa;41312;27886
sotto;40945;5,502104716;14656;PRE;sotto;20743;421799
stesso;40826;5,500840703;15115;ADJ;stesso;81475;301332
ragione;40820;5,500776874;15057;NOM;ragione;43802;413
insieme;40807;5,500638545;14541;ADV;insieme;40807;502849
suoi;40592;5,498344383;14180;DET;suo;346935;82867
capito;39962;5,491551317;14329;VER;capire;130245;382402
volte;39879;5,490648384;14739;NOM;volta;119844;261691
volevo;39794;5,489721743;14218;VER;volere;609883;280278
vado;39575;5,487325132;14185;VER;andare;641883;415591
nulla;39384;5,485224084;13380;PRO;nulla;23272;112668
bella;39354;5,484893151;13677;ADJ;bello;79790;428338
buona;39075;5,481803335;14482;ADJ;buono;56368;22393
tuoi;38921;5,480088383;14432;DET;tuo;354834;72777
avanti;38754;5,478220976;13139;ADV;avanti;31036;440733
stiamo;38734;5,477996795;14325;VER;stare;648668;165482
famiglia;38730;5,477951945;12033;NOM;famiglia;42031;342587
erano;38571;5,476165392;13464;VER;essere;3507888;355087
tesoro;38471;5,475037998;10905;NOM;tesoro;38966;170632
porta;38372;5,473918988;13693;NOM;porta;28091;122844
prendere;38361;5,473794475;14882;VER;prendere;214434;106979
moglie;38338;5,473534015;10630;NOM;moglie;39857;126941
morto;38201;5,471979335;12029;ADJ;morto;96820;236115
dato;37452;5,463379845;14588;VER;dare;158901;145901
pronto;37367;5,462393089;13236;ADJ;pronto;61375;470556
avrei;36771;5,455410486;14304;VER;avere;2620540;193897
serve;36391;5,450899158;13630;VER;servire;63151;286864
cercando;36337;5,450254255;13934;VER;cercare;103013;268833
vorrei;36336;5,450242303;13895;VER;volere;609883;506046
succede;35966;5,445797449;13981;VER;succedere;125771;135456
dici;35767;5,443387891;13983;VER;dire;636417;364268
scusa;35728;5,442914095;13123;NOM;scusa;37409;350285
pensavo;35601;5,44136763;13873;VER;pensare;271765;166449
storia;35396;5,43885969;13014;NOM;storia;40299;495531
bello;34923;5,433017214;12868;ADJ;bello;79790;428333
meno;34567;5,428567488;14204;ADV;meno;34459;16569
dovuto;34520;5,427976602;14079;VER;dovere;548096;290627
stanno;34085;5,422469274;13418;VER;stare;648668;338643
fino;33886;5,419926357;13937;PRE;fino;19804;187682
secondo;33863;5,41963149;13669;ADJ;secondo;26448;348617
D;0;5,419169556;10809;ABR;d;124323;416047
macchina;33792;5,418719983;10451;NOM;macchina;37509;73519
venire;33779;5,41855288;13845;VER;venire;229884;433026
paura;33691;5,417420026;12170;NOM;paura;34480;139889
uomini;33441;5,414185477;10615;NOM;uomo;117900;441249
avrebbe;33438;5,414146516;12861;VER;avere;2620540;452383
letto;33203;5,41108364;12258;NOM;letto;24832;467379
domani;33153;5,410429167;11912;ADV;domani;28699;480370
capo;33050;5,409077839;10234;NOM;capo;34760;85304
capisco;33038;5,408920128;13717;VER;capire;130245;98641
polizia;32918;5,407339868;8566;NOM;polizia;32937;293379
Ià;0;5,403377191;12427;NOM;<unknown>;4511888;503134
persona;32616;5,403337248;13188;NOM;persona;82292;45841
dico;32481;5,401535996;13079;VER;dire;32613;364273
aiuto;32414;5,40063926;12737;NOM;aiuto;37025;182630
amici;32372;5,400076182;12319;NOM;amico;82512;321312
farò;32285;5,398907477;13709;VER;fare;1151883;200508
fratello;32219;5,39801877;8515;NOM;fratello;37863;222578
stavo;32172;5,397384793;13548;VER;stare;648668;361712
abbastanza;32104;5,396465909;13494;ADV;abbastanza;32104;86564
vediamo;32028;5,395436614;13319;VER;vedere;328947;305027
diavolo;31905;5,393765595;11711;NOM;diavolo;32177;491163
nei;31888;5,393534135;13611;PRE;in;327676;346863
facciamo;31506;5,388300287;13194;VER;fare;1151883;291338
presto;31398;5,386809051;12464;ADV;presto;21267;137374
ucciso;31267;5,384993338;9333;VER;uccidere;89873;208800
mentre;31207;5,384159172;13576;CON;mentre;31207;39259
fine;31139;5,383211843;13243;NOM;fine;27472;187685
giorni;31088;5,382499987;12528;NOM;giorno;100527;454749
state;31082;5,382416163;12917;VER;stare;294558;336276
mano;31080;5,382388218;12667;NOM;mano;31080;421064
merda;30973;5,380890528;7304;NOM;merda;31220;349132
amore;30869;5,379429864;9440;NOM;amore;31086;300168
città;30700;5,377045756;10501;NOM;città;30700;136088
buon;30633;5,376096942;12481;ADJ;buono;30633;209687
piano;30598;5,375600468;11694;NOM;piano;32984;500445
nell;0;5,370690392;12949;NOM;<unknown>;4511888;288008
nemmeno;30118;5,368733783;12690;ADV;nemmeno;30118;496742
trovare;30095;5,368402013;13249;VER;trovare;165912;362012
giro;29849;5,36483757;12917;NOM;giro;31376;57545
bambino;29844;5,364764818;8759;NOM;bambino;68410;94931
stati;29760;5,363540754;12295;VER;essere|stare;294558;314259
andato;29702;5,36269355;12785;VER;andare;641883;188443
vedo;29629;5,361624886;13193;VER;vedere;328947;506170
sera;29592;5,361082228;11083;NOM;sera;30748;368212
quelle;29516;5,35996545;12962;PRO;quello;352091;446554
morte;29450;5,35899328;10629;NOM;morte;27241;236125
piacere;29377;5,357915461;11692;VER;piacere;116765;382141
<;0;5,357604907;380;NOM;<unknown>;4511888;123819
far;0;5,356330794;13182;VER;fare;1151883;191138
primo;29251;5,356048799;12514;ADJ;primo;109479;170388
anno;28954;5,351616804;11239;NOM;anno;122484;251299
neanche;28937;5,351361747;12255;ADV;neanche;28937;183972
dall;0;5,35125668;12827;NOM;<unknown>;4511888;337781
vostro;28923;5,351151587;9829;PRO;vostro;72428;221605
comunque;28859;5,350189561;12859;ADV;comunque;28859;197317
bel;28820;5,34960228;12850;ADJ;bello;28820;410563
tornare;28722;5,348123033;12774;VER;tornare;92785;116192
vedi;28661;5,347199726;12553;VER;vedere;328947;169899
nessun;28541;5,345377636;12963;ADJ;nessuno;81401;403209
pensato;28467;5,344250192;12751;VER;pensare;271765;118537
quasi;28304;5,341756394;13030;ADV;quasi;28304;174121
mie;28032;5,337562811;12754;PRO;mio;589991;107883
quale;27980;5,336756466;12653;PRO;quale;34933;427769
giù;27840;5,334578065;11016;ADV;giù;27840;370174
t;0;5,333234466;10723;VER;<unknown>;1069550;102200
minuti;27405;5,327738888;10989;NOM;minuto;32053;259495
dovrebbe;27331;5,326564646;12737;VER;dovere;548096;156835
contro;27158;5,323807009;11301;PRE;contro;13932;421876
dollari;27132;5,323391049;7831;NOM;dollaro;28980;81390
punto;27046;5,322012335;12139;NOM;punto;32072;453617
scusi;27042;5,321948103;10056;VER;scusare;63193;489332
finito;27011;5,321449975;12794;VER;finire;80815;102673
felice;26829;5,318513907;11160;ADJ;felice;31723;278108
quei;26774;5,317622714;12073;DET;quel;26774;199850
credi;26757;5,317346884;11897;VER;credere;185652;379457
ore;26753;5,317281957;11363;NOM;ora;33723;299878
veramente;26555;5,314055894;10938;ADV;veramente;26555;41695
stessa;26501;5,313171884;12495;ADJ;stesso;81475;301324
dovrei;26441;5,312187535;12568;VER;dovere;548096;280304
strada;26412;5,311710966;11317;NOM;strada;30189;198165
terra;26304;5,30993154;9433;NOM;terra;27437;227856
indietro;26223;5,308592171;11059;ADV;indietro;26223;295220
sento;26218;5,308509358;11833;VER;sentire;192280;153179
Salve;26126;5,30698278;10258;INT;salve;25452;285920
migliore;26073;5,306100896;12282;ADJ;migliore;37963;133400
andata;25925;5,303628751;11781;VER;andare;641883;188438
chiesto;25799;5,30151294;11928;VER;chiedere;99913;277317
dovresti;25774;5,301091908;12009;VER;dovere;548096;20733
col;25744;5,300586131;11385;PRE;col;32645;513114
settimana;25731;5,300366777;11024;NOM;settimana;39148;97721
figlia;25670;5,299336021;7862;NOM;figlia;93034;414009
invece;25648;5,298963672;11899;ADV;invece;25648;357127
sue;25596;5,298082303;11415;ADJ;suo;346935;401086
mani;25593;5,2980314;11272;NOM;mano;25593;421059
occhi;25564;5,297539031;11362;NOM;occhio;36740;79144
almeno;25450;5,295598085;12572;ADV;almeno;25450;80253
colpa;25388;5,29453883;11352;NOM;colpa;25784;468053
uscire;25342;5,293751258;11542;VER;uscire;67981;486097
perso;25288;5,292824891;12079;VER;perdere;68537;34240
verità;25281;5,292704661;10592;NOM;verità;25281;338032
scuola;25238;5,291965378;8031;NOM;scuola;26228;475840
piccolo;25207;5,291431625;11344;ADJ;piccolo;51633;57647
sola;25168;5,290759195;11589;ADJ;solo;65080;381376
anch;0;5,288354084;11376;NOM;<unknown>;4511888;506624
passato;25010;5,288024291;12051;VER;passare;65203;24839
stasera;24998;5,287815871;9541;ADV;stasera;24998;52426
chiama;24955;5,287068211;11544;VER;chiamare;133592;363326
tardi;24882;5,285795974;11735;ADJ;tardo;20823;86243
vostra;24808;5,284502493;9122;PRO;vostro;72428;221607
stava;24706;5,28271325;10789;VER;stare;648668;361713
nostri;24677;5,282203194;11020;PRO;nostro;132075;330998
importante;24660;5,281903918;11852;ADJ;importante;28724;67620
sangue;24515;5,279342847;8528;NOM;sangue;18613;289674
significa;24445;5,278101042;11391;VER;significare;29587;434111
riesco;24381;5,276962561;11908;VER;riuscire;84728;278681
bambini;24260;5,274801932;8521;NOM;bambino;68410;94934
potrei;24255;5,274712418;11868;VER;potere;676977;176819
però;24225;5,274174947;9515;ADV;però;24225;380090
viene;24098;5,271892256;11723;VER;venire;229884;138836
parlando;24097;5,271874234;11573;VER;parlare;204981;4392
nelle;24079;5,271549717;11895;PRE;in;327676;103240
parlato;24020;5,270484318;11174;VER;parlare;204981;445721
ultima;24010;5,270303482;12047;ADJ;ultimo;46197;298479
possibile;23972;5,26961562;11513;ADJ;possibile;25275;402227
importa;23945;5,269126213;11399;VER;importare;27313;256813
eri;23932;5,268890375;11338;VER;essere;3507888;132801
numero;23898;5,268272964;9694;NOM;numero;28215;279832
quelli;23871;5,26778204;11594;PRO;quello;352091;418714
ascolta;23838;5,267181268;10614;VER;ascoltare;55142;445957
sapevo;23789;5,266287676;11646;VER;sapere;499632;233364
cuore;23767;5,265885873;9683;NOM;cuore;25370;123999
messo;23672;5,264146532;12014;VER;mettere;124577;248194
venuto;23625;5,263283434;11281;VER;venire;229884;215427
auto;23532;5,261570529;6928;NOM;auto;23532;152009
marito;23271;5,256726943;7736;NOM;marito;23919;326341
chiamato;23241;5,256166731;10931;VER;chiamare;133592;288011
lasciato;23232;5,255998527;11558;VER;lasciare;153939;145791
ricordi;23176;5,254950455;10944;NOM;ricordo;24831;241993
[;0;5,254763033;7158;PON;[;23166;222860
magari;23076;5,253072584;10391;ADV;magari;23076;416443
];0;5,253053765;7158;PON;];23075;296016
spero;22995;5,251545534;11445;VER;sperare;36576;119794
pensa;22727;5,246454455;11258;VER;pensare;271765;362452
lascia;22710;5,246129492;11424;VER;lasciare;153939;35976
fanno;22639;5,244769657;11233;VER;fare;1151883;201236
film;22626;5,244520211;5993;NOM;film;22753;235873
roba;22573;5,243501755;9834;NOM;roba;22809;404614
entrare;22463;5,241380325;10948;VER;entrare;59544;298113
possa;22457;5,241264312;11573;VER;potere;676977;67924
dietro;22371;5,239598045;11012;ADV;dietro;14684;91959
ieri;22347;5,239131897;10013;ADV;ieri;22298;137194
pensare;22324;5,238684702;11592;VER;pensare;271765;262744
nessuna;22307;5,23835387;11530;PRO;nessuno;44716;421990
altre;22305;5,238314932;11238;ADJ;altro;69369;348175
fatta;22294;5,238100711;11422;VER;fare;1151883;393747
dicendo;22253;5,237301318;11034;VER;dire;636417;460753
acqua;22228;5,23681316;8800;NOM;acqua;23799;412084
stanza;22215;5,236559101;9436;NOM;stanza;24120;108977
piccola;22087;5,234049628;10325;ADJ;piccolo;51633;57644
difficile;22000;5,232335655;11331;ADJ;difficile;24219;14838
serio;21995;5,232236945;10598;ADJ;serio;13595;253260
portato;21959;5,23152557;11512;VER;portare;115105;442787
cioè;21955;5,231446456;9247;ADV;cioè;21955;217673
sentire;21933;5,231011073;11272;VER;sentire;192280;340359
prendi;21806;5,228489158;10514;VER;prendere;214434;142687
fossi;21784;5,228050799;11546;VER;essere;3507888;54656
qualsiasi;21780;5,227971049;10877;ADJ;qualsiasi;21780;264462
forte;21771;5,22779156;10583;ADJ;forte;24161;278720
1;0;5,226252889;7805;NUM;@card@;412838;239150
bravo;21552;5,223400963;9629;ADJ;bravo;36966;311761
cinque;0;5,222170066;9743;NUM;cinque;20589;476568
vicino;21440;5,221138271;10934;ADJ;vicino;24347;291033
dovremmo;21436;5,221057242;10902;VER;dovere;548096;303088
sacco;21288;5,218048496;10458;NOM;sacco;22035;10784
dottore;21209;5,216433903;6377;NOM;dottore;48463;451844
corpo;21105;5,214299168;8855;NOM;corpo;24253;129590
amo;21095;5,214093351;8467;VER;amare;46084;328485
vecchio;21089;5,213969814;9495;ADJ;vecchio;35316;138899
fantastico;21066;5,21349593;9348;ADJ;fantastico;28024;414653
donne;21049;5,213145335;8389;NOM;donna;65595;87300
agente;21038;5,212918328;5885;NOM;agente;16619;405717
potuto;21019;5,212525946;10890;VER;potere;676977;404023
andando;20915;5,210371868;10802;VER;andare;641883;395974
probabilmente;20858;5,209186718;10590;ADV;probabilmente;20858;392103
stia;20793;5,207831274;11144;VER;stare;648668;138821
problemi;20778;5,207517877;10483;NOM;problema;65598;47103
poco;20741;5,206743864;10649;ADV;poco;16641;105743
quattro;0;5,206534435;9642;NUM;quattro;18906;415666
genere;20639;5,204602927;10779;NOM;genere;20639;372346
voleva;20567;5,203085298;9870;VER;volere;609883;280279
www;0;5,20259938;11448;NOM;<unknown>;4511888;153551
tue;20421;5,199991506;10805;DET;tuo;354834;219166
morire;20394;5,199416944;9300;VER;morire;96820;56348
dare;20338;5,198222831;11160;VER;dare;158901;98202
qual;20264;5,196639842;10671;ADJ;qual;20264;295939
verso;20097;5,193046076;9799;PRE;verso;16039;457931
foto;20043;5,191877628;7679;NOM;foto;20043;8399
parla;20041;5,191834292;10121;VER;parlare;204981;291375
farà;19995;5,190836362;10829;VER;fare;1151883;200495
strano;19982;5,190553923;10063;ADJ;strano;25680;437783
2;0;5,18920437;7843;NUM;@card@;412838;275851
quell;0;5,188920866;10589;NOM;<unknown>;4511888;297664
ufficio;19782;5,186185385;8055;NOM;ufficio;20698;163657
pare;19760;5,185702153;10220;VER;parere;17314;300971
capire;19725;5,184932263;10692;VER;capire;130245;9826
festa;19723;5,184888228;6750;NOM;festa;22267;312120
paio;19693;5,184227168;10072;NOM;paio;19812;219028
ragazze;19621;5,182636506;7260;NOM;ragazza;63584;306013
telefono;19611;5,182415119;8368;NOM;telefono;20484;490323
cosi;19582;5,181772458;2535;ADV;così;18152;417698
conosco;19572;5,18155063;10555;VER;conoscere;92248;154585
guerra;19555;5,181173263;5994;NOM;guerra;20553;81085
domanda;19533;5,180684418;9770;NOM;domanda;30848;172811
mesi;19526;5,180528761;9319;NOM;mese;19526;221875
capitano;19468;5,179236879;3951;NOM;capitano;19330;402412
ben;19467;5,179214572;7937;ADV;ben;19467;410562
conto;19458;5,179013752;10034;NOM;conto;19396;478503
prova;19358;5,176776154;10075;NOM;prova;24965;295693
n;0;5,17603521;9453;ABR;n;19325;444643
farti;19304;5,17556304;10612;VER;fare;1151883;162509
realtà;19240;5,174120874;9593;NOM;realtà;19240;216904
sappiamo;19212;5,173488417;9623;VER;sapere;499632;319442
3;0;5,173058725;8252;NUM;@card@;412838;355907
Traduzione;19083;5,170562642;12049;NOM;traduzione;19551;187080
squadra;19032;5,169400482;6678;NOM;squadra;20154;162179
vivere;19003;5,168738256;9401;VER;vivere;39609;246540
senso;18999;5,168646835;10126;NOM;senso;20655;470477
5;0;5,168349585;8299;NUM;@card@;412838;384887
attimo;18967;5,167914775;9710;NOM;attimo;19060;274489
pure;18942;5,167341994;9546;ADV;pure;15240;347965
unica;18941;5,167319067;10592;ADJ;unico;37133;423471
perdere;18938;5,167250278;10415;VER;perdere;68537;340507
sarò;18907;5,166538828;10396;VER;essere;3507888;39841
nuova;18819;5,164512853;9559;ADJ;nuovo;87869;215530
vista;18780;5,163611947;9982;NOM;vista;13703;215269
piedi;18695;5,161641934;9600;NOM;piede;23465;129830
mezzo;18687;5,16145606;9918;NOM;mezzo;13124;94015
fate;18661;5,160851419;9192;VER;fare;1151883;152534
divertente;18536;5,157932684;9090;ADJ;divertente;19457;191405
esattamente;18527;5,157721776;10093;ADV;esattamente;18527;512453
ricordo;18460;5,156148457;9332;NOM;ricordo;24831;241990
avessi;18396;5,154640243;10348;VER;avere;2620540;62413
signorina;18379;5,154238741;6107;NOM;signorina;19116;141760
sopra;18348;5,153505635;9861;ADV;sopra;9936;401292
10;0;5,148961246;8425;NUM;@card@;412838;494296
dimmi;18157;5,148961246;9782;VER;dire;636417;287740
quest;0;5,148147288;9589;NOM;<unknown>;4511888;503878
sorella;18034;5,146009381;6402;NOM;sorella;16823;462959
parola;17837;5,141239394;9296;NOM;parola;31554;237915
Jack;0;5,139995939;2325;NOM;jack;17912;282586
farmi;17760;5,139360649;10302;VER;fare;1151883;377868
sicura;17686;5,13754741;9509;ADJ;sicuro;59725;511362
possono;17667;5,137080625;9770;VER;potere;676977;15110
gioco;17625;5,136047;8383;NOM;gioco;21380;453579
figli;17543;5,134021853;7614;NOM;figlio;93034;376839
unico;17466;5,132111555;10002;ADJ;unico;37133;423477
spiace;17422;5,131016171;8103;VER;spiacere;18021;392990
resto;17417;5,130891521;10037;NOM;resto;19779;40245
puttana;17412;5,130766834;6391;NOM;puttana;19409;486611
credere;17402;5,130517355;9980;VER;credere;185652;385293
pistola;17382;5,130017965;5494;NOM;pistola;19654;470994
fortuna;17318;5,128416047;9348;NOM;fortuna;17547;392792
dammi;17261;5,126984347;8659;VER;dare;1069550;98698
John;0;5,126984347;3374;NPR;John;17261;371415
sapete;17256;5,126858533;8739;VER;sapere;499632;185169
volete;17253;5,126783028;8719;VER;volere;609883;328057
finita;17151;5,124208002;9409;VER;finire;80815;102721
lavorare;17025;5,121005863;8772;VER;lavorare;53195;460923
mente;17014;5,120725188;9281;NOM;mente;16650;320765
m;0;5,120342156;9191;NOM;<unknown>;4511888;363219
avevi;16920;5,11831926;9702;VER;avere;2620540;111477
dottor;0;5,117265677;4276;NOM;dottore;48463;289800
chiamo;16875;5,117162751;9248;VER;chiamare;133592;363328
potresti;16853;5,116596224;9565;VER;potere;676977;308413
dica;16810;5,115486783;8742;VER;dire;9760;364264
culo;16798;5,115176664;6614;NOM;culo;17289;484627
mangiare;16714;5,112999615;8414;VER;mangiare;42515;120023
siano;16698;5,112583699;9736;VER;essere;3507888;127870
possibilità;16608;5,110236719;9197;NOM;possibilità;16608;404366
controllo;16577;5,10942537;8220;NOM;controllo;18353;478985
fuoco;16570;5,109241952;7067;NOM;fuoco;17539;127093
motivo;16564;5,109084675;9527;NOM;motivo;18898;168853
morta;16542;5,108507504;7455;VER;morire;96820;236121
passare;16540;5,108454996;9645;VER;passare;65203;72546
finchè;16440;5,105821464;8452;CON;finchè;16440;82462
affari;16384;5,10433968;7589;NOM;affare;20880;295985
fu;16372;5,104021496;5897;VER;essere;3507888;215766
quanti;16266;5,101200701;9053;PRO;quanto;43714;366624
perfetto;16125;5,09741989;8797;ADJ;perfetto;16859;18156
avresti;16109;5,096988775;9341;VER;avere;2620540;301697
esatto;16088;5,096422286;8888;ADJ;esatto;16457;497683
cena;16067;5,095855057;7301;NOM;cena;16165;136300
tizio;15889;5,091017132;7156;NOM;tizio;18668;3557
tratta;15860;5,090223799;8797;VER;trattare;28375;467019
facile;15858;5,090169033;9276;ADJ;facile;17118;89699
dalle;15843;5,089758068;9206;PRE;da;212534;103014
davanti;15774;5,087862602;8932;PRE;davanti;8529;272695
ultimo;15706;5,085986478;9132;ADJ;ultimo;46197;298485
Buongiorno;15701;5,085848207;5863;NOM;buongiorno;15702;290541
sarei;15688;5,085488497;9445;VER;essere;3507888;422512
fammi;15536;5,0812604;8848;VER;fare;1151883;13899
molti;15523;5,080896868;8590;DET;molto;23816;416388
cercare;15504;5,080365005;9273;VER;cercare;103013;512883
vogliono;15502;5,080308981;8470;VER;volere;609883;107113
vada;15426;5,078174714;8731;VER;andare;641883;415586
vivo;15293;5,07441432;8387;ADJ;vivo;23536;125479
Sam;0;5,073760712;2088;NOM;<unknown>;4511888;359290
uccidere;15270;5,073760712;7072;VER;uccidere;89873;85710
saranno;15258;5,073419307;8865;VER;essere;3507888;257252
potremmo;15226;5,072507582;8864;VER;potere;676977;264288
Bè;0;5,071993894;1988;NPR;Bè;15208;443689
andrà;15184;5,071308031;8794;VER;andare;641883;56232
sicurezza;15141;5,070076476;6601;NOM;sicurezza;15158;165303
attenzione;15069;5,068006487;8304;NOM;attenzione;15768;402251
voglia;15031;5,066910001;9108;NOM;voglia;609883;61006
mettere;15009;5,066273927;9315;VER;mettere;124577;187169
faremo;15000;5,066013445;8843;VER;fare;1151883;63918
ricevuto;14924;5,063807574;7786;VER;ricevere;25783;444401
agli;14921;5,06372027;8739;PRE;agli;585794;80468
*;0;5,062554535;1530;SYM;*;14881;500806
4;0;5,062291812;7140;NUM;@card@;412838;348521
genitori;14857;5,061853588;6492;NOM;genitore;16152;76327
entrambi;14803;5,060272311;8589;ADJ;entrambi;19527;255698
causa;14778;5,059538283;7720;NOM;causa;15789;200714
mandato;14714;5,057653501;7995;NOM;mandato;36513;350009
pace;14704;5,057358263;7373;NOM;pace;14714;169102
sulle;14672;5,056412152;8741;PRE;su;184467;304663
bere;14652;5,055819784;7670;VER;bere;31940;510158
paese;14631;5,055196927;6158;NOM;paese;15931;221509
vogliamo;14600;5,054275835;8349;VER;volere;609883;225444
capisci;14577;5,05359118;8049;VER;capire;130245;98645
succedendo;14560;5,053084436;8150;VER;succedere;125771;32148
matrimonio;14545;5,052636818;5094;NOM;matrimonio;15519;404981
tieni;14512;5,05165043;8216;VER;tenere;79315;23765
negli;14500;5,051291187;8745;PRE;in;327676;273131
andate;14495;5,051141415;7719;VER;andare;641883;188439
buono;14467;5,050301734;7975;ADJ;buono;56368;134597
libro;14462;5,050151621;4980;NOM;libro;19958;362210
potete;14410;5,048587353;8170;VER;potere;676977;436651
dicono;14398;5,048225566;8316;VER;dire;636417;500047
cura;14338;5,046412099;7557;NOM;cura;15486;420841
vuol;14317;5,045775592;8226;VER;volere;609883;309409
sesso;14303;5,045350736;5385;NOM;sesso;14424;294105
the;0;5,044682263;5443;NOM;the;14281;473027
ospedale;14272;5,0444085;5910;NOM;ospedale;15134;343134
smettila;14157;5,040895142;7542;VER;smettere;39551;96955
vede;14121;5,039789442;7922;VER;vedere;328947;169890
avesse;14121;5,039789442;8343;VER;avere;2620540;62421
sbagliato;14109;5,039420248;8240;VER;sbagliare;19439;382869
scritto;14105;5,039297114;7471;VER;scrivere;35110;194201
lasciare;14080;5,038526733;8760;VER;lasciare;153939;98094
arrivato;14065;5,038063847;8568;VER;arrivare;85743;176666
perciò;14045;5,037445898;6858;ADV;perciò;14045;195278
torna;14041;5,037322203;8018;VER;tornare;92785;347760
prossima;14019;5,036641248;8513;ADJ;prossimo;26921;414177
nostre;13962;5,034871972;7861;DET;nostro;132075;330994
signori;13954;5,034623075;6286;NOM;signore;140860;133603
fra;13942;5,034249462;6946;PRE;fra;13942;262282
sui;13941;5,034218313;8432;PRE;su;184467;401098
durante;13927;5,033781992;8298;PRE;durante;12836;218203
farai;13871;5,032032314;8546;VER;fare;1151883;148355
cavolo;13867;5,031907067;7247;NOM;cavolo;15356;226072
20;0;5,029457501;7348;NUM;@card@;412838;429932
lungo;13771;5,028890248;8277;ADJ;lungo;20172;234066
portare;13769;5,028827175;8733;VER;portare;115105;384235
sull;0;5,028069574;7995;NOM;<unknown>;4511888;154211
-;0;5,027879967;1627;PON;-;13739;40794
:;0;5,027310649;6454;PON;:;13721;51060
situazione;13719;5,027247346;7894;NOM;situazione;14848;32618
parole;13717;5,027184033;7598;NOM;parola;31554;237913
arrivare;13713;5,027057379;8553;VER;arrivare;85743;320602
piuttosto;13709;5,026930689;8322;ADV;piuttosto;13709;277926
aria;13691;5,026360125;7436;NOM;aria;13964;345833
inizio;13690;5,026328405;8409;NOM;inizio;14732;366581
entra;13688;5,026264958;8076;VER;entrare;59544;253056
omicidio;13681;5,02604282;4608;NOM;omicidio;13681;107671
New;0;5,025439303;4696;NPR;New;13662;284230
ottimo;13631;5,024452812;7905;ADJ;ottimo;15042;378091
aspettare;13591;5,0231766;8363;VER;aspettare;116636;213738
dirmi;0;5,023112691;8518;VER;dire;636417;104078
stupido;13584;5,022952877;7701;ADJ;stupido;19680;312341
voluto;13542;5,021608113;8444;VER;volere;609883;107691
cane;13494;5,020066123;4936;NOM;cane;18558;267098
fatti;13490;5,019937377;8157;VER;fare;1151883;393741
eravamo;13482;5,019679769;7999;VER;essere;3507888;216893
chiunque;13470;5,01929307;8186;PRO;chiunque;13470;292073
molte;13460;5,018970559;8125;ADJ;molto;23816;416390
0;0;5,018970559;4398;NUM;@card@;412838;169393
diventare;13449;5,018615519;8094;VER;diventare;46915;299440
dormire;13419;5,01764575;7071;VER;dormire;30760;218725
settimane;13417;5,017581022;7436;NOM;settimana;39148;97724
Wow;13335;5,014918821;6253;INT;wow;4511888;282699
minuto;13322;5,014495262;7915;ADJ;minuto;8826;259497
alcuni;13276;5,01299319;7857;PRO;alcuno;34001;8315
avvocato;13262;5,012535004;4316;NOM;avvocato;15987;103546
immagino;13257;5,012371249;7864;VER;immaginare;26564;169358
re;13237;5,011715611;3063;NOM;re;13237;484878
guardare;13227;5,011387421;8252;VER;guardare;111656;349232
dieci;0;5,011288915;7123;NUM;dieci;10474;73505
provato;13219;5,01112469;8305;VER;provare;60980;108387
scelta;13219;5,01112469;7879;NOM;scelta;12090;106170
dello;13147;5,00875293;7472;PRE;del;909634;173763
assolutamente;13140;5,00852165;8029;ADV;assolutamente;13140;333470
Presidente;13133;5,008290246;3022;NOM;presidente;13152;471969
campo;13122;5,007926363;6192;NOM;campo;15133;20781
sarai;13119;5,007827069;8165;VER;essere;3507888;326813
chiedo;13103;5,007297119;8008;VER;chiedere;99913;393698
prigione;13100;5,007197681;5503;NOM;prigione;13516;414511
sig;13080;5,00653418;1821;ABR;signore;4511888;305922
luce;13035;5,005037586;6428;NOM;luce;15959;282686
gran;13034;5,00500427;7515;ADJ;grande;13034;362249
parli;12996;5,003736353;8073;VER;parlare;204981;392472
cerca;12990;5,003535817;8208;VER;cercare;103013;245532
venuta;12978;5,003134467;7650;VER;venire;229884;215438
giornata;12977;5,003101004;7707;NOM;giornata;13647;86036
benissimo;12960;5,002531745;7368;ADV;benissimo;12960;238889
giovane;12901;5,000550272;6960;ADJ;giovane;14892;336208
amica;12893;5,0002809;6421;NOM;amico;82512;321320
bagno;12889;5,000146152;6705;NOM;bagno;13758;331649
tornato;12879;4,999809097;7423;VER;tornare;92785;260395
onore;12849;4,998796362;5040;NOM;onore;13119;411733
\\;0;4,998221429;950;NOM;<unknown>;4511888;259753
conosci;12828;4,998086039;7816;VER;conoscere;92248;154579
scoperto;12823;4,997916744;7724;VER;scoprire;35725;303418
prendo;12755;4,995607745;7834;VER;prendere;214434;142686
deciso;12752;4,995505594;8011;VER;decidere;25516;177767
chiamare;12698;4,993662758;7877;VER;chiamare;133592;431570
caffè;12605;4,990470537;5816;NOM;caffè;12605;230581
nave;12547;4,988467744;2497;NOM;nave;15287;502907
usare;12538;4,988156137;8036;VER;usare;48691;416976
cielo;12511;4,98721997;6563;NOM;cielo;13484;144865
qualunque;12493;4,986594736;7540;ADJ;qualunque;12493;72529
uh;0;4,985864157;3116;INT;uh;12472;293437
restare;12459;4,985411277;7482;VER;restare;38155;349276
morti;12443;4,984853237;6252;NOM;morto;6872;236113
lontano;12434;4,984539024;7468;ADJ;lontano;17322;442061
messaggio;12415;4,983874938;6463;NOM;messaggio;15260;439150
pensando;12385;4,98282431;7763;VER;pensare;271765;23594
bambina;12385;4,98282431;4969;NOM;bambino;68410;94930
dirlo;12358;4,981876567;8152;VER;dire;636417;331388
continua;12324;4,980680162;7823;VER;continuare;33215;293304
fretta;12316;4,980398176;7722;NOM;fretta;12316;430019
capelli;12309;4,980151287;6424;NOM;capello;12924;167628
saperlo;12300;4,979833653;8046;VER;sapere;499632;36284
credevo;12299;4,979798346;7313;VER;credere;185652;481669
trova;12295;4,979657089;7625;VER;trovare;165912;443453
passo;12284;4,979268395;6898;NOM;passo;13749;498017
voce;12277;4,979020863;6744;NOM;voce;12277;247402
idiota;12270;4,97877319;6672;ADJ;idiota;9148;74933
com;0;4,977603683;7722;NOM;<unknown>;4511888;85127
circa;12222;4,977071046;7138;ADV;circa;11652;158242
preoccuparti;12182;4,975647479;7569;VER;preoccuparsi;43338;285722
cara;12182;4,975647479;5139;ADJ;caro;19323;37566
alto;12156;4,974719651;7128;ADJ;alto;21342;186251
aspetto;12132;4,973861432;7674;NOM;aspetto;19116;411920
giocare;12131;4,973825636;6456;VER;giocare;27555;70886
domande;12128;4,97371823;6978;NOM;domanda;30848;53591
provare;12052;4,970988391;7848;VER;provare;60980;252543
avrà;12020;4,969833832;7656;VER;avere;2620540;507839
incidente;11987;4,968639969;5872;NOM;incidente;10862;21220
pronti;11985;4,968567508;6443;ADJ;pronto;61375;470559
gruppo;11966;4,967878525;5838;NOM;gruppo;13536;136538
solito;11917;4,966096615;7849;ADJ;solito;9734;261653
arrivo;11903;4,965586153;7373;NOM;arrivo;12246;315916
piacerebbe;11899;4,965440196;7245;VER;piacere;116765;59754
ordine;11897;4,965367199;6223;NOM;ordine;18897;100969
Revisione;11894;4,965257681;10562;NOM;revisione;11980;261983
odio;11887;4,965002031;6788;VER;odiare;16947;211778
bocca;11851;4,963684877;6935;NOM;bocca;12127;130806
Hey;0;4,96317157;1651;NOM;<unknown>;4511888;488318
semplice;11834;4,963061497;7577;ADJ;semplice;13264;357599
poter;0;4,962363717;7959;VER;potere;676977;237574
Michael;0;4,960891031;1997;NPR;Michael;11775;163182
prove;11766;4,960558988;5323;NOM;prova;24965;295694
funziona;11742;4,959672295;7189;VER;funzionare;27030;13126
chiaro;11695;4,957930594;7002;ADJ;chiaro;13981;387383
sistema;11693;4,957856324;5338;NOM;sistema;13620;42316
camera;11686;4,957596278;5980;NOM;camera;12815;7165
permesso;11680;4,957373258;6905;NOM;permesso;4367;71837
allo;11680;4,957373258;7428;PRE;al;585794;496601
armi;11664;4,956777977;4486;NOM;arma;11606;250432
Oddio;11642;4,955958132;5576;INT;oddio;4511888;15261
aiutare;11607;4,954650634;7257;VER;aiutare;72590;59846
crede;11599;4,954351224;6775;VER;credere;185652;379459
oltre;11579;4,953601794;7280;ADV;oltre;10386;165384
mattina;11528;4,951684874;7029;NOM;mattina;11919;201840
viaggio;11502;4,950704354;6261;NOM;viaggio;13090;266148
speciale;11501;4,950666598;6758;ADJ;speciale;14216;315777
dirti;11454;4,948888328;7305;VER;dire;636417;388944
riguardo;11421;4,94763539;6947;NOM;riguardo;11046;64515
chiami;11418;4,947521307;7200;VER;chiamare;133592;116133
generale;11356;4,94515686;3601;ADJ;generale;11089;415360
cibo;11354;4,945080373;5915;NOM;cibo;11594;12384
devono;11352;4,945003872;7250;VER;dovere;548096;365781
soltanto;11341;4,944582877;6025;ADV;soltanto;11339;5590
cambiare;11340;4,944544585;7080;VER;cambiare;39212;35320
dovete;11299;4,942971678;6569;VER;dovere;548096;395393
insomma;11292;4,942702562;5653;ADV;insomma;11292;78048
Tom;0;4,940968542;2111;NOM;<unknown>;4511888;433923
arriva;11235;4,940504965;7052;VER;arrivare;85743;315926
brava;11226;4,940156957;6447;ADJ;bravo;36966;311759
specie;11220;4,939924797;6795;NOM;specie;8073;420166
resta;11216;4,939769954;6736;VER;restare;38155;40248
intenzione;11205;4,939343852;6832;NOM;intenzione;12829;459405
finalmente;11203;4,939266335;7216;ADV;finalmente;11203;304428
colpo;11189;4,938723321;6393;NOM;colpo;14440;422110
vostri;11186;4,938606872;6344;DET;vostro;72428;221602
metti;11182;4,938451559;6906;VER;mettere;124577;175689
occhio;11176;4,938218485;6657;NOM;occhio;36740;127230
cercato;11156;4,937440667;7302;VER;cercare;103013;43047
fondo;11138;4,936739438;6987;NOM;fondo;13477;314353
musica;11133;4,936544451;4549;NOM;musica;9437;256589
futuro;11122;4,936115172;5725;NOM;futuro;10100;404506
milioni;11092;4,934942247;4404;NOM;milione;15380;20060
pazzo;11077;4,934354595;5984;ADJ;pazzo;12982;427898
Natale;11077;4,934354595;2973;NOM;natale;10719;500945
finire;11033;4,932626214;7442;VER;finire;80815;45450
lasci;11021;4,932153641;6852;VER;lasciare;153939;263803
mese;11018;4,932035417;6518;NOM;mese;11018;221883
vera;11007;4,931601655;6812;ADJ;VERO;127049;81748
chiamata;10994;4,931088468;6591;NOM;chiamata;9943;288018
ve;10986;4,930772359;6686;PRO;voi;7705;229636
vanno;10979;4,930495574;7096;VER;andare;641883;477919
Gesù;0;4,928632582;4109;NPR;Gesù;4511888;295390
venga;10929;4,928513396;6648;VER;venire;229884;339829
vecchia;10916;4,927996545;6547;ADJ;vecchio;35316;138906
fermo;10904;4,927518904;5802;ADJ;fermo;19247;97324
grado;10903;4,927479077;6640;NOM;grado;13168;509624
aspetti;10876;4,926402363;6548;NOM;aspetto;19116;84950
semplicemente;10824;4,924321139;6646;ADV;semplicemente;10824;63896
Cristo;10767;4,922028281;4192;NOM;cristo;10785;212845
venite;10756;4,921584403;5272;VER;venire;229884;302187
carino;10753;4,921463266;6322;ADJ;carino;19217;203347
dirò;10748;4,921261297;7043;VER;dire;636417;474585
York;0;4,920290535;3753;NPR;York;10724;107957
grandi;10681;4,918545808;6427;ADJ;grande;63690;515767
prossimo;10657;4,91756895;6741;ADJ;prossimo;26921;421418
pronta;10651;4,917324392;6659;ADJ;pronto;61375;470554
zitto;10646;4,917120488;5513;ADJ;zitto;15572;117184
torno;10630;4,916467353;6836;NOM;torno;8772;347759
piacciono;10577;4,914296797;6568;VER;piacere;116765;344804
laggiù;10568;4,913927132;6190;ADV;laggiù;10568;491637
lasciami;10566;4,913844942;5744;VER;lasciare;153939;227952
sogno;10550;4,913186857;5217;NOM;sogno;16674;29429
Ia;0;4,912486548;405;NPR;Ia;10533;515228
faceva;10496;4,910958432;6497;VER;fare;1151883;310087
appuntamento;10491;4,910751516;5275;NOM;appuntamento;11998;67312
completamente;10475;4,910088724;6978;ADV;completamente;10475;236304
scusami;10469;4,909839916;6509;VER;scusare;63193;496032
stronzo;10459;4,909424919;4277;NOM;stronzo;14743;56432
verrà;10455;4,909258809;6866;VER;venire;229884;20397
occhiata;10439;4,908593733;6722;NOM;occhiata;10126;248352
6;0;4,907885972;5309;NUM;@card@;412838;421608
pezzo;10404;4,907135319;6112;NOM;pezzo;18248;60911
coraggio;10399;4,906926574;5276;NOM;coraggio;10399;165013
que;0;4,906090588;5455;VER;<unknown>;1069550;463586
glielo;10371;4,905755742;6607;PRO;glielo;10371;513586
direi;10342;4,904539759;6906;VER;dire;636417;30196
scena;10325;4,903825355;4648;NOM;scena;11695;455396
brutto;10306;4,90302551;6654;ADJ;brutto;18820;114707
saputo;10277;4,901801848;6839;VER;sapere;499632;217505
legge;10276;4,901759591;4984;NOM;legge;9385;338377
controllare;10275;4,90171733;6769;VER;controllare;28942;470296
=;0;4,901463678;1207;SYM;<unknown>;4511888;160346
porto;10227;4,899683954;6316;NOM;porto;5370;122835
zio;10219;4,89934413;3497;NOM;zio;10480;438673
segreto;10212;4,899046566;5914;NOM;segreto;10308;60048
incredibile;10206;4,898791349;6256;ADJ;incredibile;10975;192085
guardate;10204;4,898706243;5698;VER;guardare;5460;493643
nello;10194;4,898280464;6339;PRE;nel;327676;103237
attento;10185;4,897896906;5930;ADJ;attento;14859;306841
rapporto;10180;4,897683672;5620;NOM;rapporto;13290;150487
chiedere;10177;4,897555681;6952;VER;chiedere;99913;234932
doveva;10171;4,897299586;6556;VER;dovere;548096;347634
libero;10170;4,897256889;6282;ADJ;libero;18952;51023
caro;10169;4,897214187;4993;ADJ;caro;19323;37562
30;0;4,896786942;5754;NUM;@card@;412838;131286
scusate;10152;4,896487621;6027;VER;scusare;63193;12667
interessa;10124;4,895288266;6563;VER;interessare;18575;252243
sapeva;10123;4,895245371;5904;VER;sapere;499632;233360
de;0;4,894687345;3000;NPR;de;10110;343267
informazioni;10102;4,894343587;5116;NOM;informazione;13692;307092
alcune;10071;4,893008951;6641;PRO;alcuno;34001;8319
servizio;10070;4,89296583;5765;NOM;servizio;13403;110631
dà;10061;4,892577547;6535;VER;dare;158901;343345
vittima;10056;4,892361684;3707;NOM;vittima;15750;393185
Charlie;0;4,891410611;1748;NOM;<unknown>;4511888;195417
tenere;10025;4,891020935;7088;VER;tenere;79315;103305
addosso;10019;4,890760956;6503;ADV;addosso;8655;507371
lista;10008;4,890283924;5119;NOM;lista;10289;459593
addio;10006;4,890197134;5381;NOM;addio;10182;517136
sole;9987;4,889371768;5640;NOM;sole;5372;143260
vederti;9984;4,889241304;6479;VER;vedere;328947;302676
sparato;9972;4,888719053;4126;VER;sparare;28892;67608
oppure;9971;4,888675504;6564;CON;oppure;9971;340068
potere;9941;4,887366993;4766;NOM;potere;12725;63540
centro;9905;4,885791558;5704;NOM;centro;10427;386443
metà;9903;4,885703866;6143;NOM;metà;9903;293809
compagnia;9885;4,88491384;5348;NOM;compagnia;10802;434766
veloce;9876;4,884518288;5616;ADJ;veloce;12404;191496
giuro;9862;4,883902267;6193;VER;giurare;8587;107137
denaro;9859;4,883770149;4201;NOM;denaro;10023;423404
errore;9831;4,882535104;6231;NOM;errore;12913;128658
ormai;9828;4,882402569;6268;ADV;ormai;9828;32311
personale;9789;4,880675926;6110;ADJ;personale;7747;178911
pagare;9784;4,880454064;6011;VER;pagare;31598;410362
15;0;4,878942391;5704;NUM;@card@;412838;379409
poteva;9734;4,87822919;6170;VER;potere;676977;324655
risposta;9726;4,87787215;6193;NOM;risposta;12489;320658
detective;9719;4,877559499;2548;NOM;detective;9719;126024
vengo;9715;4,87738074;6191;VER;venire;229884;339830
assassino;9684;4,875992859;3783;NOM;assassino;7287;142642
guai;9672;4,875454422;5845;NOM;guaio;10931;211873
50;0;4,874195466;5195;NUM;@card@;412838;238708
giusta;9636;4,873835093;6476;ADJ;giusto;69649;128877
consiglio;9636;4,873835093;5519;NOM;consiglio;10670;497579
vestiti;9634;4,873744953;5768;NOM;vestito;13368;56722
quali;9625;4,873339092;6516;DET;quale;34933;427762
grosso;9613;4,872797352;6178;ADJ;grosso;16524;338107
gentile;9605;4,872435817;5866;ADJ;gentile;9724;455447
avrai;9601;4,872254936;6562;VER;avere;2620540;98215
arma;9586;4,871575962;4426;NOM;arma;9175;250437
spesso;9578;4,871213408;6282;ADV;spesso;9551;377887
ritardo;9576;4,871122722;5985;NOM;ritardo;9802;454225
aereo;9570;4,870850551;3583;ADJ;aereo;9473;343140
prende;9551;4,869987548;6383;VER;prendere;214434;142682
disse;9536;4,869305017;4550;VER;dire;636417;164884
bisogna;9529;4,868986135;5281;VER;bisognare;10446;186012
ovviamente;9527;4,868894983;6054;ADV;ovviamente;9527;362337
Joe;0;4,8688494;1676;ADJ;<unknown>;206355;340084
sanno;9524;4,868758219;6367;VER;sapere;499632;267442
rispetto;9502;4,867753964;6264;NOM;rispetto;8001;77020
bastardo;9501;4,86770826;4560;ADJ;bastardo;7084;101179
cambiato;9497;4,8675254;6257;VER;cambiare;39212;442210
guardi;9494;4,867388203;5638;VER;guardare;8138;332909
riesci;9467;4,866151484;6486;VER;riuscire;84728;278679
pieno;9461;4,865876178;6584;ADJ;pieno;17461;369197
sorpresa;9455;4,865600698;6044;NOM;sorpresa;8053;3450
programma;9446;4,86518715;4755;NOM;programma;11079;175204
arrivando;9434;4,864635139;6043;VER;arrivare;85743;213734
Subtitles;0;4,864082425;8362;NOM;<unknown>;4511888;450001
>;0;4,863898031;383;NOM;<unknown>;4511888;196991
from;0;4,863621293;8473;NOM;<unknown>;4511888;349610
presa;9407;4,863390543;6409;VER;prendere;214434;468105
fame;9398;4,862974884;5410;NOM;fame;9398;502709
base;9395;4,862836242;4941;NOM;base;10393;345149
0;0;4,861447388;2304;NUM;@card@;412838;202457
proposito;9358;4,861122682;6458;NOM;proposito;9509;438068
do;9346;4,860565477;5540;VER;dare;4769;343257
intorno;9344;4,86047254;6179;ADV;intorno;9344;559
incontro;9339;4,860240111;5200;NOM;incontro;10502;49867
ricorda;9335;4,860054077;6120;VER;ricordare;48841;241999
Mr;0;4,859262546;1740;NOM;<unknown>;4511888;259567
fallo;9298;4,858329482;5683;NOM;fallo;6796;93871
volevi;9279;4,857441211;6358;VER;volere;609883;280273
Mike;0;4,857253974;1812;NPR;Mike;4511888;27921
normale;9271;4,857066657;5761;ADJ;normale;11063;468721
diverso;9266;4,856832397;6230;ADJ;diverso;21883;196283
conosce;9254;4,856269657;5991;VER;conoscere;92248;154589
dovevo;9240;4,855612205;6264;VER;dovere;548096;347628
saresti;9238;4,855518201;6550;VER;essere;3507888;9161
peggio;9232;4,85523607;6339;ADV;peggio;4975;363130
dimenticato;9224;4,854859609;6245;VER;dimenticare;28054;181340
tenente;9214;4,854388574;1782;NOM;tenente;7890;463445
cervello;9203;4,853869844;4877;NOM;cervello;9653;491539
rimanere;9197;4,85358664;6245;VER;rimanere;46342;38253
schifo;9195;4,853492197;5440;NOM;schifo;9026;304715
avevano;9194;4,853444968;5732;VER;avere;2620540;473732
dì;9187;4,853114221;5871;VER;dire;8429;343335
Peter;0;4,85226257;1486;NPR;Peter;9169;93926
servono;9144;4,851076944;6109;VER;servire;63151;388276
dolore;9141;4,850934451;4876;NOM;dolore;9989;274984
org;0;4,850173699;8388;NOM;<unknown>;4511888;299876
vattene;9107;4,849316256;4985;VER;andarsene;1069550;315259
ii;0;4,849316256;2118;NUM;ii;11195;24797
usato;9099;4,848934627;5902;ADJ;usato;48691;465435
mille;0;4,848552661;5744;NUM;mille;8997;488154
Frank;0;4,848457118;1581;NPR;Frank;9089;131456
peccato;9088;4,848409338;5772;NOM;peccato;7406;358032
ehm;9075;4,847787722;3543;INT;ehm;9075;342196
migliori;9074;4,847739868;6135;ADJ;migliore;37963;51868
posizione;9064;4,847261043;5213;NOM;posizione;9802;395109
iniziato;9054;4,846781689;6017;VER;iniziare;33775;83548
quante;9030;4,845629077;6227;PRO;quanto;43714;366617
avevamo;9021;4,845196057;6001;VER;avere;2620540;449601
chiuso;9013;4,844810788;5878;VER;chiudere;30264;328605
partita;9012;4,844762605;4002;NOM;partita;8807;304835
sappia;9004;4,844376952;6413;VER;sapere;499632;360136
parti;9001;4,844232243;5957;NOM;parte;8912;166024
opensubtitles;0;4,843797828;8353;NOM;<unknown>;4511888;381790
medico;8988;4,843604615;4466;NOM;medico;8877;268516
net;0;4,841667742;6435;NOM;<unknown>;4511888;346874
vestito;8937;4,841133585;4756;NOM;vestito;13368;56726
chiave;8929;4,840744693;4833;NOM;chiave;14684;483731
sembrava;8916;4,840112001;6069;VER;sembrare;108715;297737
interessante;8906;4,839624687;5769;ADJ;interessante;10007;99029
andrò;8878;4,83825729;6147;VER;andare;641883;56221
David;0;4,838012659;1887;NPR;David;8873;59081
sette;0;4,837718919;5112;NUM;@card@;7866;386834
terribile;8866;4,837669943;5787;ADJ;terribile;10110;465255
uscita;8850;4,836885575;5797;NOM;uscita;67981;359226
farci;8847;4,836738348;6363;VER;fare;1151883;100618
8;0;4,836296368;4862;NUM;@card@;412838;495432
diritto;8811;4,834967723;5344;NOM;diritto;11710;226060
impossibile;8809;4,834869143;5824;ADJ;impossibile;7605;358743
sente;8787;4,833783283;5881;VER;sentire;192280;25506
linea;8776;4,833239333;5026;NOM;linea;10322;341443
tanti;8771;4,832991857;5505;ADJ;tanto;23572;45911
cliente;8760;4,832446915;3446;NOM;cliente;14687;67511
manca;8759;4,832397341;5895;VER;mancare;21146;78540
stessi;8750;4,831950918;6231;ADJ;stesso;81475;301330
carta;8741;4,831504037;4875;NOM;carta;14002;395932
sala;8731;4,831006961;4439;NOM;sala;8310;49636
bar;8719;4,830409719;4424;NOM;bar;8719;315262
pranzo;8701;4,829512313;4949;NOM;pranzo;8834;514662
notizie;8701;4,829512313;5605;NOM;notizia;16352;490919
tante;8683;4,828613049;5828;ADJ;tanto;11198;277191
tempi;8672;4,828062581;5750;NOM;tempo;106032;183183
George;0;4,827411126;1745;NPR;George;8659;440808
sembri;8644;4,826658232;6097;VER;sembrare;108715;197468
esserci;8638;4,826356708;6230;VER;esserci;3507888;172105
fronte;8632;4,826054975;5631;NOM;fronte;8842;282377
avrò;8630;4,825954351;6199;VER;avere;2620540;507847
dolce;8612;4,825047682;5374;ADJ;dolce;9081;263256
aspettando;8612;4,825047682;6113;VER;aspettare;116636;317382
nonna;8610;4,824946824;3159;NOM;nonna;8698;125787
poliziotto;8608;4,824845942;3433;NOM;poliziotto;5833;462494
otto;0;4,823684119;4925;NUM;otto;6487;388738
nè;8584;4,823633534;4021;CON;né;8584;222635
rubato;8584;4,823633534;4829;ADJ;rubato;19463;205001
nero;8578;4,823329902;4620;ADJ;nero;14070;86440
fin;0;4,822772692;6037;PRE;fin;8567;281
appartamento;8567;4,822772692;4084;NOM;appartamento;9223;262018
downloaded;0;4,822620602;8353;NOM;<unknown>;4511888;191753
saremo;8537;4,821249385;5866;VER;essere;3507888;408601
studio;8532;4,82099498;4026;NOM;studio;10560;350803
compleanno;8531;4,820944081;3299;NOM;compleanno;8850;334209
potrebbero;8520;4,8203838;5872;VER;potere;676977;153538
questione;8503;4,819516486;5740;NOM;questione;10014;14809
conosciuto;8431;4,815823832;5740;VER;conoscere;92248;482588
7;0;4,815566228;4575;NUM;@card@;412838;166993
senta;8414;4,814947355;5150;VER;sentire;192280;25503
missione;8404;4,814430952;3401;NOM;missione;9107;320401
seconda;8402;4,814327598;5633;ADJ;secondo;26448;348620
vale;8401;4,814275912;5798;VER;valere;13943;90527
scherzando;8384;4,813396301;5653;VER;scherzare;12662;804
lavora;8359;4,812099512;5527;VER;lavorare;53195;288541
calma;8320;4,810068756;4848;NOM;calma;5838;360908
stavi;8291;4,808552528;5856;VER;stare;648668;106499
spalle;8278;4,807871117;5795;NOM;spalla;10692;206888
potevo;8259;4,806873282;5716;VER;potere;676977;484850
vinto;8258;4,8068207;4736;VER;vincere;25149;293290
zona;8249;4,806347183;4738;NOM;zona;9403;408103
comandante;8236;4,8056623;1908;NOM;comandante;4488;312103
intendo;8228;4,805240297;5617;VER;intendere;26571;65801
Paul;0;4,804077668;1673;NPR;Paul;8206;323146
trovo;8205;4,804024747;5714;VER;trovare;165912;443446
adoro;8180;4,802699627;5062;VER;adorare;14766;29033
soli;8165;4,80190261;5695;NOM;sole;4935;143256
continuare;8151;4,801157405;5803;VER;continuare;33215;373535
silenzio;8143;4,800730999;4690;NOM;silenzio;8151;152231
riuscito;8142;4,800677669;5925;VER;riuscire;84728;13410
vengono;8138;4,800464283;5608;VER;venire;229884;370014
negozio;8132;4,800144007;4062;NOM;negozio;9278;8480
computer;8130;4,800037195;3406;NOM;computer;8130;120110
luogo;8098;4,798324633;5224;NOM;luogo;9316;126640
andati;8081;4,79741208;5573;VER;andare;641883;188441
aspettate;8059;4,796228276;4972;VER;aspettare;116636;236316
vive;8058;4,79617439;5445;VER;vivere;23536;125475
qualcun;0;4,795527236;5710;PRO;qualcun;8046;139114
pena;8036;4,794987203;5463;NOM;pena;7693;284685
rimasto;8028;4,794554692;5822;VER;rimanere;46342;466269
scappare;7974;4,791623926;5287;VER;scappare;21788;337479
serata;7959;4,790806302;4543;NOM;serata;8415;121224
dottoressa;7952;4,790424217;2041;NOM;dottoressa;48463;435504
lettera;7949;4,790260363;3508;NOM;lettera;12038;132500
porti;7925;4,788947302;5664;VER;portare;115105;122839
esiste;7922;4,78878289;5282;VER;esistere;15344;275735
buonanotte;7922;4,78878289;3466;NOM;buonanotte;7922;357680
secondi;7914;4,788344154;4353;NOM;secondo;7230;348615
riguarda;7906;4,787904973;5469;VER;riguardare;11291;388192
relazione;7904;4,787795109;4322;NOM;relazione;10037;30158
trovi;7893;4,787190356;5786;VER;trovare;165912;443449
duro;7860;4,785371031;5251;ADJ;duro;15910;318680
corso;7856;4,785149988;5003;NOM;corso;7792;58131
fossero;7855;4,785094709;5653;VER;essere;3507888;71291
finché;7847;4,784652229;3616;CON;finché;7847;82463
diceva;7844;4,784486182;5122;VER;dire;636417;223259
pezzi;7844;4,784486182;5180;NOM;pezzo;18248;60909
contatto;7832;4,783821361;4797;NOM;contatto;9907;190654
simile;7829;4,783654996;5502;ADJ;simile;9776;368113
freddo;7828;4,783599527;4760;NOM;freddo;5074;264376
caccia;7799;4,781987837;4192;NOM;caccia;7560;493667
altrimenti;7799;4,781987837;5570;ADV;altrimenti;7799;317911
averlo;7793;4,781653636;5792;VER;avere;2620540;45183
spazio;7786;4,781263409;4436;NOM;spazio;8306;365774
birra;7785;4,781207634;4012;NOM;birra;8877;260880
stà;7765;4,780090621;3739;VER;stare;7765;377357
stanotte;7760;4,779810918;4695;ADV;stanotte;7760;219495
test;7688;4,775763095;3409;NOM;test;7688;391965
pubblico;7682;4,775424068;4332;NOM;pubblico;4298;211029
sinistra;7662;4,77429206;4226;NOM;sinistra;6348;447540
sergente;7662;4,77429206;1691;NOM;sergente;7720;10821
ex;7658;4,774065304;4382;ADJ;ex;7424;279678
notizia;7651;4,773668196;5050;NOM;notizia;16352;460996
sicuramente;7649;4,77355467;5492;ADV;sicuramente;7649;438076
Max;0;4,773384325;940;NOM;<unknown>;4511888;236921
droga;7642;4,773157094;3094;NOM;droga;9627;324410
scoprire;7636;4,772816025;5304;VER;scoprire;35725;306822
maggiore;7635;4,772759154;2882;ADJ;maggiore;14457;85566
guardia;7633;4,77264539;4188;NOM;guardia;11020;165857
12;0;4,772417772;4669;NUM;@card@;412838;494298
volo;7623;4,772076122;3681;NOM;volo;8171;79600
entro;7608;4,771220818;5400;VER;entrare;7258;253066
oro;7597;4,770592524;3523;NOM;oro;8088;299868
regalo;7587;4,770020557;4359;NOM;regalo;9144;263655
stesse;7581;4,769677014;5414;ADJ;stesso;81475;301326
scorsa;7578;4,769505141;4979;ADJ;scorso;13566;385652
ricerca;7573;4,769218535;4646;NOM;ricerca;10489;186957
forma;7571;4,76910384;4955;NOM;forma;8609;359962
ascoltami;7557;4,768300122;4861;VER;ascoltare;55142;213513
James;0;4,767725126;2000;NPR;James;7547;222520
club;7542;4,767437342;3228;NOM;club;7542;375997
dagli;7536;4,76709175;5405;PRE;da;212534;382830
scelto;7534;4,766976491;5199;VER;scegliere;22585;106160
esercito;7531;4,766803546;3061;NOM;esercito;7776;444147
promesso;7530;4,766745882;5100;VER;promettere;19626;391997
dura;7527;4,766572845;5426;ADJ;duro;15910;318688
sentite;7525;4,766457448;5012;VER;sentire;6715;484454
tranquillo;7525;4,766457448;4757;ADJ;tranquillo;12693;489430
scommetto;7517;4,765995556;5342;VER;scommettere;11976;361051
cavallo;7514;4,765822219;2785;NOM;cavallo;11574;489921
vostre;7511;4,765648814;4824;DET;vostro;72428;221610
lavorando;7495;4,764722812;5192;VER;lavorare;53195;456157
Sarah;0;4,764317065;1177;NOM;<unknown>;4511888;304081
parliamo;7481;4,763910938;5360;VER;parlare;204981;485961
braccio;7471;4,763330098;4416;NOM;braccio;11891;387897
ferma;7470;4,763271971;4587;ADJ;fermo;19247;97330
colpito;7470;4,763271971;4712;VER;colpire;19652;357558
esempio;7467;4,763097544;5056;NOM;esempio;7673;291907
fermi;7465;4,76298122;4375;VER;fermare;3567;97326
età;7464;4,762923046;4829;NOM;età;7464;180705
stupida;7462;4,762806676;5009;ADJ;stupido;19680;312342
certamente;7456;4,762457377;5040;ADV;certamente;7456;503183
siediti;7444;4,761757936;4677;VER;sedersi;30364;145033
pericolo;7441;4,7615829;4788;NOM;pericolo;7940;375020
ballo;7440;4,761524539;3191;NOM;ballo;7952;115758
stamattina;7429;4,760882048;4945;ADV;stamattina;7429;263288
parlo;7428;4,760823593;5154;VER;parlare;204981;392476
Alex;0;4,760706658;1184;NPR;Alex;7426;114541
apri;7419;4,76029714;4025;VER;aprire;33790;371279
scarpe;7415;4,760062955;3993;NOM;scarpa;8721;117370
Don;0;4,759828645;1335;NPR;Don;7425;429879
arrivati;7406;4,759535579;5340;VER;arrivare;85743;176667
classe;7405;4,759476942;4090;NOM;classe;7717;306
palle;7404;4,759418297;3940;NOM;palla;13435;378031
regole;7389;4,758537673;4388;NOM;regola;10975;289022
governo;7387;4,758420121;3031;NOM;governo;7715;442736
prometto;7383;4,758184922;5222;VER;promettere;19626;403866
santo;7377;4,757831885;4272;ADJ;santo;7941;277279
piena;7374;4,757655259;5347;ADJ;pieno;17461;369199
Henry;0;4,757655259;1299;NOM;henry;7609;431772
anima;7364;4,757065986;3919;NOM;anima;8808;279224
_;0;4,757007014;1046;PON;_;7363;368627
iniziare;7361;4,756889047;5307;VER;iniziare;33775;137691
salvare;7352;4,7563578;4576;VER;salvare;26667;26206
ultimi;7344;4,755885034;5300;ADJ;ultimo;46197;508039
affare;7326;4,754819426;4516;NOM;affare;20880;295983
avremmo;7325;4,754760149;5339;VER;avere;2620540;299901
dannazione;7321;4,754522959;4154;NOM;dannazione;7321;65118
America;0;4,754463641;3467;NPR;America;7320;495455
dovrai;7316;4,754226289;5399;VER;dovere;548096;74820
effetti;7309;4,753810611;4906;NOM;effetto;11925;1145
farebbe;7303;4,753453999;5443;VER;fare;1151883;208582
lavori;7299;4,753216094;5041;NOM;lavoro;6570;288537
bellissima;7282;4,752203544;4717;ADJ;bello;206355;308780
infatti;7279;4,752024614;5185;ADV;infatti;7279;186673
società;7278;4,751964954;3514;NOM;società;7278;504320
carina;7274;4,751726232;4660;ADJ;carino;19217;292171
attacco;7255;4,750590508;3718;NOM;attacco;8665;467404
100;0;4,750410912;4173;NUM;@card@;412838;427687
comprare;7241;4,749751755;4698;VER;comprare;26675;63236
destra;7241;4,749751755;4126;NOM;destra;5448;283993
necessario;7238;4,749571811;5155;ADJ;necessario;9229;47732
salute;7234;4,74933177;4159;NOM;salute;7234;163243
attraverso;7233;4,749271739;4613;PRE;attraverso;4895;177839
và;7220;4,748490579;3684;VER;andare;7221;3913
incontrato;7210;4,74788873;5002;VER;incontrare;27005;494665
inferno;7210;4,74788873;4111;NOM;inferno;7210;411543
avremo;7195;4,746984389;5254;VER;avere;2620540;452185
libertà;7184;4,746320007;3766;NOM;libertà;7184;140615
gay;7178;4,745957188;2223;NOM;gay;7178;517527
borsa;7169;4,74541239;3913;NOM;borsa;8036;359440
radio;7167;4,745291231;3176;NOM;radio;5183;108966
dunque;7166;4,745230639;4263;ADV;dunque;6974;39686
bianco;7152;4,744381459;4098;ADJ;bianco;12951;261406
usa;7148;4,744138531;4908;VER;usare;48691;483620
contento;7148;4,744138531;4976;ADJ;contento;12922;4491
crimine;7146;4,744017016;3730;NOM;crimine;9358;16840
arrivata;7143;4,74383468;5199;VER;arrivare;85743;176662
aiutarti;7137;4,743469778;5117;VER;aiutare;72590;342898
brutta;7121;4,742495204;5013;ADJ;brutto;18820;190805
potrà;7117;4,742251218;5192;VER;potere;676977;223471
salvato;7113;4,742007095;4658;VER;salvare;26667;169452
arrivederci;7112;4,741946043;3411;INT;arrivederci;7112;449824
paziente;7110;4,741823913;2680;NOM;paziente;7955;155128
fermati;7103;4,741396187;4290;VER;fermarsi;5874;63970
decisione;7100;4,741212747;4543;NOM;decisione;9187;142648
ordini;7087;4,740416943;3795;NOM;ordine;18897;100966
triste;7074;4,739619679;4582;ADJ;triste;7939;38918
cellulare;7074;4,739619679;3757;ADJ;cellulare;8126;258029
stavamo;7058;4,738636416;5120;VER;stare;648668;327591
diciamo;7057;4,738574888;5123;VER;dire;636417;160431
eccolo;7047;4,73795913;4773;INT;ecco;4511888;445861
canzone;7045;4,737835873;3017;NOM;canzone;9062;423630
intendi;7043;4,737712582;5093;VER;intendere;26571;65800
9;0;4,737465893;3940;NUM;@card@;412838;14780
affatto;7031;4,736972096;4985;ADV;affatto;6987;142594
colonnello;7024;4,736539563;1162;NOM;colonnello;7061;256519
aperto;7011;4,735735142;5121;VER;aprire;33790;149709
né;7003;4,735239372;2532;CON;né;7003;222636
cucina;6999;4,734991274;4243;NOM;cucina;7002;448740
occasione;6992;4,734556763;5008;NOM;occasione;7918;102723
vorrà;6988;4,734308275;5245;VER;volere;609883;336110
dia;6979;4,733748657;4804;VER;dare;158901;239332
data;6958;4,732440071;4076;NOM;data;5346;145908
codice;6953;4,732127921;3333;NOM;codice;8062;275274
passi;6953;4,732127921;4967;NOM;passo;13749;498022
caldo;6944;4,731565484;4268;ADJ;caldo;9172;193423
umano;6931;4,730751788;3914;ADJ;umano;14447;97276
mare;6919;4,729999329;3266;NOM;mare;7532;57847
Jimmy;0;4,729434127;1298;NPR;Jimmy;4511888;349614
livello;6900;4,728805262;4176;NOM;livello;8475;47487
aiuti;6898;4,728679379;4938;NOM;aiuto;37025;65304
rotto;6898;4,728679379;4544;VER;rompere;15925;77360
intelligente;6892;4,728301513;4661;ADJ;intelligente;8024;416338
viva;6888;4,728049419;4271;ADJ;vivo;23536;125472
tavolo;6875;4,727229102;4262;NOM;tavolo;7610;313705
passa;6874;4,727165937;4880;VER;passare;65203;168528
direttore;6867;4,726723521;2790;NOM;direttore;5296;342021
maestro;6854;4,725900693;1743;NOM;maestro;5079;363972
casino;6853;4,725837334;4536;NOM;casino;8440;397592
sapevi;6834;4,724631753;4902;VER;sapere;499632;233366
lunga;6833;4,724568209;4984;ADJ;lungo;20172;189374
comprato;6832;4,724504655;4533;VER;comprare;26675;436363
pelle;6829;4,724313938;4461;NOM;pelle;7006;43488
visita;6823;4,723932253;4588;NOM;visita;8500;23110
scrivere;6822;4,723868606;3730;VER;scrivere;35110;312998
riesce;6820;4,723741284;5131;VER;riuscire;84728;278676
uscito;6819;4,723677609;4783;VER;uscire;67981;359228
nonno;6817;4,723550231;2489;NOM;nonno;7459;125792
pomeriggio;6803;4,722657539;4507;NOM;pomeriggio;6916;348213
dite;6798;4,722338276;4507;VER;dire;636417;5833
chiesa;6791;4,721890912;2677;NOM;chiesa;7535;332017
rende;6787;4,721635068;5132;VER;rendere;31903;432303
figliolo;6775;4,720866632;3447;NOM;figliolo;7392;29925
spettacolo;6773;4,720738427;3403;NOM;spettacolo;7300;348029
barca;6768;4,720417748;2368;NOM;barca;7543;196703
ovunque;6762;4,720032622;4917;ADV;ovunque;6762;462683
Ray;0;4,71983993;975;NPR;Ray;4511888;507037
fà;6757;4,719711422;3879;VER;fare;6758;215708
processo;6746;4,719003945;3051;NOM;processo;7144;146468
Jane;0;4,719003945;1004;NOM;<unknown>;4511888;29155
leggere;6744;4,718875188;4399;VER;leggere;24226;215636
lato;6743;4,718810796;4536;NOM;lato;7672;219879
maledizione;6734;4,718230834;3672;NOM;maledizione;6907;167445
video;6721;4,717391742;3060;NOM;video;4619;3088
conoscere;6694;4,715643816;4924;VER;conoscere;92248;487679
partire;6688;4,71525443;4479;VER;partire;15356;160680
pagato;6687;4,715189499;4423;VER;pagare;31598;458829
coi;6680;4,714734706;4471;PRE;con;32645;85125
reale;6680;4,714734706;3714;ADJ;reale;7717;489198
accidenti;6679;4,714669697;3987;INT;<unknown>;7021;237900
alcun;6670;4,714084175;4762;PRO;alcuno;34001;181055
carne;6665;4,713758544;3782;NOM;carne;6806;13651
farla;6660;4,713432668;5053;VER;fare;1151883;354006
farsi;6657;4,713237025;5014;VER;farsi;1151883;234607
diventato;6631;4,711537752;4890;VER;diventare;46915;155385
vorrebbe;6626;4,711210205;5022;VER;volere;609883;507840
u;0;4,710619997;1035;NOM;<unknown>;4511888;138595
cattivo;6615;4,710488731;4204;ADJ;cattivo;11602;150177
buone;6603;4,709700299;4843;ADJ;buono;56368;22394
sogni;6595;4,709173881;3701;NOM;sogno;16674;29433
giudice;6593;4,709042177;2272;NOM;giudice;7422;143093
guardando;6592;4,70897631;4739;VER;guardare;111656;81599
nuovi;6587;4,708646825;4520;ADJ;nuovo;87869;466613
pianeta;6586;4,708580898;2256;NOM;pianeta;7517;403522
Dev;0;4,708119128;4604;NOM;<unknown>;4511888;286346
San;0;4,707656867;2525;NPR;San;6572;51496
naturalmente;6563;4,707061807;3944;ADV;naturalmente;6563;469491
tornata;6556;4,706598418;4275;VER;tornare;92785;260393
parlarne;6556;4,706598418;4712;VER;parlare;204981;301381
avrebbero;6556;4,706598418;4594;VER;avere;2620540;311474
chiudi;6553;4,706399671;4249;VER;chiudere;30264;21320
inglese;6553;4,706399671;3214;ADJ;inglese;7551;11132
treno;6543;4,705736525;2376;NOM;treno;7334;337162
mentito;6543;4,705736525;4047;VER;mentire;18027;70969
luna;6539;4,705470983;2881;NOM;luna;6772;488585
differenza;6536;4,705271719;4713;NOM;differenza;6981;269928
rosso;6533;4,705072364;3725;ADJ;rosso;9765;1890
pochi;6530;4,704872918;4707;ADJ;poco;13512;401138
miglior;0;4,703674313;4604;ADJ;migliore;37963;102841
banca;6512;4,703674313;2600;NOM;banca;7851;36073
rispondere;6510;4,70354093;4647;VER;rispondere;27544;462725
vino;6498;4,702739771;3192;NOM;vino;6893;317334
gamba;6493;4,702405519;3637;NOM;gamba;12570;487856
interno;6488;4,702071009;4237;ADJ;interno;6883;185777
dovrò;6480;4,701535256;4982;VER;dovere;548096;278287
mica;6480;4,701535256;4010;ADV;mica;6409;308659
B;0;4,701401214;3219;NPR;B;4984;343123
incinta;6468;4,700730385;3091;ADJ;incinto;6468;422859
bomba;6463;4,700394582;2498;NOM;bomba;8357;211005
trovata;6448;4,699385611;4460;VER;trovare;165912;409898
libera;6445;4,699183536;4306;ADJ;libero;18952;51017
Mary;0;4,698104207;1358;NPR;Mary;6429;99383
hotel;6428;4,69803666;2928;NOM;hotel;6428;280823
energia;6416;4,697225274;2647;NOM;energia;7028;220444
pericoloso;6413;4,69702219;4444;ADJ;pericoloso;10016;385968
segno;6398;4,696005345;4455;NOM;segno;10217;203037
sposato;6395;4,695801689;3881;ADJ;sposato;27477;194618
succederà;6392;4,695597939;4727;VER;succedere;125771;275883
star;0;4,695394093;3892;VER;stare;648668;330706
cambio;6385;4,695122149;4587;NOM;cambio;7386;270903
Harry;0;4,694781979;1046;NOM;<unknown>;4511888;470207
certa;6370;4,694100839;4690;ADJ;certo;22476;54671
Italian;0;4,693623405;5803;NOM;<unknown>;4511888;314209
Uniti;6361;4,693486899;3557;ADJ;unito;4511888;418854
lavorato;6349;4,69266696;4506;VER;lavorare;53195;412382
nord;6345;4,692393302;3385;NOM;nord;4664;2039
Nick;0;4,692119472;974;NPR;Nick;4511888;317894
calmati;6328;4,69122833;3995;VER;calmarsi;12847;498714
averti;6320;4,690679025;4780;VER;avere;2620540;102675
Bill;0;4,689026928;1489;NPR;Bill;6296;92088
and;0;4,688474829;2619;NPR;and;6288;352115
alta;6287;4,688405767;4494;ADJ;alto;21342;186259
vederlo;6280;4,687922028;4684;VER;vedere;328947;436455
venuti;6261;4,686606298;4504;VER;venire;229884;215433
intero;6258;4,686398186;4575;ADJ;intero;13169;40926
ufficiale;6243;4,685356129;3503;ADJ;ufficiale;5005;211219
farei;6228;4,684311565;4757;VER;fare;1151883;52987
;0;;;;;;
M;0;4,683124681;2909;NPR;M;6211;228355
saltare;6210;4,683054764;4039;VER;saltare;16668;30896
operazione;6203;4,682565023;3028;NOM;operazione;7830;119782
ama;6199;4,682284924;4009;VER;amare;46084;328487
comando;6190;4,681654038;3033;NOM;comando;7015;26464
smettere;6163;4,679755864;4446;VER;smettere;39551;413858
dovrebbero;6161;4,679614928;4662;VER;dovere;548096;317359
vivi;6155;4,679191846;4337;ADJ;vivo;23536;125477
parlarti;6150;4,678838961;4454;VER;parlare;204981;61876
intera;6148;4,678697727;4557;ADJ;intero;13169;257313
dovrà;6143;4,678344441;4578;VER;dovere;548096;278236
cominciare;6141;4,678203046;4669;VER;cominciare;29999;67825
biglietto;6139;4,678061605;3636;NOM;biglietto;9911;224868
tocca;6136;4,677849358;4397;VER;toccare;21210;507480
cerco;6127;4,677211991;4557;VER;cercare;103013;40683
lezione;6125;4,677070227;3893;NOM;lezione;8673;35115
pressione;6125;4,677070227;3567;NOM;pressione;6756;375748
darò;6123;4,676928416;4554;VER;dare;158901;75497
belle;6118;4,676573688;4003;ADJ;bello;79790;428337
you;0;4,676573688;1096;NOM;<unknown>;4511888;54155
stronzate;6096;4,675009429;3355;NOM;stronzata;1069550;277186
presente;6082;4,674011051;4360;ADJ;presente;7376;56174
gambe;6077;4,67365393;4046;NOM;gamba;12570;487854
temo;6064;4,67272404;3971;VER;temere;11202;306643
benvenuto;6060;4,672437518;4116;NOM;benvenuto;9257;191859
posti;6052;4,671863908;4303;NOM;posto;56701;465332
Addicted;0;4,671720387;5507;NOM;<unknown>;4511888;52322
dev;0;4,671648609;4429;NOM;<unknown>;4511888;348934
quegli;6045;4,671361377;4523;DET;quello;6045;482511
congratulazioni;6043;4,67121769;4015;NOM;congratulazione;6060;123720
responsabile;6040;4,67100207;4157;ADJ;responsabile;3671;367483
comune;6038;4,670858264;4224;ADJ;comune;4468;50431
palla;6031;4,670354567;2680;NOM;palla;13435;378042
maggior;6028;4,670138518;4316;ADJ;maggiore;14457;498533
preoccupare;6023;4,669778198;4092;VER;preoccupare;43338;341310
ottima;6001;4,668189225;4494;ADJ;ottimo;15042;378087
aiutarmi;5988;4,667247547;4559;VER;aiutare;72590;127281
danno;5978;4,666521788;4443;VER;dare;3472;494346
pensate;5973;4,666158453;4164;VER;pensare;271765;118531
vincere;5972;4,666085749;3321;VER;vincere;25149;458575
imparato;5966;4,665649272;4386;VER;imparare;17229;127482
chiedendo;5965;4,665576483;4416;VER;chiedere;99913;149745
metri;5951;4,664556157;3225;NOM;metro;8106;127642
aprire;5950;4,664483185;4214;VER;aprire;33790;226515
passaggio;5947;4,664264194;3981;NOM;passaggio;6307;512339
abbiano;5936;4,663460283;4570;VER;avere;2620540;198259
clienti;5927;4,662801429;3257;NOM;cliente;14687;67506
finestra;5923;4,662508284;3678;NOM;finestra;7718;471982
suppongo;5920;4,662288295;4136;VER;supporre;8063;139672
sembrare;5919;4,662214941;4526;VER;sembrare;108715;201736
Jim;0;4,662214941;1369;NOM;<unknown>;4511888;196337
mostro;5913;4,661774555;3336;NOM;mostro;7648;100143
esci;5913;4,661774555;3991;VER;uscire;67981;337746
Tommy;0;4,661554194;1002;NPR;Tommy;5910;361611
scorso;5905;4,661186677;4218;ADJ;scorso;13566;385653
combattere;5897;4,660598003;3179;VER;combattere;13833;46148
farcela;5895;4,660450709;4037;VER;fare;1151883;297420
farle;5889;4,660008529;4494;VER;fare;1151883;60322
capisce;5880;4,659344414;4179;VER;capire;130245;98648
tv;5877;4,659122816;3130;NOM;tv;8397;356647
documenti;5877;4,659122816;3209;NOM;documento;8041;19537
rischio;5876;4,659048925;4164;NOM;rischio;8217;175921
unità;5869;4,658531336;2780;NOM;unità;5869;112166
vecchi;5863;4,658087196;4166;ADJ;vecchio;35316;207878
tale;5860;4,657864956;3966;DET;tale;7866;170316
torni;5859;4,65779085;4374;NOM;torno;3589;347754
andremo;5858;4,657716732;4280;VER;andare;641883;402835
lingua;5857;4,657642602;3537;NOM;lingua;6636;430953
ritorno;5857;4,657642602;4131;NOM;ritorno;6520;105096
correre;5856;4,657568458;4019;VER;correre;18695;157911
vorresti;5855;4,657494302;4474;VER;volere;609883;72536
/;0;4,6570491;2201;PON;/;5849;165791
guida;5845;4,656752045;3736;NOM;guida;5173;458846
mangiato;5829;4,655561789;3964;VER;mangiare;42515;377850
inoltre;5827;4,655412777;4326;ADV;inoltre;5827;83439
molta;5823;4,655114601;4404;ADJ;molto;23816;416392
seguito;5821;4,654965435;4317;NOM;seguito;5483;42184
darmi;5810;4,65414411;4593;VER;dare;158901;383315
difesa;5791;4,652721788;2997;NOM;difesa;5877;127067
ringrazio;5786;4,652346717;4040;VER;ringraziare;14154;131757
bordo;5785;4,652271664;2766;NOM;bordo;6033;325966
frega;5782;4,652046427;3739;VER;fregare;12608;384190
Danny;0;4,651745929;890;NPR;Danny;4511888;345115
lasciate;5773;4,651370014;4239;VER;lasciare;153939;145797
chiavi;5761;4,650466488;3327;NOM;chiave;14684;483740
Tony;0;4,650466488;1125;NPR;Tony;5761;37796
bellissimo;5760;4,65039111;4077;ADJ;bello;206355;308786
precedenti;5758;4,650240313;4773;ADJ;precedente;5164;398607
Steve;0;4,65001402;1167;NPR;Steve;5755;458776
testimone;5753;4,649863092;2754;NOM;testimone;5753;455217
fbi;0;4,649712112;1674;VER;<unknown>;1069550;263586
uccisa;5750;4,649636602;2812;VER;uccidere;89873;208797
sarebbero;5747;4,649409994;4337;VER;essere;3507888;245559
sceriffo;5745;4,649258856;1208;NOM;sceriffo;5894;496125
speranza;5736;4,648578084;3772;NOM;speranza;7230;159542
entrato;5735;4,648502377;4167;VER;entrare;59544;449428
imparare;5733;4,648350923;4083;VER;imparare;17229;501593
nove;5720;4,647365182;3596;ADJ;@card@;5306;97293
agenti;5714;4,646909469;3023;NOM;agente;16619;405724
blu;5713;4,64683347;3083;ADJ;blu;3985;243457
scherzo;5713;4,64683347;3885;NOM;scherzo;8472;348374
be;0;4,646072751;3438;INT;be;5703;471089
zia;5703;4,646072751;2211;NOM;zia;5960;438669
ami;5699;4,64576809;3558;VER;amare;46084;328479
ascolti;5697;4,645615679;3939;VER;ascoltare;6046;187667
vittime;5694;4,645386963;2581;NOM;vittima;15750;393188
Bobby;0;4,64508182;993;NPR;Bobby;4511888;24393
finta;5687;4,644852822;4157;NOM;finta;10806;252339
immediatamente;5682;4,64447089;4013;ADV;immediatamente;5682;194170
periodo;5679;4,64424157;4057;NOM;periodo;5987;76366
fortunato;5677;4,644088623;4154;ADJ;fortunato;10557;512603
segnale;5675;4,643935621;3063;NOM;segnale;7073;302986
lascio;5671;4,643629457;4302;VER;lasciare;153939;476620
potesse;0;4,643246447;4462;VER;potere;676977;439681
destino;5665;4,643169805;3203;NOM;destino;5772;262017
sud;5661;4,642863099;3200;NOM;sud;5661;401087
ottenere;5649;4,641941682;4009;VER;ottenere;14689;345227
fratelli;5644;4,641557181;3035;NOM;fratello;37863;222575
indirizzo;5643;4,641480239;3472;NOM;indirizzo;6036;500046
tè;5642;4,641403285;2751;NOM;tè;5648;356731
edificio;5640;4,641249334;2957;NOM;edificio;6548;205643
piangere;5637;4,641018306;3629;VER;piangere;14088;183339
laboratorio;5629;4,640401629;2700;NOM;laboratorio;5999;29853
messa;5627;4,640247323;4207;NOM;messa;124577;248185
collo;5620;4,63970682;3885;NOM;collo;5519;134541
sexy;5617;4,639474969;3160;ADJ;sexy;5617;448109
metto;5614;4,639242995;4132;VER;mettere;124577;175690
cominciato;5613;4,639165643;4155;VER;cominciare;29999;20143
portata;5606;4,63862379;4250;VER;portare;115105;442789
Los;0;4,63862379;2013;NPR;Los;5606;239788
40;0;4,638313857;3621;NUM;@card@;412838;302585
Bob;0;4,637693325;1266;NPR;Bob;5628;350736
naso;5593;4,637615696;3681;NOM;naso;5730;31071
nascosto;5584;4,636916412;4104;VER;nascondere;21950;491961
vicini;5584;4,636916412;3909;ADJ;vicino;24347;291038
darti;5570;4,635826393;4425;VER;dare;158901;34610
sparare;5562;4,635202294;3218;VER;sparare;28892;19921
potessi;5557;4,634811777;4395;VER;potere;676977;439678
libri;5557;4,634811777;2954;NOM;libro;19958;362208
pazza;5552;4,634420908;3512;ADJ;pazzo;12982;502819
vite;5550;4,634264462;3996;NOM;vita;5550;173342
prezzo;5527;4,632461269;3680;NOM;prezzo;6411;277578
italiansubs;0;4,632146904;5289;NOM;<unknown>;4511888;396839
prenda;5523;4,632146904;4008;VER;prendere;214434;342996
soldato;5519;4,631832312;1945;NOM;soldato;10273;142918
umani;5517;4,631674931;2631;ADJ;umano;14447;97277
anello;5515;4,631517492;2160;NOM;anello;6636;363579
spirito;5510;4,631123645;3038;NOM;spirito;6893;163496
arrabbiato;5506;4,630808311;3667;ADJ;arrabbiato;14491;295932
Johnny;0;4,630650558;1118;NOM;<unknown>;4511888;509105
esperienza;5498;4,630176954;3834;NOM;esperienza;6400;83231
strana;5495;4,629939958;4051;ADJ;strano;25680;437788
odore;5493;4,629781889;3531;NOM;odore;5861;260862
dovremo;5490;4,629544678;4227;VER;dovere;548096;60906
prendendo;5479;4,628673793;4260;VER;prendere;214434;162233
colazione;5472;4,628118682;3579;NOM;colazione;5523;509578
Chuck;0;4,627959949;611;NOM;<unknown>;4511888;289664
vedrai;5470;4,627959949;3828;VER;vedere;328947;404976
mossa;5469;4,627880561;3926;NOM;mossa;5928;466957
animali;5462;4,627324435;2932;NOM;animale;5435;180332
carriera;5460;4,627165411;3559;NOM;carriera;5640;4260
offerta;5460;4,627165411;3456;NOM;offerta;5819;376771
fiducia;5456;4,626847188;3810;NOM;fiducia;5456;215559
Walter;0;4,626687989;746;NPR;Walter;5454;321985
diversi;5445;4,625970871;4027;ADJ;diverso;21883;146427
segreti;5443;4,625811351;3266;ADJ;segreto;7952;60052
chiedi;5432;4,624932939;4196;VER;chiedere;99913;393695
seduto;5431;4,624852996;4025;VER;sedere;30364;345791
mette;5423;4,624212915;4232;VER;mettere;124577;175686
sembrano;5417;4,623732235;4257;VER;sembrare;108715;354942
ragazzino;5415;4,62357189;3235;NOM;ragazzino;4511888;323350
terzo;5412;4,623331261;3637;ADJ;terzo;7967;419051
digli;5411;4,623251022;3709;VER;dire;636417;105229
Maria;0;4,622929917;1438;NPR;Maria;5407;370796
arte;5407;4,622929917;2823;NOM;arte;5407;284036
nomi;5407;4,622929917;3475;NOM;nome;50683;130966
regina;5400;4,622367412;1852;NOM;regina;5584;457975
muro;5390;4,621562566;3335;NOM;muro;6461;278219
fantastica;5387;4,621320821;3662;ADJ;fantastico;28024;414658
J;0;4,62124021;1478;NPR;J;5386;118445
enorme;5380;4,620756226;3936;ADJ;enorme;6623;89596
Ryan;0;4,620352494;970;NOM;<unknown>;4511888;245363
aiutami;5374;4,620271703;3294;VER;aiutare;72590;425712
punti;5370;4,619948387;3348;NOM;punto;32072;453613
massimo;5361;4,619220044;3904;NOM;massimo;4499;405954
professore;5355;4,618733803;1674;NOM;professore;6753;388266
aiutarla;5344;4,617840944;3917;VER;aiutare;72590;151102
tranne;5339;4,617434491;4128;PRE;tranne;5339;107748
chiamate;5329;4,616620443;3829;NOM;chiamata;9943;288015
opportunità;5314;4,615396503;3845;NOM;opportunità;5314;374764
piccoli;5313;4,615314784;3821;ADJ;piccolo;51633;57649
it;0;4,612938226;2820;FW;it;5284;24794
faranno;5279;4,612527157;4006;VER;fare;1151883;342656
povero;5278;4,612444896;3461;ADJ;povero;8282;373218
vederla;5276;4,612280329;3968;VER;vedere;328947;244899
scatola;5264;4,61129161;2864;NOM;scatola;6987;21508
colpevole;5264;4,61129161;2775;ADJ;colpevole;3890;320589
carte;5261;4,611044078;3179;NOM;carta;14002;395935
torta;5258;4,610796405;2484;NOM;torta;5138;204181
razza;5257;4,610713816;3727;NOM;razza;5490;402285
ferito;5249;4,610052538;3529;ADJ;ferito;8863;287029
perfetta;5242;4,609473092;3735;ADJ;perfetto;16859;507447
costa;5242;4,609473092;3340;NOM;costa;4203;17731
nemico;5241;4,609390251;2736;NOM;nemico;7492;474327
serie;5239;4,609224521;3515;NOM;serie;4646;253252
fiori;5238;4,609141633;2894;NOM;fiore;7002;220708
scegliere;5236;4,608975808;3893;VER;scegliere;22585;133808
rumore;5231;4,60856097;3211;NOM;rumore;5231;427519
dubbio;5225;4,60806264;3876;NOM;dubbio;5013;257713
riunione;5212;4,606980959;3126;NOM;riunione;6250;89782
dati;5208;4,606647592;3068;NOM;dato;4969;362053
mangia;5200;4,605980088;3372;VER;mangiare;42515;402238
Will;0;4,605645951;852;NPR;Will;5196;310983
eroe;5193;4,60539518;2867;NOM;eroe;6677;442033
cerchi;5190;4,605144263;4001;NOM;cerchio;4939;185904
Jake;0;4,604893202;598;NPR;Jake;4511888;474254
ridere;5187;4,604893202;3475;VER;ridere;11803;65513
emergenza;5186;4,604809482;3201;NOM;emergenza;5651;105162
persino;5185;4,604725747;3791;ADV;persino;5185;372573
fottuto;5184;4,604641995;2187;ADJ;fottuto;16297;22551
locale;5180;4,604306827;3270;ADJ;locale;5342;297955
memoria;5175;4,603887502;3228;NOM;memoria;5516;307474
grave;5175;4,603887502;3717;ADJ;grave;6366;327188
soprattutto;5174;4,603803588;3884;ADV;soprattutto;5174;418862
stazione;5171;4,603551751;2658;NOM;stazione;5699;298566
poliziotti;5170;4,603467772;2654;NOM;poliziotto;8412;162621
orribile;5170;4,603467772;3719;ADJ;orribile;6279;487163
albero;5168;4,603299767;2504;NOM;albero;7787;100816
controllato;5164;4,60296356;3698;VER;controllare;28942;1492
notato;5156;4,602290366;3973;VER;notare;8843;13974
guardami;5153;4,602037649;3167;VER;guardare;111656;10346
vedete;5151;4,601869089;3644;VER;vedere;328947;320211
battaglia;5140;4,600940838;2789;NOM;battaglia;5742;402859
college;5137;4,600687334;2705;NOM;college;5137;45668
aiutato;5129;4,600010599;3968;VER;aiutare;72590;124138
inutile;5119;4,599163195;3745;ADJ;inutile;6157;215126
muoviti;5111;4,59848408;2989;VER;muoversi;32025;496534
Anna;0;4,598399115;797;NPR;Anna;5110;424029
Kate;0;4,598229137;793;NOM;<unknown>;4511888;277717
pesce;5106;4,598059092;2515;NOM;pesce;7187;290238
isola;5097;4,597293065;1600;NOM;isola;5606;230320
saprei;5097;4,597293065;3969;VER;sapere;499632;304599
Eddie;0;4,597037423;884;NOM;<unknown>;4511888;138544
avermi;5094;4,597037423;4117;VER;avere;2620540;21373
ristorante;5092;4,596866911;2729;NOM;ristorante;5783;79433
corsa;5085;4,59626959;3060;NOM;corsa;5041;350240
accanto;5084;4,596184192;3762;ADV;accanto;5084;245667
averla;5079;4,595756947;3985;VER;avere;2620540;45187
dovevi;5076;4,595500398;3889;VER;dovere;548096;347630
torniamo;5075;4,595414848;3803;VER;tornare;5220;451526
università;5070;4,594986845;2754;NOM;università;5070;394368
andava;5067;4,594729841;3820;VER;andare;641883;329854
cani;5064;4,594472684;2664;NOM;cane;18558;267105
ballare;5057;4,593872059;2557;VER;ballare;8757;366156
stagione;5052;4,593442533;3916;NOM;stagione;5356;197138
ponte;5049;4,593184612;2122;NOM;ponte;5049;260618
dipartimento;5046;4,592926539;2768;NOM;dipartimento;5171;509647
alzati;5038;4,592237593;2859;VER;alzarsi;3454;319832
natura;5037;4,592151398;3254;NOM;natura;5072;259034
nuove;5036;4,592065185;3590;ADJ;nuovo;87869;466606
giovani;5027;4,591288503;3328;ADJ;giovane;14892;336209
colore;5023;4,590942865;3261;NOM;colore;6899;335241
potrai;5019;4,590596952;3930;VER;potere;676977;273031
taxi;5009;4,58973096;2471;NOM;taxi;5009;457893
coppia;5005;4,58938408;3307;NOM;coppia;6159;270008
tribunale;5001;4,589036922;2425;NOM;tribunale;5164;69316
progetto;4993;4,588341772;2624;NOM;progetto;7129;159415
grandioso;4986;4,587732603;3322;ADJ;grandioso;6098;489448
uso;4979;4,587122577;3687;NOM;uso;4419;483622
verde;4977;4,586948127;3031;ADJ;verde;5416;243616
Miss;0;4,586336997;1374;NOM;miss;4978;487355
ferita;4961;4,585549994;3149;NOM;ferita;4884;287027
contrario;4957;4,585199757;3840;NOM;contrario;4524;5678
Richard;0;4,583795975;1282;NPR;Richard;4941;119978
chiudere;4940;4,583708088;3751;VER;chiudere;30264;364867
chiamano;4933;4,58309238;3726;VER;chiamare;133592;118705
Subs;0;4,582652053;4735;NOM;<unknown>;4511888;451057
porca;4923;4,582211279;2796;ADJ;porco;5650;386126
buoni;4920;4,581946599;3585;ADJ;buono;56368;22397
furgone;4919;4,581858337;2136;NOM;furgone;5188;424239
turno;4905;4,580620778;3419;NOM;turno;5747;263488
storie;4903;4,580443696;3328;NOM;storia;40299;495533
preoccupato;4899;4,580089314;3673;ADJ;preoccupato;43338;485432
felici;4894;4,57964593;3494;ADJ;felice;31723;278102
casi;4893;4,579557199;3092;NOM;caso;49749;13747
fede;4890;4,579290897;2555;NOM;fede;4996;22825
faccenda;4887;4,579024432;3496;NOM;faccenda;5631;256284
sbrigati;4887;4,579024432;3037;VER;sbrigarsi;9927;58294
Brian;0;4,578402042;826;NPR;Brian;4880;338960
utile;4880;4,578402042;3826;ADJ;utile;4288;490492
meraviglioso;4875;4,577956931;3364;ADJ;meraviglioso;8698;211705
bianca;4873;4,577778759;2554;ADJ;bianco;12951;261399
18;0;4,577511364;3315;NUM;@card@;412838;494304
nato;4864;4,576976079;3315;VER;nascere;10737;114395
prendiamo;4856;4,576261338;3749;VER;prendere;214434;436002
campione;4850;4,575724509;2386;NOM;campione;6949;99101
24;0;4,575366254;3136;NUM;@card@;412838;429928
chissà;4845;4,575276644;3537;ADV;chissà;4845;361871
starà;4844;4,575187016;3746;VER;stare;648668;458106
responsabilità;4842;4,575007703;3456;NOM;responsabilità;4842;284748
diventa;4841;4,574918019;3766;VER;diventare;46915;3336
giustizia;4840;4,574828317;2667;NOM;giustizia;4824;151795
vaffanculo;4839;4,574738596;2020;INT;vaffanculo;4511888;38597
proteggere;4837;4,574559098;3413;VER;proteggere;16350;458169
graeie;0;4,574289713;368;NOM;<unknown>;4511888;275171
evitare;4824;4,573390552;3820;VER;evitare;9280;443702
Parigi;0;4,573300533;1658;NPR;Parigi;4823;57811
ascoltare;4820;4,573030366;3703;VER;ascoltare;55142;461807
ognuno;4813;4,57239932;3605;PRO;ognuno;5611;116236
sensazione;4808;4,571948011;3575;NOM;sensazione;5387;112921
arresto;4802;4,571405821;3071;NOM;arresto;5520;179916
diverse;4798;4,571043984;3674;ADJ;diverso;21883;196278
Chris;0;4,570953478;906;NPR;Chris;4797;497805
azione;4793;4,570591264;3196;NOM;azione;8231;88275
corte;4793;4,570591264;2125;NOM;corte;3703;34260
tengo;4792;4,570500663;3542;VER;tenere;79315;296479
Amy;0;4,570500663;592;NOM;<unknown>;4511888;338666
visti;4791;4,570410044;3657;VER;vedere;328947;121457
dirle;4790;4,570319405;3692;VER;dire;636417;331385
Kevin;0;4,570047376;912;NPR;Kevin;4787;502053
basso;4787;4,570047376;3507;ADJ;basso;6966;298745
discorso;4782;4,569593615;3026;NOM;discorso;5807;360496
conta;4773;4,568775649;3576;VER;contare;2972;478499
tiene;4771;4,568593669;3674;VER;tenere;79315;23758
piede;4770;4,568502651;3246;NOM;piede;23465;129834
piaciuto;4768;4,568320557;3495;VER;piacere;116765;33557
compito;4768;4,568320557;3352;NOM;compito;7217;419724
soldati;4754;4,567043756;1978;NOM;soldato;10273;142913
denti;4742;4,565946359;3131;NOM;dente;5778;210023
bacio;4736;4,565396619;2764;NOM;bacio;4949;225341
provi;4735;4,565304928;3768;VER;provare;60980;295696
attività;4734;4,565213218;3214;NOM;attività;4734;239893
resti;4732;4,565029739;3416;VER;restare;19779;40243
idee;4730;4,564846182;3280;NOM;idea;52054;284733
prendermi;4729;4,564754375;3777;VER;prendere;214434;351562
paga;4728;4,564662548;3264;VER;pagare;31598;362511
entrambe;4724;4,564295047;3527;DET;entrambe;19527;255707
scopo;4713;4,563282813;3354;NOM;scopo;5385;227007
sveglia;4712;4,563190674;3267;NOM;sveglia;2263;381102
coltello;4712;4,563190674;2329;NOM;coltello;5516;127442
Londra;0;4,562545157;1780;NPR;Londra;4705;191809
prenderò;4700;4,562083486;3621;VER;prendere;214434;106908
to;0;4,561806247;1439;FW;to;4697;356656
praticamente;4694;4,561528831;3720;ADV;praticamente;4694;289473
faresti;4693;4,56143632;3660;VER;fare;1151883;405605
fiume;4687;4,560880837;2153;NOM;fiume;5133;16948
angolo;4687;4,560880837;3378;NOM;angolo;5089;469328
contenta;4683;4,560510121;3406;ADJ;contento;12922;4496
ridicolo;4683;4,560510121;3580;ADJ;ridicolo;6301;442830
stavano;4682;4,560417392;3489;VER;stare;648668;351356
stavolta;4678;4,56004628;3539;ADV;stavolta;4678;139763
%;0;4,559767737;2166;SYM;%;4675;317717
Lee;0;4,559489015;1133;NOM;<unknown>;4511888;20891
aperta;4670;4,559303102;3543;ADJ;aperto;6940;149705
cattiva;4669;4,559210115;3396;ADJ;cattivo;11602;150170
pausa;4666;4,558931035;3324;NOM;pausa;4909;116092
guidare;4665;4,558837969;3048;VER;guidare;14289;296926
Angeles;0;4,557719613;1836;NPR;Angeles;4653;81257
mandare;4651;4,55753294;3649;VER;mandare;36513;494462
Andy;0;4,557346187;946;NOM;<unknown>;4511888;50981
chiusa;4642;4,556691918;3492;ADJ;chiuso;30264;328573
sentimenti;4640;4,556504803;3086;NOM;sentimento;5663;7226
buio;4636;4,55613033;3175;NOM;buio;2367;421663
decidere;4636;4,55613033;3602;VER;decidere;25516;272771
saremmo;4635;4,556036662;3743;VER;essere;3507888;324717
dipende;4634;4,555942973;3659;VER;dipendere;6160;311053
retro;4631;4,555661785;3300;ADJ;retro;4314;337630
legale;4630;4,555568015;2839;ADJ;legale;5509;300003
fermare;4626;4,555192734;3302;VER;fermare;30904;67921
fila;4626;4,555192734;3303;NOM;fila;4400;235865
vendere;4621;4,554723176;3013;VER;vendere;19229;122185
continui;4619;4,55453521;3669;ADJ;continuo;9190;293310
effetto;4616;4,554253109;3367;NOM;effetto;11925;1147
smesso;4611;4,553782533;3501;VER;smettere;39551;340630
Daniel;0;4,552839849;830;NPR;Daniel;4601;17757
giochi;4599;4,552651066;3052;NOM;gioco;21380;15115
ricordare;4596;4,552367738;3338;VER;ricordare;48841;140231
stanco;4593;4,552084225;3272;ADJ;stanco;8339;410231
Pete;0;4,552084225;909;NOM;Pete;4511888;473033
pantaloni;4593;4,552084225;2966;NOM;pantalone;4643;446927
americano;4591;4,551895114;2380;ADJ;americano;11362;510625
inizia;4591;4,551895114;3595;VER;iniziare;33775;366578
Dan;0;4,55170592;948;NPR;Dan;4589;110627
innocente;4588;4,551611292;2691;ADJ;innocente;5209;248969
assistente;4584;4,551232574;2611;NOM;assistente;4038;145375
Buonasera;4580;4,550853526;2012;NOM;buonasera;4580;83892
stile;4576;4,550474147;3250;NOM;stile;4576;263716
Billy;0;4,549999456;982;NPR;Billy;4511888;345585
villaggio;4564;4,549334016;1572;NOM;villaggio;5012;187104
opera;4563;4,54923887;2924;NOM;opera;5496;287756
preferito;4562;4,549143703;3488;ADJ;preferito;3723;59717
breve;4561;4,549048515;3524;ADJ;breve;4200;308380
incontrare;4549;4,547904631;3530;VER;incontrare;27005;446316
conti;4542;4,547235971;3307;NOM;conto;4188;478505
cerchiamo;4536;4,546662014;3457;VER;cercare;6516;347767
entrata;4534;4,546470526;3463;NOM;entrata;6097;441620
matto;4532;4,546278953;3002;ADJ;matto;4249;242718
Mark;0;4,546278953;1067;NPR;Mark;4532;102218
25;0;4,545799653;2867;NUM;@card@;412838;429929
comincia;4523;4,545415831;3450;VER;cominciare;29999;270479
schiena;4520;4,545127741;3067;NOM;schiena;4558;60724
rilassati;4519;4,545031669;3264;VER;rilassarsi;9394;94058
Adam;0;4,544743325;779;NPR;Adam;4516;382653
pensano;4512;4,544358568;3455;VER;pensare;271765;357915
accettare;4507;4,543877142;3438;VER;accettare;15455;262773
Eric;0;4,543684422;861;NOM;<unknown>;4511888;263833
capace;4502;4,543395181;3452;ADJ;capace;5494;308087
impronte;4498;4,543009228;2132;NOM;impronta;4820;89967
Robert;0;4,542816122;1299;NPR;Robert;4496;516645
andartene;4495;4,542719537;3397;VER;andare;641883;181412
x;0;4,54262293;3223;NOM;x;3040;248766
tornerà;4490;4,542236289;3405;VER;tornare;92785;231467
rispondi;4489;4,542139575;2993;VER;rispondere;27544;32961
principe;4486;4,541849304;1311;NOM;principe;2926;461575
sii;4483;4,541558838;3212;VER;essere;3507888;305928
suona;4479;4,541171248;3205;VER;suonare;13259;227111
Rose;0;4,541171248;1393;NOM;rosa;5805;163211
estate;4478;4,541074297;2514;NOM;estate;4664;73571
camion;4478;4,541074297;1957;NOM;camion;4478;517050
vince;4477;4,540977324;1814;VER;vincere;25149;39784
lascerò;4476;4,540880329;3501;VER;lasciare;153939;32282
peso;4470;4,540297904;3223;NOM;peso;5321;404006
risolvere;4467;4,540006399;3373;VER;risolvere;11288;243633
latte;4456;4,538935868;2555;NOM;latte;4456;49382
fidanzato;4454;4,538740943;2713;NOM;fidanzato;7122;93044
finisce;4451;4,53844839;3520;VER;finire;80815;471315
francese;4450;4,538350829;2024;ADJ;francese;5598;231057
iscrew;0;4,537569548;871;NOM;<unknown>;4511888;24629
prendete;4440;4,537374008;3249;VER;prendere;214434;417886
Ted;0;4,537374008;721;NPR;Ted;4511888;290449
piaceva;4433;4,536688923;3203;VER;piacere;116765;478500
Scott;0;4,536688923;937;NPR;Scott;4433;285437
vento;4427;4,536100847;2594;NOM;vento;4427;230217
sbagliata;4426;4,536002756;3494;ADJ;sbagliato;9411;382872
braccia;4420;4,535413749;3129;NOM;braccio;11891;387899
Annie;0;4,535217236;648;NPR;Annie;4511888;357284
malattia;4416;4,535020634;2574;NOM;malattia;5764;111552
show;4413;4,534725563;1817;NOM;show;4413;170578
accesso;4413;4,534725563;2703;NOM;accesso;4542;197796
centrale;4411;4,534528738;2657;ADJ;centrale;3790;105789
cadavere;4410;4,534430292;2529;NOM;cadavere;6556;499250
affrontare;4401;4,533543273;3385;VER;affrontare;9039;185741
tiro;4401;4,533543273;3012;NOM;tiro;4680;39637
popolo;4400;4,533444603;1720;NOM;popolo;4714;185165
particolare;4399;4,533345911;3450;ADJ;particolare;4076;399922
sbaglio;4396;4,5330497;3467;NOM;sbaglio;4986;323759
proprietà;4396;4,5330497;2830;NOM;proprietà;4396;45252
andrai;4392;4,532654438;3481;VER;andare;641883;303209
malato;4388;4,532258815;2838;ADJ;malato;6457;337725
principale;4383;4,53176378;3168;ADJ;principale;5178;452735
dimenticare;4378;4,53126818;3322;VER;dimenticare;28054;325306
valore;4372;4,530672712;2991;NOM;valore;5422;59169
spada;4367;4,530175864;1265;NOM;spada;5122;222133
convinto;4364;4,529877482;3462;VER;convincere;13208;33383
numeri;4363;4,529777976;2524;NOM;numero;28215;279830
mantenere;4363;4,529777976;3456;VER;mantenere;10347;280247
corri;4362;4,529678447;2461;VER;correre;18695;82108
procuratore;4354;4,528881394;1537;NOM;procuratore;4381;300448
contratto;4349;4,528382491;2346;NOM;contratto;5004;286254
tornerò;4344;4,527883015;3327;VER;tornare;92785;355939
tracce;4341;4,527583053;2827;NOM;traccia;7035;132478
bevuto;4337;4,527182782;3109;VER;bere;31940;265887
angelo;4329;4,526381131;1902;NOM;angelo;4511888;506281
buco;4328;4,52628082;2872;NOM;buco;5167;62975
andarci;4323;4,52577892;3328;VER;andare;641883;314084
pensiero;4320;4,525477501;3167;NOM;pensiero;7217;213085
debole;4318;4,525276438;3244;ADJ;debole;4475;140220
rimane;4311;4,524571987;3421;VER;rimanere;46342;96397
rimasta;4304;4,52386639;3452;VER;rimanere;46342;466272
rotta;4303;4,523765497;2572;NOM;rotta;2125;77368
fargli;4303;4,523765497;3493;VER;fare;1151883;69833
stampa;4303;4,523765497;2366;NOM;stampa;4322;371419
troviamo;4302;4,52366458;3328;VER;trovare;165912;35603
credimi;4302;4,52366458;3403;VER;credere;185652;390595
fidati;4301;4,52356364;3328;VER;fidarsi;17163;204882
risultati;4301;4,52356364;2833;NOM;risultato;6870;49273
continuo;4300;4,523462677;3528;ADJ;continuo;9190;293306
condizioni;4299;4,52336169;3117;NOM;condizione;6381;189248
forze;4298;4,523260679;2808;NOM;forza;50057;422167
importanza;4291;4,522552948;3336;NOM;importanza;4291;234960
sedia;4290;4,522451749;2686;NOM;sedia;5056;433468
milione;4288;4,522249281;2648;NOM;milione;15380;20065
potrò;4288;4,522249281;3459;VER;potere;676977;223464
sè;4287;4,522148011;3117;PRO;sé;4287;420570
drink;0;4,522046718;2624;NOM;drink;4286;164630
ovvio;4286;4,522046718;3371;ADJ;ovvio;4770;319669
funzionato;4285;4,521945401;3312;VER;funzionare;27030;272811
magnifico;4284;4,521844061;2975;ADJ;magnifico;6183;157796
cinema;4284;4,521844061;2079;NOM;cinema;4284;397209
bottiglia;4283;4,521742697;2772;NOM;bottiglia;5283;497675
tenuto;4283;4,521742697;3527;VER;tenere;79315;128793
teoria;4283;4,521742697;2597;NOM;teoria;5076;336566
vedremo;4281;4,521539897;3409;VER;vedere;328947;131371
arrabbiata;4280;4,521438462;2886;ADJ;arrabato;14491;281810
camminare;4277;4,521134015;3093;VER;camminare;10027;324017
distrutto;4274;4,520829353;3162;VER;distruggere;16097;233833
tanta;4272;4,520626127;3233;ADJ;tanto;11198;45918
preoccupi;4270;4,520422806;3232;VER;preoccupare;43338;53607
anzi;4270;4,520422806;3040;ADV;anzi;4270;424074
momenti;4267;4,520117645;3255;NOM;momento;58856;406889
compagno;4264;4,51981227;2507;NOM;compagno;9294;441997
Episodio;4261;4,51950668;3684;NOM;episodio;6016;25761
Claire;0;4,519098891;723;NOM;<unknown>;4511888;269409
morendo;4257;4,519098891;2936;VER;morire;96820;107896
debba;4257;4,519098891;3507;VER;dovere;548096;357033
creato;4253;4,51869072;2965;VER;creare;13494;285065
tranquilla;4252;4,518588617;3051;ADJ;tranquillo;12693;425645
ultimamente;4251;4,51848649;3363;ADV;ultimamente;4251;57439
obiettivo;4244;4,517770929;2555;NOM;obiettivo;5136;108448
dettagli;4237;4,517054187;3169;NOM;dettaglio;5712;277259
dirtelo;4237;4,517054187;3403;VER;dire;636417;459824
insegnato;4237;4,517054187;3110;VER;insegnare;12541;267155
mercato;4237;4,517054187;2586;NOM;mercato;4501;436203
improvviso;4233;4,516644088;3305;ADJ;improvviso;4334;487631
seguire;4229;4,516233602;3376;VER;seguire;25854;512007
finale;4229;4,516233602;2749;ADJ;finale;3482;272445
dovere;4222;4,515514316;2867;NOM;dovere;3866;443591
attenta;4219;4,515205685;3127;ADJ;attento;14859;306840
omicidi;4219;4,515205685;1943;NOM;omicidio;4219;434910
Simon;0;4,514690813;663;NPR;Simon;4214;353520
salire;4211;4,514381597;3139;VER;salire;10328;274554
case;4211;4,514381597;2529;NOM;casa;134170;13740
14;0;4,51417533;2836;NUM;@card@;412838;494300
spiegare;4207;4,513968966;3292;VER;spiegare;19836;461957
scendere;4201;4,513349282;2954;VER;scendere;6406;90878
americani;4197;4,512935669;2045;ADJ;americano;11362;510630
11;0;4,512210895;2847;NUM;@card@;412838;494295
16;0;4,511899907;2862;NUM;@card@;412838;379421
perdita;4187;4,511899907;3087;NOM;perdita;5167;72570
dando;4186;4,511796195;3404;VER;dare;158901;273543
Maestà;4183;4,51148491;697;NOM;maestà;4184;109191
siate;4177;4,51086167;3152;VER;essere;3507888;137794
scusatemi;4177;4,51086167;3071;VER;scusare;63193;321397
crederci;4177;4,51086167;3274;VER;credere;185652;41089
peggiore;4175;4,510653724;3328;ADJ;peggiore;6155;462947
sottotitoli;4173;4,510445679;2312;NOM;sottotitolo;4241;50546
lassù;4172;4,510341619;2709;ADV;lassù;4172;129399
Charles;0;4,509820945;1150;NPR;Charles;4167;291521
telefonata;4166;4,509716735;2953;NOM;telefonata;5563;439886
parecchio;4166;4,509716735;3234;ADV;parecchio;1733;453786
piani;4164;4,50950824;3023;NOM;piano;32984;500446
cento;0;4,50919531;2608;NUM;cento;4148;220306
metta;4160;4,50909095;3230;VER;mettere;124577;175684
bellezza;4155;4,508568773;2812;NOM;bellezza;4370;198551
importanti;4153;4,508359727;3215;ADJ;importante;28724;263656
ubriaco;4152;4,508255165;2566;ADJ;ubriaco;4393;286998
reso;4148;4,507836669;3385;VER;rendere;31903;98160
stella;4147;4,507731982;1781;NOM;stella;8120;413246
chiamami;4147;4,507731982;3120;VER;chiamare;133592;254413
tetto;4144;4,507417769;2484;NOM;tetto;4467;126968
immaginare;4139;4,506893575;3327;VER;immaginare;26564;449560
troveremo;4138;4,506788661;3150;VER;trovare;165912;209008
campagna;4138;4,506788661;2158;NOM;campagna;4369;347607
nipote;4132;4,50615864;2305;NOM;nipote;4852;412935
fece;4131;4,506053547;2553;VER;fare;1151883;452427
fanculo;4127;4,505632923;1829;NOM;fanculo;4511888;99678
conoscenza;4126;4,505527703;3033;NOM;conoscenza;4986;233132
cadere;4123;4,505211891;3129;VER;cadere;16313;60130
preferisco;4113;4,504157522;3273;VER;preferire;15296;447980
dita;4112;4,504051944;2926;NOM;dito;7989;5837
gatto;4110;4,503840711;2027;NOM;gatto;5905;78817
decisamente;4108;4,503629376;3218;ADV;decisamente;4108;147662
chiederti;4107;4,503523669;3352;VER;chiedere;99913;210889
luci;4105;4,503312179;2620;NOM;luce;15959;282694
succedere;4104;4,503206396;3341;VER;succedere;125771;105395
sguardo;4103;4,503100586;2954;NOM;sguardo;4486;260786
zitta;4102;4,502994751;2577;ADJ;zitto;15572;117172
Emily;0;4,50288889;684;NPR;Emily;4511888;303670
fianco;4100;4,502783004;2938;NOM;fianco;4681;507823
risposto;4097;4,502465188;3209;VER;rispondere;27544;320662
Rachel;0;4,502465188;709;NOM;<unknown>;4511888;446620
giornale;4096;4,502359198;2368;NOM;giornale;7049;410936
cappello;4094;4,50214714;2251;NOM;cappello;4656;46228
eccola;4091;4,501828859;3137;INT;ecco;1069550;445851
riuscita;4090;4,501722714;3271;NOM;riuscita;84728;13403
lettere;4089;4,501616542;2178;NOM;lettera;12038;281674
ghiaccio;4085;4,501191597;2291;NOM;ghiaccio;4124;420147
venerdì;4084;4,501085295;2365;NOM;venerdì;4093;203864
soluzione;4084;4,501085295;2962;NOM;soluzione;4410;24688
velocità;4082;4,500872614;2168;NOM;velocità;4082;135037
testimoni;4077;4,500340456;2365;NOM;testimone;4029;455206
desiderio;4073;4,499914259;2589;NOM;desiderio;6285;6385
pensava;4069;4,499487644;3130;VER;pensare;271765;166450
leggi;4069;4,499487644;2873;NOM;legge;2961;400269
controlla;4060;4,498526224;3039;VER;controllare;28942;478981
Washington;0;4,498526224;1874;NPR;Washington;4060;428175
cavalli;4060;4,498526224;1647;NOM;cavallo;11574;489923
riuscire;4058;4,498312286;3352;VER;riuscire;84728;385969
creare;4057;4,498205277;2843;VER;creare;13494;237150
propria;4057;4,498205277;3097;ADJ;proprio;25769;74238
sabato;4051;4,497562671;2339;NOM;sabato;4134;407531
mentendo;4048;4,497241011;2816;VER;mentire;18027;46504
Ie;0;4,497133738;325;NOM;<unknown>;4511888;515232
of;0;4,496382085;2082;NPR;of;4040;158708
provo;4037;4,496059549;3190;VER;provare;60980;295697
accusa;4037;4,496059549;1983;NOM;accusa;6353;107454
occupato;4035;4,495844392;3196;VER;occupare;25028;114245
orologio;4034;4,495736773;2120;NOM;orologio;4672;254600
area;4033;4,495629128;2584;NOM;area;4697;441663
autobus;4028;4,495090502;2021;NOM;autobus;4028;311197
primi;4027;4,494982696;2965;ADJ;primo;109479;372361
chiaramente;4026;4,494874864;3191;ADV;chiaramente;4026;103586
prenderti;4025;4,494767005;3290;VER;prendere;214434;433585
Hank;0;4,494551206;519;NOM;<unknown>;4511888;501863
provando;4016;4,493795066;3140;VER;provare;60980;346577
caduto;4015;4,493686938;2900;VER;cadere;16313;400638
chiede;4014;4,493578784;3216;VER;chiedere;99913;393703
usando;4010;4,493145896;3137;VER;usare;48691;42601
lascialo;4008;4,492929291;2763;VER;lasciare;153939;203870
richiesta;4006;4,492712577;2876;NOM;richiesta;4456;70292
viso;4004;4,492495755;2724;NOM;viso;4155;245632
scuse;4003;4,492387303;3045;NOM;scusa;37409;350298
potevi;4000;4,492061786;3250;VER;potere;676977;484849
andarmene;0;4,491410018;3144;VER;andarsene;641883;453388
Sissignore;3990;4,490974962;1659;INT;sissignore;3846;87932
ascoltate;3989;4,49086613;2920;VER;ascoltare;55142;413288
stronza;3989;4,49086613;2493;NOM;stronzo;14743;56430
pensarci;3988;4,490757271;3281;VER;pensare;271765;79033
Lily;0;4,490757271;629;NPR;Lily;4511888;80119
fantasma;3985;4,490430529;1740;NOM;fantasma;6128;13820
Matt;0;4,490212564;691;NPR;Matt;4511888;299802
scomparsa;3983;4,490212564;2190;VER;scomparire;7774;468884
maledetto;3983;4,490212564;2628;ADJ;maledetto;3283;221943
sposa;3982;4,490103541;1863;NOM;sposo;3062;336654
attesa;3982;4,490103541;3001;NOM;attesa;3290;262362
speravo;3977;4,489558013;3235;VER;sperare;36576;368577
dna;3976;4,489448825;1583;ABR;DNA;4204;153
lasciamo;3974;4,489230367;3254;VER;lasciare;153939;227947
stelle;3973;4,489121097;2258;NOM;stella;8120;413248
pista;3972;4,489011799;2397;NOM;pista;4455;444526
terza;3970;4,488793121;2880;ADJ;terzo;7967;419049
passata;3964;4,488136426;3223;VER;passare;65203;24832
tipi;3953;4,486929899;2977;NOM;tipo;51905;509317
innamorato;3947;4,486270378;2573;ADJ;innamorato;8833;117804
mezza;3947;4,486270378;2979;ADJ;mezzo;9332;50038
macchine;3944;4,485940242;2343;NOM;macchina;37509;73515
privato;3941;4,485609854;2853;ADJ;privato;7208;91527
conversazione;3938;4,485279215;3034;NOM;conversazione;4563;9013
entri;3933;4,48472759;3139;VER;entrare;59544;253063
magia;3928;4,484175263;1637;NOM;magia;4154;487724
Ii;0;4,483954136;583;NUM;ii;11195;503522
genio;3925;4,48384353;2799;NOM;genio;3925;404830
trovarlo;3923;4,483622233;3078;VER;trovare;165912;497208
nonostante;3919;4,483179301;3061;PRE;nonostante;3099;463844
17;0;4,482846806;2625;NUM;@card@;412838;494301
eccoci;3915;4,482735917;2985;INT;ecco;1069550;61929
paradiso;3913;4,482514056;2293;NOM;paradiso;3941;30450
palazzo;3912;4,482403082;2095;NOM;palazzo;4299;344195
segni;3911;4,48229208;2525;NOM;segno;10217;203034
toccare;3911;4,48229208;2936;VER;toccare;21210;12527
tira;3909;4,482069992;2699;VER;tirare;24696;39630
killer;0;4,481958905;1658;NOM;killer;3908;283696
Dave;0;4,481958905;847;NOM;<unknown>;4511888;238751
pensiamo;3907;4,481847789;3074;VER;pensare;271765;390865
ordinato;3906;4,481736646;2948;ADJ;ordinato;8894;164349
rovinato;3904;4,481514273;2969;ADJ;rovinato;11338;256044
aiuta;3903;4,481403043;3175;VER;aiutare;72590;182632
diversa;3903;4,481403043;3113;ADJ;diverso;21883;146405
500;0;4,481291786;2374;NUM;@card@;412838;304349
esce;3901;4,481180499;3086;VER;uscire;67981;337745
politica;3901;4,481180499;2244;NOM;politica;3075;288443
coglione;3900;4,481069185;2188;NOM;coglione;2808;245586
grossa;3899;4,480957841;3055;ADJ;grosso;16524;328080
est;3896;4,48062364;2258;NOM;est;3896;156650
calmo;3893;4,480289182;2535;ADJ;calmo;7864;360910
nie;0;4,480066066;3108;VER;<unknown>;1069550;117278
bicchiere;3888;4,479731178;2646;NOM;bicchiere;4957;481938
pilota;3887;4,479619491;1346;NOM;pilota;4718;446306
seduta;3885;4,479396031;2813;NOM;seduta;30364;345790
muore;3879;4,47872496;2884;VER;morire;96820;262769
animale;3874;4,478164941;2456;NOM;animale;3900;180325
200;0;4,478052851;2452;NUM;@card@;412838;138098
umana;3873;4,478052851;2386;ADJ;umano;14447;97274
perfettamente;3872;4,477940731;3194;ADV;perfettamente;3872;269664
dito;3869;4,477604199;2484;NOM;dito;7989;5842
troia;3868;4,477491964;1944;NOM;troia;4135;381133
padrone;3865;4,477155084;1880;NOM;padrone;5576;171136
cancro;3862;4,476817943;1768;NOM;cancro;3877;343527
rimani;3858;4,476368013;2821;VER;rimanere;46342;96401
Nate;0;4,476368013;673;NPR;nate;4399;3997
diamo;3856;4,476142873;3186;VER;dare;158901;182368
sposata;3855;4,47603026;2607;VER;sposare;27477;18436
universo;3854;4,475917617;1730;NOM;universo;2833;306573
parco;3854;4,475917617;2100;NOM;parco;3487;378093
spiaggia;3848;4,475241145;2029;NOM;spiaggia;4168;323232
certe;3846;4,475015421;2950;ADJ;certo;22476;54669
doppio;3843;4,474676613;2875;ADJ;doppio;3803;12443
copertura;3842;4,474563619;2128;NOM;copertura;3901;223992
direttamente;3841;4,474450595;3140;ADV;direttamente;3841;348265
partito;3841;4,474450595;2268;NOM;partito;3108;304836
bevi;3839;4,474224459;2421;VER;bere;31940;413147
girare;3837;4,473998205;2740;VER;girare;15592;99215
naturale;3837;4,473998205;2824;ADJ;naturale;4550;294033
mattino;3835;4,473771833;2816;NOM;mattino;3840;201838
dargli;3834;4,473658603;3216;VER;dare;158901;337435
attenti;3834;4,473658603;2635;ADJ;attento;3211;306844
sistemare;3834;4,473658603;3049;VER;sistemare;12400;92354
esame;3832;4,473432054;2157;NOM;esame;6273;49462
allarme;3828;4,472978601;2261;NOM;allarme;4219;405690
esserlo;3826;4,472751697;3173;VER;essere;3507888;318004
dovreste;3826;4,472751697;3032;VER;dovere;548096;20696
dí;3825;4,4726382;248;VER;dire;4511888;343336
liceo;3824;4,472524674;2225;NOM;liceo;3871;196163
porte;3824;4,472524674;2552;NOM;porta;28091;223616
uccidermi;3822;4,472297532;2664;VER;uccidere;89873;67225
conosciamo;3820;4,472070272;3148;VER;conoscere;92248;343311
pratica;3820;4,472070272;2958;NOM;pratica;3750;284716
mila;3820;4,472070272;1568;ADJ;mila;1924;379890
Roma;0;4,471956597;968;NPR;Roma;3819;77775
starò;3817;4,471729158;3123;VER;stare;648668;483312
fidanzata;3816;4,471615394;2391;NOM;fidanzato;7122;93055
facevo;3814;4,471387777;3100;VER;fare;1151883;310093
corrente;3814;4,471387777;2608;NOM;corrente;3426;300028
completo;3813;4,471273923;2978;ADJ;completo;5122;179076
passati;3812;4,47116004;3176;VER;passare;65203;24837
Grace;0;4,470590174;676;NPR;Grace;4511888;473585
um;0;4,469791104;1235;VER;<unknown>;1069550;293432
dappertutto;3799;4,469676831;2941;ADV;dappertutto;3799;382888
spaventato;3794;4,469105015;2878;VER;spaventare;13560;444302
dover;0;4,468990561;3152;VER;dovere;548096;347265
militare;3791;4,468761563;2095;ADJ;militare;5371;485239
gara;3788;4,46841784;1663;NOM;gara;4275;433651
dirà;3787;4,468303205;3045;VER;dire;636417;474596
vedermi;3786;4,468188539;3101;VER;vedere;328947;293212
sospetto;3786;4,468188539;2491;NOM;sospetto;4401;120750
ragazzina;3785;4,468073844;2398;NOM;ragazzo;4511888;323349
Thomas;0;4,467729576;1118;NPR;Thomas;3782;104436
minaccia;3781;4,467614759;2620;NOM;minaccia;4147;162762
cambia;3780;4,467499912;3027;VER;cambiare;39212;270908
venduto;3780;4,467499912;2564;VER;vendere;19229;137795
strade;3777;4,467155188;2579;NOM;strada;30189;157891
taglio;3775;4,46692522;2845;NOM;taglio;4655;338685
biglietti;3772;4,46658004;2206;NOM;biglietto;9911;224864
seriamente;3770;4,466349767;2977;ADV;seriamente;3770;30548
vissuto;3766;4,465888855;2939;VER;vivere;39609;99378
pollo;3761;4,465312026;2038;NOM;pollo;4264;162587
distanza;3761;4,465312026;2743;NOM;distanza;4146;271417
media;3757;4,46485001;2629;NOM;media;2691;17928
vuoto;3755;4,464618818;2806;ADJ;vuoto;5065;165730
sindaco;3752;4,464271799;1184;NOM;sindaco;3760;37333
date;3747;4,463692817;2948;VER;dare;158901;145906
piaci;3746;4,463576927;2712;VER;piacere;116765;188389
giardino;3741;4,462997018;2310;NOM;giardino;4167;303930
andarsene;3737;4,462532531;3028;VER;andarsene;641883;384186
venendo;3736;4,462416332;3018;VER;venire;229884;475295
principessa;3735;4,462300102;1330;NOM;principessa;3894;62530
alcuna;3735;4,462300102;2844;DET;alcuno;34001;8322
talento;3733;4,462067548;2465;NOM;talento;4117;307652
ispettore;3732;4,461951224;943;NOM;ispettore;4012;177119
potremo;3728;4,461485618;3044;VER;potere;676977;48697
regola;3728;4,461485618;2520;NOM;regola;10975;220028
son;0;4,460669603;1664;NOM;<unknown>;4511888;457435
accettato;3720;4,460552904;2939;VER;accettare;15455;310546
eravate;3720;4,460552904;2856;VER;essere;3507888;251116
volessi;3718;4,460319413;3146;VER;volere;609883;318886
aspettavo;3716;4,460085795;3078;VER;aspettare;116636;284241
V;0;4,460085795;1681;NPR;V;2624;40291
fuga;3716;4,460085795;2532;NOM;fuga;3806;371364
nera;3716;4,460085795;2215;ADJ;nero;14070;86442
volare;3715;4,45996894;2123;VER;volare;8566;104722
doccia;3712;4,459618184;2461;NOM;doccia;3998;1297
Martin;0;4,459267144;1001;NPR;Martin;3709;69559
dimmelo;3708;4,459150068;2790;VER;dire;636417;54004
direzione;3707;4,45903296;2645;NOM;direzione;4048;470440
chiamarmi;3706;4,45891582;2968;VER;chiamare;133592;93844
arriverà;3705;4,458798649;2905;VER;arrivare;85743;132183
benvenuti;3705;4,458798649;2653;NOM;benvenuto;9257;191957
intende;3704;4,458681447;2889;VER;intendere;26571;65797
domattina;3704;4,458681447;2699;ADV;domattina;3704;29268
insegnante;3703;4,458564212;2076;NOM;insegnante;3734;115059
altezza;3702;4,458446946;2114;NOM;altezza;3802;65845
nazionale;3701;4,458329649;2127;ADJ;nazionale;4019;270365
rosa;3701;4,458329649;1931;NOM;rosa;5805;45897
prenderlo;3700;4,458212319;2971;VER;prendere;214434;189132
purtroppo;3699;4,458094958;2742;ADV;purtroppo;3699;337988
autorità;3697;4,457860141;2551;NOM;autorità;3697;465185
guardato;3692;4,457272542;2941;VER;guardare;111656;493648
Kyle;0;4,457272542;438;NOM;<unknown>;4511888;332027
manda;3688;4,45680189;2849;VER;mandare;36513;8387
Laura;0;4,456684147;639;NPR;Laura;3687;193827
albergo;3687;4,456684147;1963;NOM;albergo;4010;199601
lasciatemi;3686;4,456566372;2297;VER;lasciare;153939;486520
quartiere;3686;4,456566372;2160;NOM;quartiere;4204;279996
domenica;3683;4,456212856;2155;NOM;domenica;3868;214712
pazienti;3680;4,455859052;1801;NOM;paziente;7955;449074
suono;3678;4,455623022;2374;NOM;suono;4480;468518
tenga;3678;4,455623022;2810;VER;tenere;79315;296487
immagini;3677;4,455504959;2653;NOM;immagine;7127;169357
immagine;3676;4,455386864;2527;NOM;immagine;7127;169354
accaduto;3670;4,454677619;2704;VER;accadere;15731;229312
preoccupata;3658;4,453255644;2831;VER;preoccupare;43338;485435
sveglio;3658;4,453255644;2810;ADJ;sveglio;6096;381100
dirgli;3657;4,453136935;2998;VER;dire;636417;177548
amor;3654;4,452780616;2482;NOM;amore;3654;93191
pulito;3654;4,452780616;2709;ADJ;pulito;10313;437689
merito;3652;4,452542907;2860;NOM;merito;4671;322353
voler;0;4,452067098;3120;VER;volere;609883;394358
stanca;3646;4,451828998;2652;ADJ;stanco;8339;410226
medicina;3639;4,450994618;2155;NOM;medicina;6230;230289
erba;3633;4,450278157;1879;NOM;erba;4125;514977
rubare;3629;4,449799859;2583;VER;rubare;19463;253348
lupo;3627;4,449560513;1565;NOM;lupo;4942;77072
troverò;3627;4,449560513;2911;VER;trovare;165912;174149
conoscerti;3625;4,449321034;2736;VER;conoscere;92248;404315
potente;3623;4,449081423;2518;ADJ;potente;3970;110490
migliaia;3619;4,448601805;2573;NOM;migliaio;4220;303203
guardati;3618;4,448481817;2882;VER;guardarsi;111656;119847
tette;3611;4,447640976;1971;NOM;tetta;3949;126973
pagina;3608;4,447280116;2382;NOM;pagina;5258;174026
sugli;3607;4,447159763;2888;PRE;su;184467;241799
arrivano;3604;4,446798503;2828;VER;arrivare;85743;282622
assieme;3603;4,446678017;2434;ADV;assieme;3603;416239
dritto;3600;4,446316356;2811;ADJ;dritto;4407;3194
collega;3597;4,445954393;2406;NOM;collega;5855;45665
carico;3594;4,445592129;2310;NOM;carico;3519;411348
termine;3591;4,445229562;2839;NOM;termine;4998;270298
mostra;3590;4,445108639;2568;NOM;mostra;2541;100133
informazione;3590;4,445108639;2682;NOM;informazione;13692;307089
fucile;3590;4,445108639;1702;NOM;fucile;4534;124051
sezione;3590;4,445108639;1866;NOM;sezione;3841;125347
Larry;0;4,444745669;689;NOM;<unknown>;4511888;466690
sentita;3587;4,444745669;2942;ADJ;sentito;192280;484456
sali;3587;4,444745669;2424;VER;salire;3392;49633
Nathan;0;4,444382394;538;NOM;<unknown>;4511888;325943
zero;3584;4,444382394;2175;ADJ;zero;3111;397115
spia;3583;4,444261235;1814;NOM;spia;4342;387689
preparato;3579;4,443776261;2912;VER;preparare;21904;219504
13;0;4,443533571;2408;NUM;@card@;412838;494297
Lucy;0;4,44316928;590;NOM;<unknown>;4511888;327176
sarete;3572;4,442926251;2665;VER;essere;3507888;193175
intendevo;3569;4,44256145;2903;VER;intendere;26571;101811
lasciarmi;3566;4,442196344;2743;VER;lasciare;153939;137027
funzionare;3565;4,442074573;2734;VER;funzionare;27030;373479
vittoria;3564;4,441952769;2116;NOM;vittoria;3912;460583
Street;0;4,4409771;1871;NPR;Street;3556;503016
indagine;3554;4,440732839;2076;NOM;indagine;5486;389851
arrestato;3550;4,440243907;2387;VER;arrestare;10230;68352
povera;3549;4,440121587;2399;ADJ;povero;8282;175470
Jenny;0;4,439876846;687;NOM;<unknown>;4511888;419227
diventata;3547;4,439876846;2866;VER;diventare;46915;155381
ultime;3545;4,439631966;2880;ADJ;ultimo;46197;298482
vicina;3542;4,439264387;2775;ADJ;vicino;24347;291045
R;0;4,438773797;1418;NPR;R;3538;399507
gira;3537;4,438651063;2555;VER;girare;15592;57543
velocemente;3536;4,438528294;2820;ADV;velocemente;3536;488014
muoversi;3534;4,438282652;2032;VER;muovere;32025;298245
Luke;0;4,438282652;564;NOM;<unknown>;4511888;135318
lotta;3533;4,43815978;2267;NOM;lotta;3881;203317
fumo;3531;4,437913929;2360;NOM;fumo;3857;90198
trappola;3530;4,437790952;2321;NOM;trappola;4042;29720
danni;3527;4,437421811;2474;NOM;danno;6009;513651
diventando;3524;4,437052356;2947;VER;diventare;46915;371144
gratis;3513;4,435694992;2525;ADV;gratis;3513;405614
coach;3504;4,434581257;641;NOM;coach;4511888;142653
dallo;3502;4,434333372;2838;PRE;da;212534;103017
studenti;3499;4,433961279;1758;NOM;studente;7085;413084
distruggere;3498;4,433837177;2597;VER;distruggere;16097;383447
nemici;3497;4,43371304;2220;NOM;nemico;7492;474330
Santa;3496;4,433588867;1858;NOM;santa;4057;431172
giacca;3496;4,433588867;2201;NOM;giacca;3723;251733
gas;3487;4,432469711;1735;NOM;gas;3487;430362
entrate;3482;4,431846709;2544;NOM;entrata;6097;441617
speriamo;3482;4,431846709;2753;VER;sperare;36576;237309
Morgan;0;4,431722001;666;NPR;Morgan;3481;250247
mal;0;4,431722001;2301;NOM;mal;3719;299745
nervoso;3480;4,431597258;2590;ADJ;nervoso;5233;169877
parlarle;3477;4,431222812;2735;VER;parlare;204981;93112
presi;3474;4,430848043;2810;VER;prendere;214434;468100
identità;3473;4,430723048;2237;NOM;identità;3473;455682
scappato;3473;4,430723048;2525;VER;scappare;21788;481451
coinvolto;3470;4,430347848;2591;VER;coinvolgere;8488;153445
discutere;3468;4,430097534;2780;VER;discutere;7409;92981
chiamava;3461;4,429220298;2691;VER;chiamare;133592;335713
volevano;3461;4,429220298;2651;VER;volere;609883;491622
cantare;3459;4,428969333;1919;VER;cantare;10702;404607
piu;3459;4,428969333;356;ADV;più;4511888;104087
fermato;3455;4,428466968;2756;VER;fermare;30904;441053
Dean;0;4,427964021;529;NOM;<unknown>;4511888;440866
piccole;3450;4,427838194;2675;ADJ;piccolo;51633;57641
capacità;3445;4,427208507;2576;NOM;capacità;3445;157384
vacanza;3443;4,426956377;2212;NOM;vacanza;5274;279356
abbiate;3443;4,426956377;2746;VER;avere;2620540;437911
diretto;3439;4,426451677;2637;VER;dirigere;8815;12501
infermiera;3439;4,426451677;1771;NOM;infermiere;5135;19955
azioni;3438;4,42632541;2226;NOM;azione;8231;88269
Kim;0;4,426199107;649;NOM;<unknown>;4511888;106852
sposare;3437;4,426199107;2067;VER;sposare;27477;31417
interesse;3436;4,426072766;2599;NOM;interesse;6129;252245
baby;0;4,425819976;1411;ADJ;baby;3172;455196
ottenuto;3432;4,425567038;2736;VER;ottenere;14689;456919
rabbia;3431;4,425440514;2305;NOM;rabbia;3432;451165
William;0;4,425187354;1126;NPR;William;3429;319100
tirato;3425;4,424680593;2784;VER;tirare;24696;148555
60;0;4,424680593;2300;NUM;@card@;412838;17792
internet;3425;4,424680593;2265;NOM;internet;3425;65689
huh;0;4,42442699;1283;NOM;<unknown>;4511888;416662
starai;3423;4,42442699;2778;VER;stare;648668;381867
mettiamo;3421;4,42417324;2733;VER;mettere;124577;283385
invitato;3419;4,42391934;2553;VER;invitare;8833;481894
sedere;3418;4,423792335;2543;VER;sedere;2145;330210
ossa;3417;4,423665293;2143;NOM;osso;5432;304218
Carter;0;4,423665293;618;NOM;carter;3425;499637
Jason;0;4,423538213;647;NPR;Jason;4511888;422101
lasciata;3414;4,423283942;2761;VER;lasciare;153939;145793
aeroporto;3413;4,423156751;1934;NOM;aeroporto;3629;505087
Dr;0;4,422774954;872;NOM;<unknown>;4511888;316212
dormito;3409;4,422647613;2528;VER;dormire;30760;267016
vendetta;3407;4,42239282;2144;NOM;vendetta;3479;8744
opinione;3404;4,422010351;2516;NOM;opinione;4127;339517
dannato;3403;4,421882786;2362;ADJ;dannato;3863;282733
Lisa;0;4,421882786;739;NOM;<unknown>;4511888;381111
servirà;3400;4,421499866;2844;VER;servire;63151;45240
dovesse;3399;4,421372151;2806;VER;dovere;548096;232702
ricco;3395;4,420860916;2337;ADJ;ricco;7501;283955
andarcene;0;4,420092933;2430;VER;andarsene;641883;393519
presenza;3388;4,419964803;2628;NOM;presenza;3481;103827
guardie;3387;4,419836636;1865;NOM;guardia;11020;165859
eppure;3383;4,419323589;2540;ADV;eppure;3383;46707
rossa;3379;4,418809935;2099;ADJ;rosso;9765;1884
fastidio;3376;4,418424295;2558;NOM;fastidio;3492;249523
Robin;0;4,417394245;587;NPR;Robin;3368;11334
volontà;3366;4,417136351;2317;NOM;volontà;3366;135609
darà;3365;4,417007346;2811;VER;dare;158901;98268
sentivo;3364;4,416878303;2578;VER;sentire;192280;436272
ospiti;3362;4,416620102;2336;NOM;ospite;4657;80614
trovate;3360;4,416361747;2680;VER;trovare;165912;409901
funerale;3352;4,415326788;1911;NOM;funerale;3719;473276
tornate;3350;4,415067662;2443;VER;tornare;92785;260390
Jerry;0;4,415067662;714;NOM;<unknown>;4511888;189336
conoscete;3349;4,414938041;2388;VER;conoscere;92248;18533
gola;3349;4,414938041;2306;NOM;gola;3444;487142
credito;3346;4,414548947;2185;NOM;credito;3702;21913
arrivi;3344;4,414289356;2851;VER;arrivare;85743;315921
dirai;3340;4,41376971;2750;VER;dire;636417;451322
commesso;3339;4,413639701;2580;NOM;commesso;5518;508582
profondo;3337;4,413379567;2525;ADJ;profondo;4676;42971
puzza;3336;4,413249441;2398;NOM;puzza;2758;383288
premio;3335;4,413119276;1968;NOM;premio;4336;118426
protezione;3334;4,412989073;2171;NOM;protezione;3496;276734
servizi;3333;4,41285883;2034;NOM;servizio;13403;236956
tentato;3330;4,412467867;2535;VER;tentare;9206;409632
creduto;3328;4,41220703;2698;VER;credere;185652;465996
atto;3325;4,411815479;2410;NOM;atto;4032;399938
novità;3321;4,411292862;2629;NOM;novità;3321;416989
cella;3320;4,41116211;1924;NOM;cella;3825;314626
gloria;3320;4,41116211;1552;NOM;gloria;3178;326855
moto;3318;4,410900487;1733;NOM;moto;3345;225256
venti;0;4,410638706;2410;NUM;venti;1869;230215
ruolo;3314;4,410376767;2236;NOM;ruolo;3724;2120
pesante;3314;4,410376767;2619;ADJ;pesante;4275;298941
Stan;0;4,410376767;573;NOM;<unknown>;4511888;186060
seria;3313;4,410245738;2659;ADJ;serio;13294;253254
violenza;3312;4,41011467;2100;NOM;violenza;3521;105335
Sara;0;4,409852415;635;NPR;Sara;4511888;157064
presento;3308;4,409590002;2591;VER;presentare;3335;56178
aspettiamo;3307;4,409458735;2634;VER;aspettare;116636;281796
apprezzo;3304;4,409064698;2671;VER;apprezzare;7338;460132
amiche;3303;4,408933273;2036;NOM;amica;82512;100271
Lì;3302;4,408801808;2522;ADV;lì;3184;322912
famiglie;3301;4,408670303;2219;NOM;famiglia;42031;342585
uova;3298;4,40827555;1905;NOM;uovo;4759;398460
pazzi;3298;4,40827555;2466;NOM;pazzo;7364;427902
disturbo;3296;4,408012182;2542;NOM;disturbo;3775;155837
caduta;3296;4,408012182;2383;NOM;caduta;16313;400631
movimento;3290;4,407221117;2196;NOM;movimento;4522;157259
suonare;3285;4,406560793;1815;VER;suonare;13259;173390
$;0;4,406164117;957;NOM;<unknown>;4511888;281130
trucco;3282;4,406164117;2251;NOM;trucco;4178;396856
cugino;3279;4,405767078;1669;NOM;cugino;5395;492128
porterò;3279;4,405767078;2623;VER;portare;115105;209552
posta;3277;4,405502184;2245;NOM;posta;2828;465337
sentirmi;3277;4,405502184;2593;VER;sentire;192280;358375
orecchie;3272;4,40483924;2444;NOM;orecchio;3285;289089
minimo;3272;4,40483924;2680;NOM;minimo;2473;74225
compagni;3271;4,404706529;2125;NOM;compagno;9294;441996
criminale;3270;4,404573778;2238;ADJ;criminale;3485;427745
pugno;3267;4,404175282;2319;NOM;pugno;4764;49184
qualità;3266;4,404042369;2505;NOM;qualità;3266;119977
modi;3266;4,404042369;2676;NOM;modo;71448;87801
fan;3265;4,403909415;1976;NOM;fan;3265;191149
superiore;3263;4,403643384;2492;ADJ;superiore;5021;49509
Jeff;0;4,403643384;671;NOM;<unknown>;4511888;83419
Alice;0;4,403510308;594;NPR;Alice;3290;246939
neppure;3257;4,402844314;1986;ADV;neppure;3257;413830
stomaco;3256;4,402710993;2339;NOM;stomaco;3254;390394
veri;3253;4,402310783;2569;ADJ;vero;127049;409160
crescere;3253;4,402310783;2552;VER;crescere;14066;477378
colpi;3251;4,402043771;2124;NOM;colpo;14440;422109
avranno;3250;4,401910204;2674;VER;avere;2620540;242177
Roger;0;4,401776595;787;NPR;Roger;3249;462387
finora;3245;4,40124175;2692;ADV;finora;3245;101279
forti;3245;4,40124175;2550;ADJ;forte;24161;278725
tirare;3244;4,401107935;2639;VER;tirare;24696;31662
capita;3240;4,400572265;2672;VER;capitare;5812;382395
bei;3238;4,400304182;2530;ADJ;bello;3716;431145
banda;3238;4,400304182;1744;NOM;banda;3832;481203
mentire;3238;4,400304182;2448;VER;mentire;18027;135627
quarto;3236;4,400035934;2358;ADJ;quarto;2914;250145
mettiti;3231;4,399364586;2555;VER;mettersi;124577;107264
po;3229;4,399095757;1108;ADV;poco;1069550;95065
aspettato;3229;4,399095757;2638;VER;aspettare;116636;516987
scomparso;3229;4,399095757;2149;VER;scomparire;7774;468891
km;3229;4,399095757;1519;ABR;km;3229;413655
z;0;4,398961279;602;NOM;<unknown>;4511888;321703
articolo;3228;4,398961279;1679;NOM;articolo;4244;293045
fossimo;3224;4,398422953;2739;VER;essere;3507888;187209
weekend;3224;4,398422953;1785;NOM;weekend;4511888;331736
specialmente;3222;4,39815354;2682;ADV;specialmente;3222;184480
polvere;3221;4,39801877;1966;NOM;polvere;3221;394093
verrò;3221;4,39801877;2636;VER;venire;229884;433818
q;0;4,397749106;424;NOM;<unknown>;4511888;510496
el;0;4,397479274;766;DET;el;4511888;279661
contare;3216;4,397344295;2588;VER;contare;9797;78747
totale;3215;4,397209274;2519;ADJ;totale;2429;303494
traccia;3211;4,396668771;2441;NOM;traccia;7035;173366
Sean;0;4,39653354;569;NPR;Sean;4511888;126761
cresciuto;3210;4,39653354;2556;VER;crescere;14066;502058
raccontato;3210;4,39653354;2491;VER;raccontare;16051;152449
solamente;0;4,39653354;2180;ADV;solamente;3210;52631
pensavi;3208;4,396262951;2651;VER;pensare;271765;166444
sicuri;3208;4,396262951;2652;ADJ;sicuro;59725;511367
raggiungere;3207;4,396127594;2498;VER;raggiungere;11803;268633
membro;3200;4,395178909;2282;NOM;membro;6127;318728
svegliati;3200;4,395178909;1982;VER;svegliarsi;14082;472048
bravi;3198;4,394907474;2409;ADJ;bravo;36966;311764
voci;3196;4,394635871;2158;NOM;voce;3191;247395
muovetevi;3192;4,394092153;1939;VER;muovere;32025;175721
risposte;3190;4,393820039;2237;NOM;risposta;12489;320656
poche;3190;4,393820039;2619;ADJ;poco;13512;343468
perdono;3189;4,393683917;2205;NOM;perdono;2784;431190
amicizia;3189;4,393683917;2252;NOM;amicizia;3561;281838
dicevo;3188;4,393547754;2527;VER;dire;636417;223257
camicia;3185;4,393139006;2057;NOM;camicia;3671;81731
mancato;3185;4,393139006;2560;VER;mancare;21146;454230
sopravvivere;3183;4,392866293;2332;VER;sopravvivere;6855;257707
maniera;3179;4,392320354;2501;NOM;maniera;4215;83074
chilometri;3172;4,391363306;2006;NOM;chilometro;3768;396309
tentativo;3171;4,391226413;2583;NOM;tentativo;3730;511036
crisi;3171;4,391226413;2209;NOM;crisi;3171;406943
Ministro;3167;4,390678407;979;NOM;ministro;3374;189302
sí;0;4,390541298;382;NOM;<unknown>;4511888;420573
guardo;3165;4,390404145;2486;VER;guardare;111656;332911
Marina;3164;4,390266949;1050;NPR;Marina;3129;325532
ucciderlo;3163;4,390129709;2285;VER;uccidere;89873;43316
assurdo;3160;4,38971773;2461;ADJ;assurdo;4579;40128
diritti;3159;4,389580317;2026;NOM;diritto;11710;226062
partner;3152;4,388617205;1676;NOM;partner;3152;463982
analisi;3148;4,388065895;2042;NOM;analisi;3148;40967
mostri;3148;4,388065895;2161;NOM;mostro;7648;100138
corpi;3148;4,388065895;1976;NOM;corpo;24253;129592
offerto;3148;4,388065895;2578;VER;offrire;16263;376776
spara;3147;4,387927958;2107;VER;sparare;28892;308310
preparare;3146;4,387789977;2582;VER;preparare;21904;171551
giornali;3144;4,387513884;2083;NOM;giornale;7049;401750
teatro;3144;4,387513884;1303;NOM;teatro;3248;440029
FALSO;3142;4,387237615;2233;ADJ;falso;5326;261880
super;3141;4,387099415;2004;ADJ;super;2322;343894
azienda;3136;4,386407753;1658;NOM;azienda;3674;259258
battuta;3136;4,386407753;2130;NOM;battuta;3875;7147
fatemi;3133;4,385992226;2350;VER;fare;1151883;396847
pane;3130;4,385576302;1952;NOM;pane;3160;147001
salta;3130;4,385576302;2244;VER;saltare;16668;179355
licenziato;3129;4,385437572;1893;VER;licenziare;8131;169802
scrivania;3126;4,385021116;2186;NOM;scrivania;3238;55498
rapporti;3125;4,384882208;2302;NOM;rapporto;13290;150483
rock;3122;4,384465219;1331;NOM;rock;3122;428937
risultato;3117;4,383769345;2438;NOM;risultato;6870;49276
venne;3112;4,383072355;2044;VER;venire;229884;124231
perdendo;3110;4,382793245;2633;VER;perdere;68537;86050
P;0;4,382653623;1805;NPR;P;2396;337852
cinese;3108;4,382513956;1618;ADJ;cinese;2895;54645
Chloe;0;4,382374244;380;ADJ;<unknown>;206355;371258
tolto;3105;4,382094686;2575;VER;togliere;24748;413111
dirglielo;3102;4,38167501;2501;VER;dire;636417;412605
privata;3101;4,381535028;2377;ADJ;privato;7208;91530
scusarmi;3100;4,381395001;2569;VER;scusarsi;63193;118238
proiettile;3099;4,381254928;1629;NOM;proiettile;5088;222638
Carl;0;4,381114811;666;NPR;Carl;3098;2667
pur;3097;4,380974648;2598;ADV;pur;3097;151059
avessero;3094;4,380553888;2599;VER;avere;2620540;429610
Amanda;0;4,380553888;445;NOM;<unknown>;4511888;157945
ê;0;4,38013272;36;NOM;<unknown>;4511888;278381
credete;3091;4,38013272;2232;VER;credere;185652;433555
gioia;3090;4,379992239;2098;NOM;gioia;3301;238426
dirci;3088;4,379711143;2484;VER;dire;636417;499542
studiare;3087;4,379570526;2082;VER;studiare;8066;402454
mettendo;3087;4,379570526;2662;VER;mettere;124577;195925
piaccia;3084;4,379148403;2607;VER;piacere;116765;158482
sorriso;3084;4,379148403;2227;NOM;sorriso;2604;73706
motore;3083;4,379007604;1676;NOM;motore;4267;454719
errori;3082;4,378866759;2341;NOM;errore;12913;128660
ferite;3081;4,378725869;2054;NOM;ferita;4884;287024
Kelly;0;4,378584933;700;NPR;Kelly;3080;10282
ladro;3079;4,378443951;1633;NOM;ladro;3133;65078
sposati;3079;4,378443951;2194;VER;sposare;27477;174846
uccello;3074;4,377738354;1636;NOM;uccello;5329;64186
rendere;3067;4,37674859;2571;VER;rendere;31903;295713
gestire;3066;4,37660701;2438;VER;gestire;6832;296946
sessuale;3064;4,376323713;1985;ADJ;sessuale;4701;64366
risponde;3064;4,376323713;2462;VER;rispondere;27544;32958
mancano;3058;4,375472711;2476;VER;mancare;21146;464233
football;0;4,375330715;1279;NOM;football;3057;271393
creda;3054;4,374904449;2507;VER;credere;185652;379461
dirmelo;3054;4,374904449;2595;VER;dire;636417;432725
Susan;0;4,374762267;607;NPR;Susan;3053;375403
abbandonato;3052;4,374620039;2408;ADJ;abbandonato;9248;28515
famoso;3051;4,374477764;2199;ADJ;famoso;5823;264454
dovevamo;3050;4,374335442;2416;VER;dovere;548096;25864
incendio;3050;4,374335442;1464;NOM;incendio;3559;193984
persa;3047;4,373908197;2431;VER;perdere;68537;34241
copia;3045;4,373623133;2176;NOM;copia;4151;337262
ospite;3045;4,373623133;2148;NOM;ospite;4657;80607
prestito;3042;4,373195187;2073;NOM;prestito;3534;453660
poteri;3042;4,373195187;1394;NOM;potere;12725;63539
scale;3040;4,372909655;2120;NOM;scala;5532;123389
terapia;3038;4,372623934;1673;NOM;terapia;3193;458183
costruire;3035;4,372195002;2174;VER;costruire;10753;341823
dillo;3035;4,372195002;2214;VER;dire;636417;486823
calda;3034;4,37205193;2230;ADJ;caldo;9172;287221
bloccato;3032;4,371765645;2303;VER;bloccare;9491;458115
darle;3032;4,371765645;2569;VER;dare;158901;359417
tuttavia;3031;4,371622431;2203;ADV;tuttavia;3031;248637
Josh;0;4,370905655;426;NOM;<unknown>;4511888;501928
uscite;3024;4,370618613;2230;NOM;uscita;5973;359225
attorno;3024;4,370618613;2311;ADV;attorno;3024;127657
pavimento;3022;4,370331382;2273;NOM;pavimento;3268;318812
traffico;3020;4,37004396;2155;NOM;traffico;3154;327429
amante;3020;4,37004396;1842;NOM;amante;3054;42095
pietra;3020;4,37004396;1643;NOM;pietra;4471;275621
nascondere;3018;4,369756347;2516;VER;nascondere;21950;381658
preferirei;3016;4,369468545;2530;VER;preferire;15296;411522
Marshall;0;4,369324572;537;NPR;Marshall;3015;219256
parlano;3013;4,369036482;2408;VER;parlare;204981;72504
tagliato;3012;4,368892366;2319;VER;tagliare;12445;514597
F;0;4,368748202;1264;NPR;F;3011;489930
salto;3010;4,36860399;2184;NOM;salto;3594;179350
uccisi;3009;4,36845973;2075;VER;uccidere;4197;208799
amato;3008;4,368315422;2118;VER;amare;46084;7380
mucchio;3007;4,368171066;2430;NOM;mucchio;3087;389696
ingresso;3004;4,367737711;2351;NOM;ingresso;3125;131770
lago;3003;4,367593163;1411;NOM;lago;3197;157750
cercate;3002;4,367448567;2249;VER;cercare;103013;43043
comportamento;2998;4,3668697;2333;NOM;comportamento;3395;349527
disastro;2997;4,366724863;2302;NOM;disastro;3249;374594
respirare;2995;4,366435043;2234;VER;respirare;6950;513966
avrete;2994;4,366290061;2400;VER;avere;2620540;284513
riusciamo;2992;4,365999951;2470;VER;riuscire;84728;152150
avessimo;2992;4,365999951;2580;VER;avere;2620540;230598
proprietario;2990;4,365709647;2108;NOM;proprietario;3821;365125
piatto;2988;4,365419149;2215;NOM;piatto;3479;438105
sorpreso;2987;4,365273828;2515;VER;sorprendere;8180;3451
montagna;2987;4,365273828;1632;NOM;montagna;5038;334304
facilmente;2986;4,365128457;2502;ADV;facilmente;2986;377396
muovere;2984;4,36483757;2231;VER;muovere;32025;418918
aiutarci;2981;4,364400873;2443;VER;aiutare;72590;501357
Lady;0;4,36425521;834;NOM;lady;2982;130516
chiamerò;2975;4,363526161;2447;VER;chiamare;133592;511862
appartiene;2975;4,363526161;2306;VER;appartenere;6474;44418
trovarmi;2974;4,363380204;2531;VER;trovare;165912;472742
Victor;0;4,363234199;493;NOM;<unknown>;4511888;150792
scherzi;2972;4,363088144;2300;NOM;scherzo;8472;348372
ascolto;2971;4,362942039;2277;NOM;ascolto;6046;326925
G;0;4,362942039;1439;NPR;G;2971;9401
miracolo;2969;4,362649684;1877;NOM;miracolo;3959;346521
maiale;2967;4,362357131;1606;NOM;maiale;3903;19038
finirà;2967;4,362357131;2435;VER;finire;80815;45531
tornati;2965;4,362064381;2329;VER;tornare;92785;260399
lavorava;2965;4,362064381;2145;VER;lavorare;53195;364594
averne;2963;4,361771434;2545;VER;avere;2620540;515151
piacerà;2962;4,361624886;2432;VER;piacere;116765;326399
tantissimo;2961;4,361478289;2328;ADJ;tanto;206355;491597
rete;2960;4,361331642;1790;NOM;rete;3296;26747
porterà;2959;4,361184945;2473;VER;portare;115105;206800
prese;2958;4,3610382;2367;VER;prendere;2423;468108
bastardi;2957;4,360891404;1877;NOM;bastardo;7084;101182
percento;2957;4,360891404;1689;NOM;percento;2957;225784
chiedevo;2956;4,360744559;2435;VER;chiedere;99913;134292
Karen;0;4,360744559;599;NPR;Karen;2956;303279
volevamo;2955;4,360597664;2286;VER;volere;609883;46188
verranno;2955;4,360597664;2379;VER;venire;229884;212216
taglia;2950;4,359862444;2018;NOM;taglia;2659;338679
comodo;2948;4,359568007;2469;ADJ;comodo;3555;278903
portate;2948;4,359568007;2303;VER;portare;115105;442793
mezz;0;4,359420714;2286;NOM;<unknown>;4511888;54404
conoscerla;2941;4,358535903;2317;VER;conoscere;92248;431003
Phil;0;4,357945026;722;NOM;<unknown>;4511888;405060
ambulanza;2937;4,357945026;1765;NOM;ambulanza;3137;14213
300;0;4,357797181;1888;NUM;@card@;412838;365573
desideri;2936;4,357797181;2146;NOM;desiderio;6285;361262
perfino;2936;4,357797181;2269;ADV;perfino;2936;329139
ricerche;2934;4,35750134;2120;NOM;ricerca;10489;517470
Abby;0;4,35750134;358;NPR;Abby;4511888;226697
affascinante;2933;4,357353344;2300;ADJ;affascinante;3219;394142
Park;0;4,3570572;1519;NOM;<unknown>;4511888;345380
galera;2931;4,3570572;1846;NOM;galera;2957;394179
City;0;4,356760855;1448;NOM;city;2933;62993
portarlo;2929;4,356760855;2374;VER;portare;115105;85380
felicità;2929;4,356760855;1898;NOM;felicità;2929;430285
tavola;2928;4,356612606;1958;NOM;tavola;3191;313715
farvi;2927;4,356464307;2437;VER;fare;1151883;114717
prenderla;2927;4,356464307;2451;VER;prendere;214434;375501
imbarazzante;2926;4,356315957;2267;ADJ;imbarazzante;3186;20233
lunedì;2923;4,355870603;1804;NOM;lunedì;2934;29230
merita;2918;4,355127329;2388;VER;meritare;9022;322351
coso;2915;4,354680754;1947;NOM;coso;18152;69381
parcheggio;2912;4,354233719;1977;NOM;parcheggio;3065;343159
spaventata;2912;4,354233719;2240;VER;spaventare;13560;444307
volesse;2911;4,354084605;2442;VER;volere;609883;318888
agenzia;2910;4,35393544;1636;NOM;agenzia;3403;422710
ragioni;2910;4,35393544;2347;NOM;ragione;43802;411
facevi;2909;4,353786223;2456;VER;fare;1151883;310851
maschio;2908;4,353636956;2002;NOM;maschio;2899;374105
fatte;2907;4,353487637;2398;VER;fare;1151883;393744
yo;0;4,353338266;1003;NOM;<unknown>;4511888;38446
fonte;2904;4,353039371;1930;NOM;fonte;3926;448260
giuria;2899;4,352291232;1068;NOM;giuria;2981;247719
modello;2898;4,35214145;2046;NOM;modello;3290;384639
calcio;2897;4,351991615;1809;NOM;calcio;2895;318791
pensieri;2897;4,351991615;2004;NOM;pensiero;7217;121082
pensione;2896;4,35184173;1877;NOM;pensione;3031;266440
rapina;2895;4,351691792;1349;NOM;rapina;3302;382638
soccorso;2892;4,351241668;1845;NOM;soccorso;3325;487571
pizza;2889;4,350791077;1541;NOM;pizza;3208;488949
pioggia;2889;4,350791077;1707;NOM;pioggia;3111;470012
Clark;0;4,350640776;528;NPR;Clark;2888;268519
cieco;2886;4,350340018;1647;ADJ;cieco;3548;446731
Parker;0;4,350340018;621;NOM;Parker;4511888;295596
recente;2886;4,350340018;2450;ADJ;recente;3616;327898
pazienza;2885;4,350189561;2126;NOM;pazienza;2885;336992
smetti;2885;4,350189561;2295;VER;smettere;39551;416150
versione;2884;4,350039052;2192;NOM;versione;3161;61183
lontana;2881;4,349587211;2302;ADJ;lontano;17322;442059
Leo;0;4,349436493;500;NPR;Leo;2880;20898
occhiali;2879;4,349285722;1797;NOM;occhiale;2450;190092
figo;2878;4,349134899;1872;ADJ;figo;4511888;482018
promessa;2877;4,348984024;2010;NOM;promessa;3266;288433
bugiardo;2874;4,348531083;2086;ADJ;bugiardo;2397;33408
veniva;2874;4,348531083;2263;VER;venire;229884;474844
rimasti;2872;4,34822886;2416;VER;rimanere;46342;466267
ali;2871;4,34807767;1413;NOM;ala;3992;304689
Cooper;0;4,347926427;667;ABR;<unknown>;40791;149059
Chicago;0;4,347775131;1235;NPR;Chicago;2869;258874
panico;2866;4,347320927;2087;NOM;panico;2343;227519
mmm;2864;4,347017861;993;INT;mmm;4511888;203812
Francia;0;4,346866248;1244;NPR;Francia;2863;485666
vorrai;2863;4,346866248;2408;VER;volere;609883;409177
portando;2862;4,346714582;2402;VER;portare;115105;266001
dono;2862;4,346714582;1967;NOM;dono;3379;300944
possano;2859;4,346259267;2418;VER;potere;676977;229980
moda;2856;4,345803475;1865;NOM;moda;3088;87797
auguri;2854;4,345499347;1586;NOM;augurio;2826;200977
Julia;0;4,345195006;525;NOM;<unknown>;4511888;406868
esplosione;2852;4,345195006;1419;NOM;esplosione;3255;174036
Van;0;4,345042756;1003;NPR;Van;2851;187181
assicuro;2850;4,344890452;2360;VER;assicurare;13166;437198
membri;2849;4,344738094;1996;NOM;membro;6127;318731
sapessi;2848;4,344585684;2423;VER;sapere;499632;76819
complicato;2847;4,344433219;2250;ADJ;complicato;4276;192442
calmi;2846;4,344280702;1990;ADJ;calmo;7864;360915
messaggi;2845;4,34412813;2005;NOM;messaggio;15260;41021
tazza;2843;4,343822826;2003;NOM;tazza;3205;221459
centinaia;2843;4,343822826;2181;NOM;centinaia;3749;87976
Taylor;0;4,343670094;739;NPR;Taylor;2842;135496
spese;2842;4,343670094;2144;NOM;spesa;4306;61920
riuscivo;2840;4,343364468;2265;VER;riuscire;84728;482345
sorveglianza;2835;4,342599461;1820;NOM;sorveglianza;2837;286970
dubito;2834;4,342446298;2384;VER;dubitare;4304;234817
Tyler;0;4,342446298;493;NOM;<unknown>;4511888;200098
piscina;2833;4,34229308;1425;NOM;piscina;3025;74687
simili;2833;4,34229308;2346;ADJ;simile;9776;368120
lentamente;2831;4,341986483;2189;ADV;lentamente;2831;127052
regno;2830;4,341833104;1473;NOM;regno;3041;138614
miglia;2830;4,341833104;1606;NOM;miglio;3638;397703
respira;2829;4,34167967;1718;VER;respirare;6950;438056
seguendo;2828;4,341526182;2257;VER;seguire;25854;458018
morirà;2828;4,341526182;2101;VER;morire;96820;56403
toccato;2828;4,341526182;2214;VER;toccare;21210;385127
eccoti;2827;4,341372639;2396;INT;ecco;1069550;387657
fido;2822;4,340604113;2235;VER;fidare;17163;427268
pubblicità;2822;4,340604113;1777;NOM;pubblicità;2822;183928
ucciderà;2820;4,340296321;2104;VER;uccidere;89873;85651
dovessi;2819;4,340142343;2456;VER;dovere;548096;232704
suicidio;2819;4,340142343;1632;NOM;suicidio;2819;183382
muoverti;0;4,33998831;2064;VER;muovere;32025;465919
innamorata;2816;4,339680081;1958;ADJ;innamorato;8833;117802
odia;2813;4,339217327;2079;VER;odiare;16947;211773
my;0;4,33875408;811;NOM;<unknown>;4511888;286622
meravigliosa;2809;4,338599554;2172;ADJ;meraviglioso;8698;211707
smetterla;2806;4,338135647;2357;VER;smettere;39551;499885
neve;2802;4,337516332;1368;NOM;neve;2934;181973
sterline;2801;4,337361365;816;NOM;sterlina;2988;333063
idioti;2797;4,336740945;2102;NOM;idiota;6007;74939
bugie;2795;4,336430401;2005;NOM;bugia;2679;71517
pari;2795;4,336430401;2093;ADJ;pari;1375;300979
ascoltando;2795;4,336430401;2233;VER;ascoltare;55142;127978
onesto;2795;4,336430401;2106;ADJ;onesto;4928;265471
limite;2794;4,336275047;2183;NOM;limite;4517;7641
scappa;2794;4,336275047;1916;VER;scappare;21788;77804
respiro;2793;4,336119636;2093;NOM;respiro;3463;438057
Season;0;4,336119636;2749;NOM;<unknown>;4511888;410463
tasca;2791;4,335808648;2077;NOM;tasca;3921;35661
complimenti;2790;4,335653071;2123;NOM;complimento;3759;284854
secolo;2789;4,335497438;1795;NOM;secolo;4487;262273
portami;2788;4,335341749;2190;VER;portare;115105;227432
interessi;2787;4,335186004;2077;NOM;interesse;6129;480038
California;0;4,335186004;1539;NPR;California;2787;491423
punta;2787;4,335186004;2080;NOM;punta;2040;453606
lasciati;2786;4,335030203;2266;VER;lasciare;153939;145787
scendi;2784;4,334718434;1805;VER;scendere;8016;12690
sullo;2782;4,334406441;2121;PRE;sul;184467;304658
petto;2782;4,334406441;2057;NOM;petto;2841;343400
mettermi;2782;4,334406441;2416;VER;mettersi;124577;271217
impressione;2782;4,334406441;2236;NOM;impressione;2911;324351
andiamocene;2781;4,33425036;2136;VER;andare;641883;452991
eccellente;2780;4,334094223;2178;ADJ;eccellente;3049;194038
bersaglio;2778;4,333781781;1782;NOM;bersaglio;3155;330101
nota;2778;4,333781781;2180;NOM;nota;2465;49614
carica;2777;4,333625476;2028;NOM;carica;2408;411344
tornando;2776;4,333469114;2299;VER;tornare;92785;236158
ovest;2774;4,333156222;1739;NOM;ovest;2774;328402
costruito;2771;4,33268646;2103;VER;costruire;10753;157258
sito;2771;4,33268646;1495;NOM;sito;2173;100095
accuse;0;4,33221619;1778;NOM;accusa;6353;107458
sentiamo;2767;4,33205932;2288;VER;sentire;192280;139277
trovati;2767;4,33205932;2308;VER;trovare;165912;409892
Italianshare;0;4,33205932;693;NOM;<unknown>;4511888;117132
ricordate;2765;4,33174541;2175;VER;ricordare;48841;92684
contanti;2763;4,331431273;1829;NOM;contante;2575;454273
cia;0;4,331274119;838;VER;<unknown>;1069550;228828
permettere;2760;4,330959641;2358;VER;permettere;24109;416863
divano;2760;4,330959641;1860;NOM;divano;2854;220543
furono;2759;4,330802316;1592;VER;essere;3507888;322159
potreste;2759;4,330802316;2253;VER;potere;676977;308404
champagne;2758;4,330644935;1634;NOM;champagne;2758;171663
perche;2756;4,33033;578;CON;perché;4511888;284499
sporco;2756;4,33033;2085;ADJ;sporco;4659;483701
riusciti;2747;4,328909963;2281;VER;riuscire;84728;13409
urla;2745;4,328593767;1335;VER;urlare;3089;40742
togliere;2745;4,328593767;2333;VER;togliere;24748;101085
fuggire;2744;4,328435583;2051;VER;fuggire;6713;21232
navi;2740;4,32780227;1015;NOM;nave;15287;427915
metterti;2739;4,327643797;2396;VER;mettere;124577;305013
Episode;0;4,327168032;2680;NOM;<unknown>;4511888;511800
argomento;2736;4,327168032;2189;NOM;argomento;3261;276153
ginocchio;2734;4,326850565;1874;NOM;ginocchio;3806;121687
Jones;0;4,326373929;815;NPR;Jones;2731;161372
magazzino;2731;4,326373929;1484;NOM;magazzino;3143;481886
assegno;2731;4,326373929;1594;NOM;assegno;3731;377739
Sir;0;4,326214934;566;NPR;Sir;2730;203076
Inghilterra;0;4,326055881;1181;NPR;Inghilterra;2729;454413
togliti;2728;4,32589677;2030;VER;togliere;24748;502565
assunto;2728;4,32589677;2031;VER;assumere;7947;209373
filo;2726;4,325578372;1998;NOM;filo;3575;235871
avvocati;2725;4,325419086;1602;NOM;avvocato;15987;103544
bianchi;2725;4,325419086;1569;ADJ;bianco;12951;217212
usciamo;2725;4,325419086;2192;VER;uscire;67981;408274
pietà;2724;4,325259741;1755;NOM;pietà;2724;264258
costretto;2722;4,324940876;2231;VER;costringere;7573;196741
stammi;2722;4,324940876;2163;VER;stare;1069550;300029
riposo;2721;4,324781355;1958;NOM;riposo;2643;490212
custodia;2720;4,324621776;1731;NOM;custodia;2745;289912
formaggio;2720;4,324621776;1675;NOM;formaggio;2890;217509
alberi;2720;4,324621776;1650;NOM;albero;7787;100812
diretta;2719;4,324462138;2002;ADJ;diretto;3587;12496
Joey;0;4,324302442;497;NOM;<unknown>;4511888;492053
divertimento;2717;4,324142687;2191;NOM;divertimento;2975;295430
gelato;2717;4,324142687;1598;NOM;gelato;2394;64254
firma;2716;4,323982873;1844;NOM;firma;2610;406165
neri;2716;4,323982873;1546;ADJ;nero;14070;86435
socio;2715;4,323823;1483;NOM;socio;4631;480847
speciali;2715;4,323823;1935;ADJ;speciale;14216;315779
volto;2714;4,323663068;1913;NOM;volto;2898;261682
darci;2714;4,323663068;2379;VER;dare;158901;143948
Smith;0;4,323343028;891;NPR;Smith;2712;87750
folle;2711;4,32318292;2088;ADJ;folle;2613;162340
Casey;0;4,32318292;352;NOM;<unknown>;4511888;96568
Las;0;4,323022752;960;NOM;<unknown>;4511888;441749
indovinare;2708;4,322702239;2305;VER;indovinare;5761;481505
ombra;2707;4,322541894;1821;NOM;ombra;3477;474401
clinica;2706;4,32238149;1323;NOM;clinica;2087;267348
egli;2704;4,322060504;1215;PRO;egli;2704;143976
terreno;2700;4,321417819;1833;NOM;terreno;2736;141219
credono;2700;4,321417819;2167;VER;credere;185652;476354
debito;2699;4,321256999;1806;NOM;debito;3940;43201
19;0;4,321096119;1973;NUM;@card@;412838;348830
cima;2697;4,32093518;2076;NOM;cima;2836;265941
Emma;0;4,320613122;412;NPR;Emma;2695;199908
on;0;4,320452004;995;VER;<unknown>;1069550;158700
proposta;2692;4,320129588;1912;NOM;proposta;2962;445503
anticipo;2692;4,320129588;2150;NOM;anticipo;2691;266231
House;0;4,31996829;613;NOM;<unknown>;4511888;273347
Alan;0;4,319806932;527;NPR;Alan;2690;19162
sale;2690;4,319806932;1843;NOM;sala;1895;49639
lancio;2690;4,319806932;1285;NOM;lancio;2886;411630
sparo;2688;4,319484037;1705;NOM;sparo;4101;300193
frattempo;2688;4,319484037;2274;ADV;frattempo;2688;382425
difficoltà;2685;4,318999243;2199;NOM;difficoltà;2685;496489
attaccato;2684;4,318837524;2130;VER;attaccare;10651;12834
funzionerà;2684;4,318837524;2093;VER;funzionare;27030;399603
tradito;2683;4,318675746;1923;VER;tradire;7183;405252
rendi;2683;4,318675746;2260;VER;rendere;31903;432313
dormi;2682;4,318513907;1910;VER;dormire;30760;401261
Antonio;0;4,318352008;442;NPR;Antonio;2681;212384
trovarla;2681;4,318352008;2120;VER;trovare;165912;396524
cominciamo;2680;4,318190048;2221;VER;cominciare;29999;101375
facciamolo;2679;4,318028028;2127;VER;fare;1151883;10407
malata;2677;4,317703807;1797;ADJ;malato;6457;337727
morale;2674;4,317217021;2006;ADJ;morale;2486;416402
cazzate;2673;4,317054637;1784;NOM;cazzata;1069550;375867
sonno;2672;4,316892193;1941;NOM;sonno;2744;224708
giocando;2669;4,316404496;2164;VER;giocare;27555;114097
parlava;2666;4,31591625;2140;VER;parlare;204981;397396
divorzio;2665;4,315753379;1568;NOM;divorzio;2795;396618
file;2665;4,315753379;1424;NOM;file;2665;235868
interessato;2665;4,315753379;2178;VER;interessare;18575;431575
abilità;2664;4,315590448;1755;NOM;abilità;2664;467851
spazzatura;2663;4,315427455;1793;NOM;spazzatura;2665;300405
beccato;2660;4,314938109;2117;VER;beccare;6929;448014
qu;0;4,314938109;1469;VER;<unknown>;1069550;31583
corridoio;2660;4,314938109;1964;NOM;corridoio;3132;516036
alba;2658;4,314611572;1820;NOM;alba;2667;425729
intervento;2658;4,314611572;1460;NOM;intervento;3049;414510
farne;2658;4,314611572;2281;VER;fare;1151883;306622
prete;2656;4,314284789;1124;NOM;prete;3162;395671
tomba;2655;4,314121305;1653;NOM;tomba;3179;333736
stupidi;2654;4,31395776;2143;ADJ;stupido;19680;312338
troppi;2653;4,313794153;2209;ADJ;troppo;14541;50770
dolcezza;2650;4,313302962;1853;NOM;dolcezza;2699;287234
lasciala;2650;4,313302962;1877;VER;lasciare;153939;191566
mostrato;2648;4,312975193;2172;VER;mostrare;18023;451143
sbagli;0;4,312811215;2209;NOM;sbaglio;4986;345429
gioca;2646;4,312647176;1970;VER;giocare;27555;381738
volere;2646;4,312647176;2223;VER;volere;609883;184220
telecamere;2644;4,312318911;1624;NOM;telecamera;5274;97543
fortunata;2643;4,312154685;2172;ADJ;fortunato;10557;512615
abito;2642;4,311990397;1828;NOM;abito;4495;287322
personalmente;2641;4,311826048;2196;ADV;personalmente;2641;66590
esterno;2641;4,311826048;1974;ADJ;esterno;3174;59094
patto;2640;4,311661636;1786;NOM;patto;3279;244754
affitto;2640;4,311661636;1701;NOM;affitto;2668;513823
Babbo;2640;4,311661636;716;NOM;babbo;2676;165951
assicurazione;2640;4,311661636;1657;NOM;assicurazione;3131;508241
esperto;2640;4,311661636;1974;NOM;esperto;3313;495211
mezzanotte;2639;4,311497161;1755;NOM;mezzanotte;2639;442442
calci;2637;4,311168026;1979;NOM;calcio;2631;26217
furto;2634;4,310673854;1696;NOM;furto;3264;204535
23;0;4,310509005;1847;NUM;@card@;412838;81939
telecamera;2630;4,310014082;1528;NOM;telecamera;5274;71378
uguale;2629;4,309848983;2084;ADJ;uguale;3016;409705
vergogna;2628;4,30968382;1908;NOM;vergogna;2323;101666
vedrò;2626;4,309353307;2206;VER;vedere;328947;193048
chili;2626;4,309353307;1703;NOM;chilo;3359;145329
fottuta;2625;4,309187956;1385;ADJ;fottuto;16297;22539
troppe;2625;4,309187956;2228;ADJ;troppo;14541;50768
Big;0;4,309022542;1095;NOM;big;2628;60777
pensaci;2624;4,309022542;2201;VER;pensare;271765;152250
permette;2624;4,309022542;2040;VER;permettere;24109;56023
federale;2622;4,308691525;1458;ADJ;federale;3821;437693
scemo;2616;4,307696957;1709;NOM;scemo;1896;10628
sentirti;2615;4,307530974;2221;VER;sentire;192280;289353
fallito;2615;4,307530974;2021;VER;fallire;4117;69075
sufficiente;2614;4,307364928;2134;ADJ;sufficiente;3236;25042
castello;2613;4,307198818;1021;NOM;castello;2795;292437
pillole;2613;4,307198818;1419;NOM;pillola;3649;78841
vedono;2608;4,306367313;2116;VER;vedere;328947;258021
aiuterà;2607;4,306200821;2241;VER;aiutare;72590;154042
portarti;2601;4,305200527;2229;VER;portare;115105;486861
onda;2600;4,305033587;1475;NOM;onda;3162;298316
liberi;2598;4,304699514;2020;ADJ;libero;18952;307921
Tim;0;4,303863206;679;NOM;<unknown>;4511888;385660
positivo;2593;4,303863206;2026;ADJ;positivo;4119;259241
saltato;2592;4,303695751;2183;VER;saltare;16668;403520
Maggie;0;4,303528232;466;NOM;<unknown>;4511888;176748
medicine;0;4,303528232;1569;NOM;medicina;6230;230286
sopportare;2591;4,303528232;2180;VER;sopportare;7437;385462
Jackson;0;4,303192998;828;NPR;Jackson;2589;133187
organizzato;2589;4,303192998;2068;VER;organizzare;8274;364167
pochino;2587;4,302857506;2057;ADV;pochino;4511888;146376
ucciderò;2585;4,302521755;1797;VER;uccidere;89873;85641
materiale;2584;4,302353782;1788;NOM;materiale;2660;493582
tenerlo;0;4,302017641;2178;VER;tenere;79315;970
fase;2581;4,301849472;1692;NOM;fase;2887;224716
occupo;2581;4,301849472;2172;VER;occupare;25028;405976
indossare;2579;4,30151294;2045;VER;indossare;11771;56192
facessi;2577;4,301176147;2261;VER;fare;1151883;460291
divertiti;2577;4,301176147;2103;VER;divertirsi;16856;482356
indovina;2575;4,300839093;2131;VER;indovinare;5761;59167
tunnel;2575;4,300839093;1065;NOM;tunnel;2575;253537
dimostrare;2573;4,300501777;2080;VER;dimostrare;9466;104667
dichiarazione;2573;4,300501777;1691;NOM;dichiarazione;3312;97003
vantaggio;2571;4,300164199;2036;NOM;vantaggio;3230;245640
Jesse;0;4,299826358;347;NPR;Jesse;4511888;278330
passate;2568;4,299657339;2229;VER;passare;65203;24834
preoccupa;2568;4,299657339;2139;VER;preoccupare;43338;94596
Molly;0;4,299319103;375;NPR;Molly;4511888;15272
messi;2565;4,299149886;2238;VER;mettere;124577;248189
parlerò;2565;4,299149886;2157;VER;parlare;204981;490423
artista;2564;4,298980604;1470;NOM;artista;3601;120395
tizi;2562;4,298641841;1786;NOM;tizio;18668;231187
veda;2562;4,298641841;2050;VER;vedere;328947;506162
Lord;0;4,298641841;574;NOM;lord;2563;221852
Terry;0;4,29847236;499;NPR;Terry;2561;381457
parlarmi;2561;4,29847236;2173;VER;parlare;204981;229517
Randy;0;4,29847236;410;NOM;<unknown>;4511888;71892
preciso;2556;4,297623962;2162;ADJ;preciso;4357;251778
compiti;2556;4,297623962;1802;NOM;compito;7217;419725
Penny;0;4,297284139;668;NOM;penny;2559;418844
coloro;2554;4,297284139;1697;VER;colorare;2760;335247
22;0;4,297284139;1856;NUM;@card@;412838;41893
ascensore;2553;4,297114127;1391;NOM;ascensore;2889;471844
bugia;2553;4,297114127;1822;NOM;bugia;2672;430444
Arthur;0;4,296944049;564;NPR;Arthur;2552;58324
lezioni;2548;4,29626307;1828;NOM;lezione;8673;35106
passando;2548;4,29626307;2170;VER;passare;65203;477889
sfortunatamente;2547;4,296092658;2109;ADV;sfortunatamente;2547;379530
Greg;0;4,295581021;565;NPR;Greg;2544;423196
feste;2544;4,295581021;1807;NOM;festa;22267;224054
uccide;2542;4,295239595;2000;VER;uccidere;89873;242958
saprà;2542;4,295239595;2136;VER;sapere;499632;90823
troverai;2539;4,294726951;2149;VER;trovare;165912;500145
mancanza;2537;4,294384852;2123;NOM;mancanza;2597;427274
Amen;2535;4,294042484;1290;INT;amen;2202;335631
meriti;2535;4,294042484;2082;NOM;merito;4671;322357
certi;2533;4,293699845;2082;ADJ;certo;22476;54678
americana;2532;4,293528424;1645;ADJ;americano;11362;510623
cercavo;2531;4,293356936;2188;VER;cercare;103013;90826
criminali;2531;4,293356936;1761;ADJ;criminale;3485;427748
Elena;0;4,29318538;257;NPR;Elena;2530;230811
risolto;2529;4,293013756;2051;VER;risolvere;11288;53573
familiare;2528;4,292842064;2109;ADJ;familiare;3020;182084
Julie;0;4,292842064;498;NOM;<unknown>;4511888;406867
gusto;2528;4,292842064;2040;NOM;gusto;3400;61654
veloci;2528;4,292842064;1613;ADJ;veloce;12404;191487
esca;2527;4,292670304;1944;NOM;esca;1599;337742
trovarci;2527;4,292670304;1623;VER;trovare;165912;3945
firmare;2527;4,292670304;1830;VER;firmare;8960;479928
comunità;2525;4,292326581;1611;NOM;comunità;2525;282152
desidera;2524;4,292154617;1900;VER;desiderare;9746;361268
Doug;0;4,291982585;465;NOM;<unknown>;4511888;359312
voti;2523;4,291982585;1471;NOM;voto;4624;404459
scienza;2521;4,291638317;1439;NOM;scienza;3460;212193
totalmente;2520;4,29146608;2073;ADV;totalmente;2520;59282
Tv;2520;4,29146608;1445;NOM;tv;8397;329683
senatore;2519;4,291293775;641;NOM;senatore;3089;420996
commissione;2518;4,291121402;1351;NOM;commissione;2925;284182
nastro;2518;4,291121402;1456;NOM;nastro;3292;263650
passeggiata;2517;4,29094896;1943;NOM;passeggiata;2632;277023
firmato;2517;4,29094896;1879;VER;firmare;8960;472311
sospettato;2516;4,29077645;1605;VER;sospettare;5415;98857
avendo;2515;4,290603871;2110;VER;avere;2620540;486142
scala;2514;4,290431224;1755;NOM;scala;5532;123392
buttato;2514;4,290431224;2026;VER;buttare;15440;352377
televisione;2513;4,290258508;1608;NOM;televisione;2595;101945
trovarti;2512;4,290085723;2155;VER;trovare;165912;305150
esistono;2511;4,289912869;1996;VER;esistere;15344;351014
personali;2511;4,289912869;1990;ADJ;personale;7747;178903
causato;2510;4,289739947;1977;VER;causare;6441;42292
originale;2509;4,289566956;1863;ADJ;originale;2677;123485
dorme;2509;4,289566956;1918;VER;dormire;30760;401259
baseball;2509;4,289566956;1302;NOM;baseball;2509;61376
colleghi;2508;4,289393896;1956;NOM;collega;5855;418208
rischi;2507;4,289220767;1976;NOM;rischio;8217;369334
dott;0;4,288874301;673;NOM;<unknown>;4511888;291206
Helen;0;4,288700965;465;NOM;<unknown>;4511888;217834
conosciuti;2499;4,287833243;2027;VER;conoscere;92248;482584
discussione;2497;4,287485668;2032;NOM;discussione;2974;414630
sigaretta;2497;4,287485668;1576;NOM;sigaretta;4508;267736
strega;2496;4,287311777;942;NOM;strega;3428;334252
trattato;2495;4,287137815;1917;VER;trattare;28375;29344
vendita;2494;4,286963784;1753;NOM;vendita;3444;415854
metterò;2494;4,286963784;2170;VER;mettere;124577;187105
adorabile;2492;4,286615513;1926;ADJ;adorabile;2906;328860
aprite;2492;4,286615513;1578;VER;aprire;33790;178378
lasciarlo;2490;4,286266962;2077;VER;lasciare;153939;113288
invito;2489;4,286092581;1918;NOM;invito;2781;75318
fumare;2489;4,286092581;1683;VER;fumare;6023;26953
incubo;2488;4,285918131;1891;NOM;incubo;3499;508808
medici;2488;4,285918131;1633;NOM;medico;8877;268518
Gary;0;4,28574361;590;NPR;Gary;2487;326531
ripeto;2487;4,28574361;1815;VER;ripetere;8679;224910
provarci;2486;4,28556902;2150;VER;provare;60980;175633
probabile;2486;4,28556902;2048;ADJ;probabile;2613;285238
benzina;2486;4,28556902;1459;NOM;benzina;2486;329569
carcere;2485;4,285394359;1462;NOM;carcere;2573;288860
Patrick;0;4,285219627;593;NPR;Patrick;2484;49562
eccomi;2484;4,285219627;1986;INT;eccomi;4511888;465145
Miami;0;4,285044826;869;NPR;Miami;2483;346077
serviva;2481;4,284695012;2120;VER;servire;63151;409415
governatore;2480;4,284519999;735;NOM;governatore;2557;199045
vicenda;2480;4,284519999;2062;NOM;vicenda;2544;421872
Mac;0;4,284169761;535;NPR;Mac;2478;236924
Rick;0;4,283819241;544;NOM;<unknown>;4511888;53294
80;0;4,283468438;1743;NUM;@card@;412838;47443
rompere;2472;4,283117351;1958;VER;rompere;15925;71747
tratti;2472;4,283117351;2106;VER;trattare;28375;467025
fico;2471;4,282941701;1605;NOM;fico;2736;499835
andrebbe;2467;4,28223839;2108;VER;andare;641883;435970
ammazzo;2466;4,282062384;1535;VER;ammazzare;10911;169589
labbra;2462;4,281357646;1766;NOM;labbro;2851;175798
ra;0;4,281004848;632;VER;<unknown>;1069550;484881
presenti;2460;4,281004848;2091;ADJ;presente;7376;56176
mappa;2460;4,281004848;1249;NOM;mappa;2953;9884
impazzire;2459;4,280828341;2022;VER;impazzire;8060;12068
facesse;2458;4,280651763;2161;VER;fare;1151883;460299
Lucas;0;4,280651763;428;NPR;Lucas;2458;72599
conoscevo;2457;4,280475113;1993;VER;conoscere;92248;66222
passione;2456;4,280298391;1762;NOM;passione;2658;490637
nata;2456;4,280298391;1867;ADJ;nato;10737;476112
significato;2455;4,280121597;1904;NOM;significato;2120;210038
corda;2454;4,279944731;1589;NOM;corda;3307;416902
foresta;2453;4,279767793;1182;NOM;foresta;2743;116534
sieda;2453;4,279767793;1776;VER;sedere;30364;26219
Messico;0;4,279590783;1049;NPR;Messico;2452;167786
prendono;2451;4,2794137;2076;VER;prendere;214434;417721
amare;2448;4,278882019;1779;VER;amare;46084;54944
Angela;0;4,278527204;532;NOM;angelo;3332;228562
sparire;2444;4,278172098;1974;VER;sparire;11399;160160
becco;2442;4,277816701;1771;NOM;becco;2314;301038
dissi;2441;4,277638894;1388;VER;dire;636417;164885
esami;2441;4,277638894;1506;NOM;esame;6273;49464
creatura;2440;4,277461014;1444;NOM;creatura;4276;82742
tecnologia;2440;4,277461014;1379;NOM;tecnologia;2722;395961
°;0;4,276926936;1013;SYM;°;2437;226939
autista;2436;4,276748764;1434;NOM;autista;2693;501363
istante;2435;4,276570518;1979;NOM;istante;2636;168552
spiega;2432;4,276035343;1975;VER;spiegare;19836;236492
cercano;2431;4,275856805;2044;VER;cercare;103013;282535
fabbrica;2431;4,275856805;1241;NOM;fabbrica;2656;61662
Zoe;0;4,275856805;305;ADJ;<unknown>;206355;398575
butta;2431;4,275856805;1815;VER;buttare;15440;294133
raggio;2430;4,275678193;1524;NOM;raggio;3489;150532
puntate;2429;4,275499508;2192;NOM;puntata;2252;253853
cassetta;2427;4,275141917;1207;NOM;cassetta;2976;325279
riposare;2427;4,275141917;1860;VER;riposare;6308;194469
caspita;2426;4,274963011;1671;INT;caspita;2426;66277
manchi;2425;4,274784031;1801;VER;mancare;21146;56922
titolo;2422;4,274246648;1632;NOM;titolo;3436;187460
reazione;2422;4,274246648;1788;NOM;reazione;2911;84387
sparito;2421;4,274067373;1901;VER;sparire;11399;208138
lieto;2421;4,274067373;1896;ADJ;lieto;3819;314408
Betty;0;4,273888024;468;NOM;<unknown>;4511888;333512
visione;2419;4,2737086;1481;NOM;visione;3194;6434
lasciarti;2418;4,273529103;2060;VER;lasciare;153939;170952
epoca;2418;4,273529103;1670;NOM;epoca;2469;280045
bestia;2418;4,273529103;1289;NOM;bestia;3316;203503
subsfactory;0;4,273349531;2084;NOM;<unknown>;4511888;301890
aiutatemi;2416;4,273169885;1464;VER;aiutare;72590;453078
golf;2416;4,273169885;1171;NOM;golf;2416;487143
spalla;2414;4,272810369;1730;NOM;spalla;10692;210014
sorelle;2414;4,272810369;1451;NOM;sorella;16823;462962
cattivi;2414;4,272810369;1794;NOM;cattivo;3837;150175
coscienza;2414;4,272810369;1730;NOM;coscienza;2470;292043
belli;2410;4,272090445;1890;ADJ;bello;79790;244600
seduti;2407;4,271549717;1920;VER;sedere;30364;345793
Fred;0;4,271188857;611;NPR;Fred;2405;428139
portarla;2404;4,271008315;2026;VER;portare;115105;185950
Europa;0;4,270827698;1436;NPR;Europa;2403;236057
diario;2402;4,270647005;1069;NOM;diario;2711;334546
dottori;2401;4,270466237;1615;NOM;dottore;48463;488359
reparto;2400;4,270285394;1532;NOM;reparto;2596;393937
nazione;2399;4,270104476;1422;NOM;nazione;3390;429941
Roy;0;4,270104476;444;NPR;Roy;2399;208292
Howard;0;4,270104476;597;NPR;Howard;2399;269479
45;0;4,270104476;1774;NUM;@card@;412838;302582
conosceva;2397;4,269742413;1792;VER;conoscere;92248;66215
farete;2396;4,269561268;1999;VER;fare;1151883;30222
superare;2396;4,269561268;2034;VER;superare;7819;289419
confuso;2394;4,269198752;1939;ADJ;confuso;4979;136023
portano;2394;4,269198752;1992;VER;portare;115105;299185
ucciderti;2394;4,269198752;1908;VER;uccidere;89873;100792
specchio;2393;4,26901738;1550;NOM;specchio;2805;77357
accadrà;2393;4,26901738;1927;VER;accadere;15731;354955
dirvi;2392;4,268835933;1949;VER;dire;636417;437147
sistemi;2391;4,26865441;1478;NOM;sistema;13620;42319
esco;2391;4,26865441;1981;VER;uscire;67981;337748
sport;2391;4,26865441;1530;NOM;sport;2391;360285
Rebecca;0;4,26865441;437;NPR;Rebecca;2391;351099
tempesta;2391;4,26865441;1262;NOM;tempesta;2713;413689
90;0;4,26847281;1824;NUM;@card@;412838;501089
fegato;2390;4,26847281;1410;NOM;fegato;2419;510862
impegnato;2389;4,268291135;2000;VER;impegnare;6234;123169
retta;2389;4,268291135;1912;ADJ;retto;4774;385211
mostrare;2388;4,268109384;2020;VER;mostrare;18023;77944
impazzito;2387;4,267927557;1885;VER;impazzire;8060;155163
motivi;2387;4,267927557;1979;NOM;motivo;18898;168854
cammina;2387;4,267927557;1651;VER;camminare;10027;294594
Vegas;0;4,267745653;899;NPR;Vegas;4511888;443751
troverà;2386;4,267745653;2018;VER;trovare;165912;205995
ambiente;2385;4,267563674;1759;NOM;ambiente;2581;134196
evento;2385;4,267563674;1672;NOM;evento;4430;352381
pulita;2381;4,266834992;1929;ADJ;pulito;2810;437690
festeggiare;2380;4,26665263;1872;VER;festeggiare;4529;414758
21;0;4,266470191;1703;NUM;@card@;412838;429933
Earl;0;4,266470191;372;NOM;<unknown>;4511888;296365
ricordati;2376;4,265922416;1948;VER;ricordarsi;48841;41871
chiamiamo;2376;4,265922416;2019;VER;chiamare;133592;105155
profumo;2375;4,265739671;1652;NOM;profumo;2652;47800
settore;2373;4,265373949;1442;NOM;settore;2499;37775
virus;2372;4,265190973;781;NOM;virus;2372;454489
Doc;2370;4,264824788;763;NOM;<unknown>;4511888;429883
fattoria;2367;4,264274932;1120;NOM;fattoria;2611;187479
regali;2367;4,264274932;1459;NOM;regalo;9144;263652
spiegazione;2365;4,263907975;1898;NOM;spiegazione;3146;54847
essermi;0;4,263540707;2128;VER;essere;3507888;28956
vedrà;2362;4,263356956;1930;VER;vedere;328947;193036
dosso;2362;4,263356956;1817;NOM;dosso;2388;249732
superato;2362;4,263356956;2012;VER;superare;7819;337145
portarmi;2361;4,263173128;2055;VER;portare;115105;161948
perde;2361;4,263173128;1917;VER;perdere;68537;441064
Andrew;0;4,262805237;563;NOM;<unknown>;4511888;428602
pulire;2359;4,262805237;1828;VER;pulire;10313;485958
negativo;2359;4,262805237;1618;ADJ;negativo;2758;423622
malapena;2357;4,262437035;2031;NOM;malapena;2357;33578
perdonami;2356;4,262252817;1645;VER;perdonare;11218;312787
follia;2355;4,26206852;1826;NOM;follia;2542;338485
dormendo;2354;4,261884146;1893;VER;dormire;30760;274015
giudizio;2352;4,261515162;1704;NOM;giudizio;2568;139041
talmente;2352;4,261515162;1925;ADV;talmente;2352;335173
darsi;2351;4,261330552;1832;VER;darsi;158901;10731
sapesse;2350;4,261145863;2027;VER;sapere;499632;76825
costume;2350;4,261145863;1308;NOM;costume;3402;172619
presenta;2350;4,261145863;2064;VER;presentare;13800;56170
attore;2349;4,260961097;1086;NOM;attore;5849;385576
Louis;0;4,260961097;641;NPR;Louis;2349;142158
Derek;0;4,260591327;499;NOM;<unknown>;4511888;106333
raccontare;2347;4,260591327;1911;VER;raccontare;16051;9449
fondi;2347;4,260591327;1526;NOM;fondo;13477;314349
superiori;2346;4,260406324;1770;ADJ;superiore;5021;49510
civile;2346;4,260406324;1630;ADJ;civile;3906;397289
professor;0;4,260221242;954;NOM;professor;2345;145167
maschera;2345;4,260221242;1219;NOM;maschera;2893;436860
dicessi;2344;4,260036081;2036;VER;dire;636417;181981
trovano;2340;4,259294648;1994;VER;trovare;165912;266860
cioccolato;2340;4,259294648;1465;NOM;cioccolato;3497;5600
vivono;2337;4,258737741;1902;VER;vivere;39609;177412
salvo;2337;4,258737741;1747;NOM;salvo;951;274969
vorremmo;2337;4,258737741;1934;VER;volere;609883;449091
team;2337;4,258737741;1355;NOM;team;2337;425809
orgoglioso;2337;4,258737741;1832;ADJ;orgoglioso;4396;87643
King;0;4,258366073;900;NPR;King;2335;446531
uscendo;2335;4,258366073;1966;VER;uscire;67981;374854
Là;2335;4,258366073;1792;ADV;là;2235;322909
prenderemo;2334;4,258180119;1959;VER;prendere;214434;409174
soggetto;2331;4,25762178;1159;NOM;soggetto;2853;5527
grasso;2331;4,25762178;1529;ADJ;grasso;3198;506336
ammettere;2329;4,257249155;1997;VER;ammettere;10048;435503
grazia;2329;4,257249155;1157;NOM;grazia;162780;500565
controlli;2328;4,257062723;1869;NOM;controllo;18353;478984
pene;2327;4,25687621;1318;NOM;pene;2327;284682
usi;2327;4,25687621;2037;VER;usare;48691;483626
Serena;0;4,256689618;377;NOM;<unknown>;4511888;310013
uccelli;2325;4,256502945;1265;NOM;uccello;5329;64192
coincidenza;2324;4,256316192;1811;NOM;coincidenza;2656;464300
sembro;2323;4,256129358;1966;VER;sembrare;108715;197466
concerto;2321;4,25575545;984;NOM;concerto;2733;214798
stop;0;4,25575545;1177;NOM;stop;2321;282951
partenza;2319;4,255381219;1762;NOM;partenza;2387;373769
vampiro;2319;4,255381219;536;NOM;vampiro;4810;135705
rifugio;2319;4,255381219;1373;NOM;rifugio;2540;251988
oggetto;2319;4,255381219;1595;NOM;oggetto;4500;12479
sé;2317;4,255006666;1492;PRO;sé;2317;420569
proviamo;2316;4,254819268;1957;VER;provare;60980;444507
leader;2315;4,254631789;1396;NOM;leader;2348;517402
ricevere;2315;4,254631789;2014;VER;ricevere;25783;268667
West;0;4,25444423;1241;NOM;west;2320;174944
H;0;4,254256589;1011;NPR;H.;1579;45633
vecchie;2312;4,254068867;1890;ADJ;vecchio;35316;138904
prendilo;2310;4,25369318;1659;VER;prendere;214434;292549
maledetta;2310;4,25369318;1708;ADJ;maledetto;3283;300230
iniziamo;2307;4,253129039;1924;VER;iniziare;33775;353249
single;2304;4,252564164;1553;NOM;single;4511888;495852
piantala;2303;4,252375709;1594;VER;piantare;5067;19643
na;0;4,252187172;574;VER;<unknown>;1069550;76072
Shawn;0;4,252187172;179;NOM;<unknown>;4511888;428525
elicottero;2301;4,251998554;1025;NOM;elicottero;2877;26538
russo;2301;4,251998554;951;ADJ;russo;3180;363726
legno;2299;4,25162107;1507;NOM;legno;2283;99096
sociale;2299;4,25162107;1581;ADJ;sociale;3652;66505
buffo;2298;4,251432206;1831;ADJ;buffo;2460;451979
portiamo;2297;4,251243259;1948;VER;portare;115105;242103
teste;2295;4,250865118;1505;NOM;testa;2295;27887
svegliato;2294;4,250675924;1874;VER;svegliare;14082;248843
palestra;2294;4,250675924;1264;NOM;palestra;2361;5025
lacrime;2292;4,250297289;1628;NOM;lacrima;2538;501273
studente;2292;4,250297289;1445;NOM;studente;7085;413092
servire;2291;4,250107848;1873;VER;servire;63151;45312
impegno;2291;4,250107848;1805;NOM;impegno;3336;361188
capite;2287;4,249349254;1770;VER;capire;130245;382397
disgustoso;2286;4,249159399;1798;ADJ;disgustoso;3176;8824
personaggio;2284;4,248779439;1291;NOM;personaggio;3402;484127
cambiamento;2284;4,248779439;1778;NOM;cambiamento;3766;254944
inventato;2282;4,248399146;1828;VER;inventare;5858;214145
Red;0;4,248208874;791;NOM;<unknown>;4511888;351751
ricchi;2281;4,248208874;1633;ADJ;ricco;7501;138146
Jeremy;0;4,248208874;429;NPR;Jeremy;4511888;166592
oggetti;2279;4,247828081;1606;NOM;oggetto;4500;87885
tagliare;2278;4,24763756;1781;VER;tagliare;12445;327510
aspettano;2278;4,24763756;1961;VER;aspettare;116636;341909
scambio;2276;4,247256265;1523;NOM;scambio;2570;125004
rischiare;2276;4,247256265;1935;VER;rischiare;5743;431239
Jackie;0;4,247065492;509;NOM;Jackie;4511888;378403
raggiunto;2275;4,247065492;1911;VER;raggiungere;11803;412655
pistole;2272;4,24649267;1409;NOM;pistola;19654;176462
direbbe;2272;4,24649267;1874;VER;dire;636417;74477
troppa;2271;4,246301561;1954;ADJ;troppo;14541;50765
brutte;2270;4,246110369;1898;ADJ;brutto;18820;190802
vederci;2269;4,245919092;1934;VER;vedere;328947;460401
fredda;2268;4,24572773;1718;ADJ;freddo;5673;264378
gradi;2265;4,24515314;1471;NOM;grado;13168;188228
voto;2264;4,244961441;1308;NOM;voto;4624;404458
incarico;2263;4,244769657;1640;NOM;incarico;2542;69129
Justin;0;4,244769657;418;NPR;Justin;4511888;139025
dannata;2263;4,244769657;1700;ADJ;dannato;3863;282741
crediamo;2262;4,244577788;1803;VER;credere;185652;222580
propri;2262;4,244577788;1847;ADJ;proprio;25769;395125
garage;2261;4,244385835;1439;NOM;garage;2261;439576
struttura;2260;4,244193797;1567;NOM;struttura;2729;353586
mondiale;2260;4,244193797;1423;ADJ;mondiale;2298;326708
divisione;2259;4,244001674;976;NOM;divisione;2473;431373
deserto;2258;4,243809465;1205;NOM;deserto;1925;483024
segreta;2257;4,243617172;1690;ADJ;segreto;7952;60058
vampiri;2257;4,243617172;522;NOM;vampiro;4810;428204
metterci;2256;4,243424793;1987;VER;mettere;124577;511328
splendida;2256;4,243424793;1775;ADJ;splendido;3743;184565
torre;2255;4,24323233;1046;NOM;torre;2747;252464
lasciar;0;4,24323233;1938;VER;lasciare;153939;142152
abiti;2255;4,24323233;1720;NOM;abito;4495;287320
falla;2255;4,24323233;1769;VER;fallare;4891;49049
giocato;2255;4,24323233;1696;VER;giocare;27555;427452
reputazione;2254;4,243039781;1663;NOM;reputazione;2270;165389
profilo;2252;4,242654426;1405;NOM;profilo;2445;139817
pago;2251;4,242461621;1720;VER;pagare;2919;362510
pubblica;2250;4,242268729;1686;ADJ;pubblico;6938;211018
Katie;0;4,242075752;469;NPR;Katie;4511888;438638
bosco;2248;4,24188269;1245;NOM;bosco;3249;366128
piacevole;2247;4,241689541;1865;ADJ;piacevole;2498;68382
giornalista;2246;4,241496307;1148;NOM;giornalista;3411;73286
fregato;2246;4,241496307;1737;VER;fregare;12608;440018
spari;2245;4,241302986;1549;NOM;sparo;4101;308314
Charlotte;0;4,240722508;436;NPR;charlotte;2244;71438
dolci;2242;4,240722508;1552;ADJ;dolce;9081;263257
brillante;2241;4,240528843;1770;ADJ;brillante;2304;33171
facevano;2240;4,240335091;1828;VER;fare;1151883;424460
esplodere;2240;4,240335091;1555;VER;esplodere;5071;308763
confine;2240;4,240335091;1279;NOM;confine;2240;269387
incontrati;2239;4,240141253;1842;VER;incontrare;27005;494667
ferro;2238;4,239947328;1546;NOM;ferro;2625;499981
prenderà;2238;4,239947328;1951;VER;prendere;214434;127701
Jay;0;4,239559218;407;NOM;<unknown>;4511888;5288
scientifica;2236;4,239559218;1374;ADJ;scientifico;3370;346552
oceano;2236;4,239559218;1301;NOM;oceano;2516;323041
urlare;2236;4,239559218;1802;VER;urlare;6676;198893
largo;2235;4,239365034;1397;ADJ;largo;3526;486675
zucchero;2235;4,239365034;1515;NOM;zucchero;2420;439399
contatti;2235;4,239365034;1747;NOM;contatto;9907;190652
poveri;2235;4,239365034;1541;NOM;povero;3350;373219
coda;2234;4,239170762;1482;NOM;coda;2765;83501
mangi;2234;4,239170762;1779;VER;mangiare;42515;453246
quadro;2234;4,239170762;1245;NOM;quadro;2819;170676
riso;2232;4,238781957;1283;NOM;riso;2167;318781
Man;0;4,238781957;962;NPR;Man;2232;236935
conseguenze;2230;4,238392805;1767;NOM;conseguenza;3269;417412
legame;2230;4,238392805;1688;NOM;legame;3104;331999
ragazzini;2229;4,238198097;1595;NOM;ragazzino;4511888;323355
levati;2229;4,238198097;1587;VER;levare;6256;97854
delitto;2229;4,238198097;1193;NOM;delitto;2496;348382
nascita;2227;4,237808421;1667;NOM;nascita;2328;418305
fiero;2227;4,237808421;1748;ADJ;fiero;3997;461602
pazzesco;2227;4,237808421;1744;ADJ;pazzesco;2987;319115
Carlos;0;4,237418394;493;NPR;Carlos;2225;52456
aiutarvi;2224;4,23722325;1884;VER;aiutare;72590;295239
preside;2223;4,237028017;911;NOM;preside;2223;482375
y;0;4,237028017;575;NOM;<unknown>;4511888;285179
venisse;2220;4,236441793;1966;VER;venire;229884;426180
difficili;2219;4,236246209;1887;ADJ;difficile;24219;89153
disposto;2219;4,236246209;1861;VER;disporre;4427;26254
dille;2219;4,236246209;1725;VER;dire;636417;486828
gliene;2218;4,236050537;1872;PRO;gliene;2218;465031
supporto;2216;4,235658927;1639;NOM;supporto;2312;435143
equipaggio;2216;4,235658927;807;NOM;equipaggio;2270;433135
esseri;2212;4,234874648;1500;NOM;essere;4837;352916
crimini;2212;4,234874648;1421;NOM;crimine;9358;16853
potevamo;2211;4,234678357;1842;VER;potere;676977;169549
sincero;2209;4,234285508;1799;ADJ;sincero;4261;219269
straordinario;2209;4,234285508;1743;ADJ;straordinario;4134;504781
finiti;2208;4,23408895;1880;VER;finire;80815;188863
tedesco;2207;4,233892303;912;ADJ;tedesco;3628;196178
giovanotto;2206;4,233695568;1477;NOM;giovanotto;2400;39396
band;0;4,233498742;859;NOM;band;2205;359003
grossi;2205;4,233498742;1832;ADJ;grosso;16524;140158
uhm;2204;4,233301828;980;INT;uhm;2204;219888
consegna;2202;4,232907732;1640;NOM;consegna;2707;291490
mutande;2202;4,232907732;1497;NOM;mutanda;2202;493796
Jordan;0;4,232907732;458;NOM;<unknown>;4511888;44279
previsto;2200;4,232513277;1827;VER;prevedere;3938;1109
accusato;2199;4,232315915;1547;VER;accusare;6009;379239
vice;0;4,232118464;1106;NOM;vice;2198;111501
chiedermi;2197;4,231920922;1953;VER;chiedere;99913;129087
combattimento;2196;4,231723291;1321;NOM;combattimento;2592;272662
andò;2196;4,231723291;1625;VER;andare;641883;13285
colpire;2194;4,231327759;1727;VER;colpire;19652;214017
Jamie;0;4,231327759;406;NPR;Jamie;4511888;126415
chiederle;2193;4,231129858;1860;VER;chiedere;99913;152993
pipì;2192;4,230931866;1404;NOM;pipì;2192;144076
notti;2186;4,229742017;1725;NOM;notte;44958;232442
amava;2185;4,229543392;1611;VER;amare;46084;476210
chance;2185;4,229543392;1330;NOM;chance;2185;178561
splendido;2185;4,229543392;1639;ADJ;splendido;3743;184556
datemi;2183;4,229145868;1731;VER;dare;158901;479325
K;0;4,22894697;1018;NOM;<unknown>;4511888;154898
arriviamo;2182;4,22894697;1836;VER;arrivare;85743;147750
resistere;2181;4,228747981;1831;VER;resistere;6017;374807
offesa;2181;4,228747981;1815;NOM;offesa;1725;344349
crudele;2181;4,228747981;1714;ADJ;crudele;2516;285747
vetro;2181;4,228747981;1445;NOM;vetro;2802;160726
dodici;0;4,2285489;1581;ADJ;dodici;2019;179080
legato;2180;4,2285489;1736;ADJ;legato;6498;116418
uguali;2179;4,228349728;1743;ADJ;uguale;3016;153863
sorta;0;4,228150465;1716;NOM;sorta;2111;218159
Marcus;0;4,228150465;427;NPR;Marcus;4511888;124265
usata;2177;4,22795111;1763;VER;usare;48691;465432
esserne;2177;4,22795111;1929;VER;essere;3507888;88361
professionista;2177;4,22795111;1639;NOM;professionista;3300;107675
morì;2177;4,22795111;1538;VER;morire;96820;2248
stiano;2174;4,227352496;1910;VER;stare;648668;93729
martedì;2173;4,227152774;1431;NOM;martedì;2176;178045
Travis;0;4,227152774;324;NOM;<unknown>;4511888;205744
biscotti;2173;4,227152774;1327;NOM;biscotto;2991;457169
documento;2172;4,226952961;1456;NOM;documento;8041;19542
cercava;2171;4,226753055;1807;VER;cercare;103013;90824
continuate;2170;4,226553058;1745;VER;continuare;33215;1077
aiutarlo;2170;4,226553058;1786;VER;aiutare;72590;151106
farli;2170;4,226553058;1899;VER;fare;1151883;354010
umore;2169;4,226352968;1772;NOM;umore;2213;514230
fidi;2169;4,226352968;1795;VER;fidare;17163;499183
tedeschi;2169;4,226352968;659;NOM;tedesco;1659;357110
robot;2168;4,226152786;752;NOM;robot;2168;325959
furbo;2167;4,225952512;1684;ADJ;furbo;2568;194641
ufficialmente;2163;4,225150491;1830;ADV;ufficialmente;2163;473130
quaggiù;2162;4,224949754;1606;ADV;quaggiù;2162;177826
richiamo;2161;4,224748924;1746;NOM;richiamo;1851;145639
succeda;2160;4,224548001;1861;VER;succedere;125771;135457
improvvisamente;2160;4,224548001;1745;ADV;improvvisamente;2160;212862
veleno;2159;4,224346986;1150;NOM;veleno;2314;70968
Olivia;0;4,224346986;397;NOM;<unknown>;4511888;317858
spiacente;2159;4,224346986;1613;ADJ;spiacente;2321;436142
prime;0;4,224145877;1745;ADJ;primo;109479;372353
soffrire;2157;4,223944675;1709;VER;soffrire;8182;389575
prigioniero;2157;4,223944675;1254;NOM;prigioniero;3374;12253
verrai;2155;4,223541991;1800;VER;venire;229884;499865
metro;2155;4,223541991;1536;NOM;metro;8106;127645
prigionieri;2155;4,223541991;1105;NOM;prigioniero;3374;12251
agire;2154;4,223340509;1777;VER;agire;6369;468491
assassini;2154;4,223340509;1440;NOM;assassino;7287;142638
whoa;0;4,223340509;818;NOM;<unknown>;4511888;321445
chieda;2154;4,223340509;1843;VER;chiedere;99913;393700
maglietta;2153;4,223138933;1493;NOM;maglietta;2701;427095
moltissimo;2153;4,223138933;1790;ADV;moltissimo;2640;300756
guadagnare;2152;4,222937264;1792;VER;guadagnare;8671;284442
punizione;2151;4,222735501;1473;NOM;punizione;2320;422170
resistenza;2151;4,222735501;1420;NOM;resistenza;2178;85338
progetti;2151;4,222735501;1574;NOM;progetto;7129;159413
blocco;2147;4,221927511;1348;NOM;blocco;2431;339747
cadaveri;2146;4,221725279;1415;NOM;cadavere;6556;499253
Blair;0;4,221725279;199;NPR;Blair;4511888;312003
rossi;2145;4,221522952;1237;ADJ;rosso;9765;1891
battere;2144;4,221320531;1648;VER;battere;11216;22727
realmente;2144;4,221320531;1642;ADV;realmente;2144;315869
Papa;2144;4,221320531;728;NOM;papa;3064;297712
cerimonia;2144;4,221320531;1347;NOM;cerimonia;2352;279292
fermata;2143;4,221118015;1693;NOM;fermata;1492;441057
fantasmi;2143;4,221118015;950;NOM;fantasma;6128;13814
Sally;0;4,220915405;509;NOM;<unknown>;4511888;391076
umanità;2141;4,220712701;1356;NOM;umanità;2141;79704
adatto;2139;4,220307008;1838;ADJ;adatto;3434;451018
trasferito;2138;4,220104019;1722;VER;trasferire;9613;417350
Ethan;0;4,220104019;257;NPR;Ethan;4511888;90809
relazioni;2138;4,220104019;1606;NOM;relazione;10037;30154
diventi;2134;4,219291114;1851;VER;diventare;46915;3332
penna;2134;4,219291114;1303;NOM;penna;2616;185094
cameriera;2134;4,219291114;1322;NOM;cameriere;4284;477816
studi;2133;4,219087649;1593;NOM;studio;10560;342877
disco;2133;4,219087649;1067;NOM;disco;2956;299112
olio;2132;4,21888409;1372;NOM;olio;2292;88307
divertendo;2131;4,218680435;1746;VER;divertire;16856;325535
incontri;2130;4,218476684;1626;NOM;incontro;10502;300840
parlargli;2126;4,217660724;1779;VER;parlare;204981;239177
sinceramente;2126;4,217660724;1798;ADV;sinceramente;2126;497645
marcia;2125;4,217456495;1447;NOM;marcia;1885;134942
ammiraglio;2125;4,217456495;402;NOM;ammiraglio;2125;357465
conte;2118;4,216024191;428;NOM;conte;2118;478496
Johnson;0;4,216024191;736;NPR;Johnson;2118;53796
droghe;2118;4,216024191;1337;NOM;droga;9627;367682
frase;2118;4,216024191;1705;NOM;frase;2755;342888
intanto;2117;4,21581919;1672;ADV;intanto;2117;266766
íl;0;4,21581919;220;DET;il;4511888;322770
giovedì;2116;4,215614092;1328;NOM;giovedì;2129;438480
commissario;2115;4,215408898;539;NOM;commissario;2147;468998
avreste;2115;4,215408898;1774;VER;avere;2620540;301690
recuperare;2113;4,214998217;1765;VER;recuperare;6005;151739
eccitante;2112;4,214792731;1701;ADJ;eccitante;1823;382471
potenza;2112;4,214792731;1285;NOM;potenza;2192;158267
ricominciare;2112;4,214792731;1752;VER;ricominciare;4852;299760
Teddy;0;4,214587148;411;NOM;<unknown>;4511888;115244
simpatico;2111;4,214587148;1623;ADJ;simpatico;3051;149974
sfida;2110;4,214381468;1452;NOM;sfida;2364;135556
scoprirlo;2108;4,213969814;1868;VER;scoprire;35725;294934
biblioteca;2108;4,213969814;1207;NOM;biblioteca;2210;53787
stronzi;2108;4,213969814;1405;NOM;stronzo;2108;56435
russi;2105;4,213351601;780;NOM;russo;2822;363724
Barney;0;4,21293897;411;NOM;<unknown>;4511888;427037
alcol;2103;4,21293897;1344;NOM;alcol;2103;49514
stupendo;2103;4,21293897;1575;ADJ;stupendo;3761;357318
organizzare;2102;4,212732507;1757;VER;organizzare;8274;316752
uniforme;2101;4,212525946;1411;ADJ;uniforme;1430;94846
aperti;2101;4,212525946;1762;ADJ;aperto;6940;149710
sentirlo;2100;4,212319287;1804;VER;sentire;192280;334721
federali;2100;4,212319287;1145;ADJ;federale;3821;437699
illegale;2097;4,211698718;1579;ADJ;illegale;2734;288940
canale;2097;4,211698718;1423;NOM;canale;2717;297660
primavera;2097;4,211698718;1356;NOM;primavera;2125;327116
miliardi;2097;4,211698718;994;NOM;miliardo;2709;93182
sciocco;2096;4,211491665;1509;ADJ;sciocco;2343;2169
figura;2094;4,211077262;1647;NOM;figura;2482;13251
orecchio;2093;4,210869912;1445;NOM;orecchio;2358;289093
quantità;2093;4,210869912;1589;NOM;quantità;2093;384328
racconti;2093;4,210869912;1718;NOM;racconto;2415;147400
rovinare;2092;4,210662463;1805;VER;rovinare;11338;207688
destro;2091;4,210454915;1426;ADJ;destro;3520;132906
strane;2090;4,210247267;1767;ADJ;strano;25680;437789
adulti;2089;4,21003952;1588;NOM;adulto;2413;345764
flotta;2088;4,209831674;574;NOM;flotta;2092;35994
decisioni;2087;4,209623729;1635;NOM;decisione;9187;142647
mangio;2087;4,209623729;1670;VER;mangiare;42515;473239
condizione;2083;4,208790949;1665;NOM;condizione;6381;105086
Owen;0;4,208582504;370;NPR;Owen;4511888;7393
pesci;2081;4,20837396;1208;NOM;pesce;7187;290241
canta;2080;4,208165315;1186;VER;cantare;10702;157137
territorio;2080;4,208165315;1428;NOM;territorio;2392;490222
estremamente;2078;4,207747724;1763;ADV;estremamente;2078;331104
fottiti;2077;4,207538778;1217;VER;fottersi;16297;156013
Cole;0;4,207120584;323;NOM;cola;2329;373501
considerato;2074;4,206911335;1782;VER;considerare;11570;12575
normali;2074;4,206911335;1673;ADJ;normale;11063;163646
agio;2073;4,206701986;1704;NOM;agio;2114;282246
St;0;4,206701986;1054;NPR;St;2073;393156
Todd;0;4,206492536;383;NPR;Todd;4511888;34736
diamine;2071;4,206282985;1665;INT;diamine;2071;265572
Dylan;0;4,206282985;287;NPR;Dylan;4511888;251619
smettetela;2070;4,206073333;1548;VER;smettere;39551;436963
onestamente;2069;4,20586358;1719;ADV;onestamente;2069;503456
cassa;2067;4,205443769;1352;NOM;cassa;2881;65428
prodotto;2066;4,205233711;1443;NOM;prodotto;2711;269094
valigia;2065;4,205023552;1195;NOM;valigia;3817;498479
miele;2064;4,20481329;1231;NOM;miele;2065;225867
muove;2064;4,20481329;1623;VER;muovere;32025;166480
mettono;2062;4,204392462;1785;VER;mettere;124577;364012
Ellen;0;4,204181895;417;NOM;<unknown>;4511888;336560
giri;2061;4,204181895;1591;NOM;giro;31376;57548
parleremo;2060;4,203971226;1748;VER;parlare;204981;263508
romantico;2059;4,203760455;1558;ADJ;romantico;3042;28579
circostanze;2059;4,203760455;1652;NOM;circostanza;2398;163522
chiacchiere;2059;4,203760455;1707;NOM;chiacchiera;2148;276199
sciocchezze;2056;4,203127526;1518;NOM;sciocchezza;2794;481498
febbre;2055;4,202916345;1229;NOM;febbre;2073;277796
Linda;0;4,202916345;458;NPR;Linda;4511888;324478
prenditi;2051;4,202070591;1742;VER;prendere;214434;234662
montagne;0;4,202070591;1241;NOM;montagna;5038;334291
disponibile;2050;4,201858895;1706;ADJ;disponibile;2796;53817
figurati;2050;4,201858895;1656;INT;<unknown>;2693;464229
mettilo;2048;4,201435193;1605;VER;mettere;124577;164925
nudo;2048;4,201435193;1414;ADJ;nudo;4657;395887
accada;2048;4,201435193;1729;VER;accadere;15731;372955
tratto;2047;4,201223187;1729;NOM;tratto;2171;467021
eventi;2045;4,200798864;1538;NOM;evento;4430;352385
campi;2042;4,200161601;1316;NOM;campo;15133;20778
parenti;2042;4,200161601;1581;NOM;parente;3323;389787
Junior;2042;4,200161601;685;NOM;junior;1746;513753
restate;2040;4,199736239;1563;VER;restare;38155;376073
ufficiali;2040;4,199736239;1213;NOM;ufficiale;3276;211222
emozioni;2040;4,199736239;1466;NOM;emozione;2930;52908
funzioni;2039;4,199523402;1690;NOM;funzione;3118;13122
synch;0;4,199523402;1591;NOM;<unknown>;4511888;69020
sistemato;2038;4,19931046;1777;VER;sistemare;12400;44619
lontani;2038;4,19931046;1667;ADJ;lontano;17322;442065
inverno;2035;4,198671008;1265;NOM;inverno;2135;136799
probabilità;2035;4,198671008;1554;NOM;probabilità;2035;280808
ebrei;2033;4,198244183;635;NOM;ebreo;1986;13071
bruciato;2033;4,198244183;1413;VER;bruciare;9293;418675
preferita;2032;4,198030613;1706;ADJ;preferito;3723;59720
folla;2031;4,197816938;1339;NOM;folla;1960;162338
diventerà;2031;4,197816938;1730;VER;diventare;46915;151773
Kenny;0;4,197603158;379;NOM;<unknown>;4511888;289301
canzoni;2030;4,197603158;1158;NOM;canzone;9062;328733
completa;2029;4,197389272;1765;ADJ;completo;5122;179067
rinforzi;2029;4,197389272;1303;NOM;rinforzo;2167;466161
viviamo;2028;4,197175281;1664;VER;vivere;39609;28198
Lauren;0;4,196746983;361;NPR;Lauren;4511888;272144
porno;2024;4,196318262;1114;ADJ;porno;2024;282470
studiato;2024;4,196318262;1623;VER;studiare;8066;29805
museo;2023;4,196103743;939;NOM;museo;2214;72053
rivederti;2022;4,195889117;1712;VER;rivedere;10280;190497
Ron;0;4,195889117;427;NPR;Ron;2022;218721
cavo;2022;4,195889117;1387;NOM;cavo;2352;458623
sognato;2022;4,195889117;1506;VER;sognare;6200;175008
gia;2022;4,195889117;485;ADV;già;1069550;238825
fiamme;2021;4,195674386;1385;NOM;fiamma;2941;427838
assicurati;2021;4,195674386;1764;VER;assicurarsi;13166;222458
convincere;2020;4,195459548;1735;VER;convincere;13208;288633
stretto;2020;4,195459548;1688;ADJ;stretto;2376;125884
usano;2019;4,195244604;1695;VER;usare;48691;54054
aggressione;2019;4,195244604;1300;NOM;aggressione;2256;134249
vasca;2017;4,194814396;1217;NOM;vasca;2174;219443
dovrete;2017;4,194814396;1689;VER;dovere;548096;138911
conviene;2017;4,194814396;1654;VER;convenire;2450;178890
bevo;2017;4,194814396;1667;VER;bere;31940;462294
parlate;2016;4,194599133;1619;VER;parlare;204981;445715
giocatore;2016;4,194599133;1185;NOM;giocatore;3642;102308
yeah;0;4,194383762;532;NOM;<unknown>;4511888;133919
dovuta;2014;4,194168285;1781;VER;dovere;548096;290619
mistero;2014;4,194168285;1488;NOM;mistero;2503;64151
tenete;2013;4,193952701;1619;VER;tenere;79315;151074
sigarette;2011;4,193521211;1259;NOM;sigaretta;4508;267734
alti;2010;4,193305305;1634;ADJ;alto;21342;186256
Gus;0;4,193305305;268;NOM;<unknown>;4511888;374205
chiederò;2010;4,193305305;1770;VER;chiedere;99913;38901
Cina;0;4,193089292;873;NPR;Cina;2009;206427
ritornare;2009;4,193089292;1606;VER;ritornare;8097;143581
spinto;2008;4,192873171;1635;VER;spingere;9365;512626
set;2008;4,192873171;965;NOM;set;2008;18630
cretino;2007;4,192656943;1430;ADJ;cretino;1635;478912
servito;2006;4,192440607;1723;VER;servire;63151;93039
fortunati;2006;4,192440607;1718;ADJ;fortunato;10557;516726
Jo;0;4,192440607;405;NOM;<unknown>;4511888;450514
professionale;2005;4,192224163;1571;ADJ;professionale;2323;291147
larga;2004;4,192007611;1653;ADJ;largo;3526;486673
orso;2004;4,192007611;840;NOM;orso;2793;312662
dubbi;2003;4,191790952;1641;NOM;dubbio;2302;164380
poterlo;2003;4,191790952;1782;VER;potere;676977;146557
Jules;0;4,191790952;455;NOM;<unknown>;4511888;177407
chiara;2002;4,191574184;1531;ADJ;chiaro;13981;387386
influenza;2000;4,191140323;1528;NOM;influenza;1930;44070
partecipare;1997;4,190488718;1644;VER;partecipare;4195;360022
puttane;1997;4,190488718;1381;NOM;puttana;19409;486614
fiera;1996;4,190271299;1395;ADJ;fiero;3997;218605
Wilson;0;4,190053771;619;NPR;Wilson;1995;508504
spagnolo;1994;4,189836134;944;NOM;spagnolo;1430;52883
Mrs;0;4,189836134;472;NPR;Mrs;1994;394213
armadio;1991;4,189182568;1427;NOM;armadio;2158;89307
Beth;0;4,188964494;356;NPR;Beth;4511888;506802
coraggioso;1989;4,188746311;1489;ADJ;coraggioso;3607;299778
proiettili;1989;4,188746311;1259;NOM;proiettile;5088;222618
imbarazzo;1989;4,188746311;1638;NOM;imbarazzo;1990;46746
rivista;1988;4,188528017;1259;NOM;rivista;2128;376634
morso;1987;4,188309614;1171;NOM;morso;3433;164008
mezzi;1985;4,187872479;1590;NOM;mezzo;1519;205649
alza;1985;4,187872479;1572;VER;alzare;12925;234461
accadere;1984;4,187653745;1657;VER;accadere;15731;404737
rapito;1983;4,187434902;1214;VER;rapire;4649;143203
Texas;0;4,187434902;820;NPR;Texas;1983;122805
bombe;1982;4,187215949;967;NOM;bomba;8357;211002
offro;1982;4,187215949;1712;VER;offrire;16263;6388
Martha;0;4,186996885;412;NPR;Martha;4511888;93259
capirlo;1979;4,186558425;1758;VER;capire;130245;456777
Lois;0;4,186558425;243;NOM;<unknown>;4511888;485760
italiano;1978;4,186339029;1088;ADJ;italiano;3727;279483
palco;1977;4,186119522;1099;NOM;palco;1995;182049
corretto;1975;4,185680175;1555;ADJ;corretto;3135;279561
tappeto;1975;4,185680175;1289;NOM;tappeto;2293;14942
orario;1974;4,185460334;1624;NOM;orario;2226;110093
conferma;1971;4,184800145;1548;NOM;conferma;1258;464618
scritta;1970;4,184579859;1549;ADJ;scritto;35110;147150
aiutando;1965;4,183476748;1668;VER;aiutare;72590;371507
entriamo;1965;4,183476748;1640;VER;entrare;59544;383926
andar;0;4,183476748;1576;VER;andare;641883;484311
terrò;1965;4,183476748;1740;VER;tenere;79315;227804
scimmia;1961;4,182592237;905;NOM;scimmia;3065;282330
pessima;1959;4,182149306;1644;ADJ;pessimo;4160;109565
dacci;1958;4,18192767;1568;VER;dare;4511888;452470
tragedia;1957;4,181705922;1550;NOM;tragedia;2153;180235
preoccuparsi;1957;4,181705922;1720;VER;preoccuparsi;43338;405010
truppe;1956;4,18148406;994;NOM;truppa;2193;258299
mando;1954;4,181039996;1652;VER;mandare;36513;8392
piangendo;1954;4,181039996;1356;VER;piangere;14088;65789
deluso;1953;4,180817794;1538;VER;deludere;4706;145193
geloso;1953;4,180817794;1357;ADJ;geloso;3534;77893
Lewis;0;4,180817794;495;NPR;Lewis;4511888;188081
cari;1953;4,180817794;1476;ADJ;caro;5627;37560
Lou;0;4,180817794;487;NPR;Lou;4511888;298204
istinto;1951;4,180373048;1473;NOM;istinto;2370;486281
conosciuta;1950;4,180150504;1705;VER;conoscere;92248;482590
&;0;4,180150504;930;SYM;&;1950;353791
mettete;1948;4,179705073;1613;VER;mettere;124577;139175
stronzata;1946;4,179259186;1366;NOM;stronzata;1069550;277189
Hannah;0;4,17903607;319;NOM;<unknown>;4511888;244617
vergine;1944;4,17881284;1132;ADJ;vergine;1456;399940
Jessica;0;4,17881284;475;NPR;Jessica;1944;19153
arrabbiare;1944;4,17881284;1627;VER;arrabbiare;14491;441333
averci;1943;4,178589495;1754;VER;avere;2620540;69069
superficie;1941;4,17814246;1113;NOM;superficie;2036;503135
sabbia;1940;4,17791877;1156;NOM;sabbia;1948;133968
pensavamo;1940;4,17791877;1671;VER;pensare;271765;78498
meraviglia;1939;4,177694964;1586;NOM;meraviglia;2236;252951
osso;1939;4,177694964;1283;NOM;osso;5432;304208
occupata;1939;4,177694964;1614;VER;occupare;25028;171199
organizzazione;1939;4,177694964;1333;NOM;organizzazione;2202;171515
lasciarla;1938;4,177471043;1658;VER;lasciare;153939;113289
Clay;0;4,177247007;304;NOM;<unknown>;4511888;111609
cavaliere;1936;4,177022855;757;NOM;cavaliere;2839;395066
fisica;1936;4,177022855;1357;ADJ;fisico;2992;378974
Nancy;0;4,177022855;494;NPR;Nancy;4511888;381609
risorse;1934;4,176574204;1444;NOM;risorsa;2585;117183
sospetti;1932;4,176125088;1459;NOM;sospetto;4401;120751
indagini;1932;4,176125088;1378;NOM;indagine;5486;389856
benvenuta;1931;4,175900356;1570;NOM;benvenuto;9257;315978
vere;1929;4,175450543;1584;ADJ;VERO;127049;391243
Allison;0;4,175450543;395;NOM;<unknown>;4511888;194744
diglielo;1928;4,175225462;1488;VER;dire;636417;333057
disposizione;1928;4,175225462;1652;NOM;disposizione;2152;312344
Ringraziamento;1928;4,175225462;855;NOM;ringraziamento;2141;92483
Ehilà;1928;4,175225462;1382;INT;ehilà;1860;23538
cintura;1928;4,175225462;1279;NOM;cintura;2540;333562
attraente;1927;4,175000264;1478;ADJ;attraente;2161;359465
innocenti;1927;4,175000264;1440;ADJ;innocente;5209;213319
cammino;1927;4,175000264;1304;NOM;cammino;2334;294588
uccido;1926;4,174774949;1453;VER;uccidere;89873;242960
party;0;4,174774949;1023;NOM;party;1926;201113
salutare;1926;4,174774949;1611;VER;salutare;1135;225222
imbecille;1926;4,174774949;1355;ADJ;imbecille;1494;249588
Boston;0;4,174549517;782;NPR;Boston;1927;70740
corto;1925;4,174549517;1583;ADJ;corto;4125;34257
preparando;1924;4,174323968;1702;VER;preparare;21904;783
torto;1924;4,174323968;1474;NOM;torto;2777;204178
raccogliere;1924;4,174323968;1642;VER;raccogliere;6762;425721
extra;1923;4,174098302;1507;NOM;extra;1923;263573
inizi;1923;4,174098302;1693;VER;iniziare;14732;462076
ascoltato;1922;4,173872519;1632;VER;ascoltare;55142;413292
nervosa;1922;4,173872519;1509;ADJ;nervoso;5233;169887
bambine;1921;4,173646618;897;NOM;bambina;68410;55330
cercherò;1921;4,173646618;1686;VER;cercare;103013;94000
Barry;0;4,173646618;463;NPR;Barry;1921;267918
stress;1920;4,173420599;1404;NOM;stress;1920;372027
urgente;1920;4,173420599;1496;ADJ;urgente;2134;345797
Brown;0;4,173194463;664;NOM;<unknown>;4511888;22077
Mitchell;0;4,173194463;386;NOM;<unknown>;4511888;249988
miseria;1915;4,172288739;1387;NOM;miseria;1962;134149
credeva;1913;4,171835168;1581;VER;credere;185652;481664
ammazzare;1913;4,171835168;1430;VER;ammazzare;10911;444071
saggio;1912;4,171608204;1334;ADJ;saggio;1848;266050
passerà;1912;4,171608204;1670;VER;passare;65203;341339
Ricky;0;4,171608204;291;NPR;Ricky;4511888;112479
ride;1911;4,171381122;821;VER;ridere;11803;55316
prendersi;1909;4,170926602;1654;VER;prendersi;214434;457754
serpente;1909;4,170926602;891;NOM;serpente;2870;275311
noioso;1909;4,170926602;1504;ADJ;noioso;3512;275869
motel;1909;4,170926602;978;NOM;motel;1909;367072
vuota;1908;4,170699163;1511;ADJ;vuoto;5065;165735
muori;1908;4,170699163;1274;VER;morire;96820;262767
condividere;1907;4,170471605;1571;VER;condividere;5074;379496
0;0;4,170243927;1046;NUM;@card@;412838;40699
accetto;1905;4,170016131;1591;VER;accettare;2935;217930
plastica;1905;4,170016131;1323;NOM;plastica;1547;285825
Miller;0;4,170016131;571;NPR;Miller;1905;217995
stanze;1905;4,170016131;1395;NOM;stanza;24120;34193
confronti;1904;4,169788214;1607;NOM;confronto;3400;354275
sinistro;1903;4,169560178;1347;ADJ;sinistro;2803;447532
geniale;1902;4,169332023;1470;ADJ;geniale;2053;102403
Mosca;1902;4,169332023;875;NOM;mosca;2579;5471
es;0;4,169332023;304;NOM;<unknown>;4511888;279686
volante;1900;4,168875351;1279;NOM;volante;1337;196440
portatelo;1899;4,168646835;1467;VER;portare;115105;104952
Walker;0;4,168418199;442;NOM;<unknown>;4511888;26014
litigare;1897;4,168189442;1526;VER;litigare;5809;230700
esistenza;1897;4,168189442;1440;NOM;esistenza;1934;446532
essersi;1896;4,167960565;1687;VER;essere;3507888;306401
ditemi;1895;4,167731567;1506;VER;dire;636417;51777
pericolosa;1895;4,167731567;1555;ADJ;pericoloso;10016;385960
gigante;1890;4,166584763;1317;ADJ;gigante;1790;131876
giapponese;1890;4,166584763;830;ADJ;giapponese;2606;142911
usciti;1890;4,166584763;1622;VER;uscire;67981;359233
offre;1890;4,166584763;1470;VER;offrire;16263;6380
Erica;0;4,166355039;196;NOM;erica;1877;466447
chiamando;1889;4,166355039;1571;VER;chiamare;133592;456482
bassa;1889;4,166355039;1546;ADJ;basso;6966;49515
colori;1889;4,166355039;1376;NOM;colore;6899;335244
quanta;1888;4,166125192;1645;DET;quanto;43714;366620
Shane;0;4,166125192;254;NOM;<unknown>;4511888;394401
cancello;1888;4,166125192;1131;NOM;cancello;2465;188376
raccolto;1885;4,165434923;1331;VER;raccogliere;6762;433278
visite;1884;4,165204589;1485;NOM;visita;8500;23108
Eva;0;4,165204589;428;NPR;Eva;1884;239101
en;0;4,164974133;247;NOM;<unknown>;4511888;279663
chiamarti;1882;4,164743554;1620;VER;chiamare;133592;306813
procedura;1882;4,164743554;1368;NOM;procedura;2509;44766
istruzioni;1880;4,16428203;1423;NOM;istruzione;2736;248210
Germania;0;4,164051084;804;NPR;Germania;1879;9288
35;0;4,163820014;1414;NUM;@card@;412838;365831
pura;1878;4,163820014;1521;ADJ;puro;7192;347962
avevate;1878;4,163820014;1589;VER;avere;2620540;100160
presentato;1877;4,163588822;1592;VER;presentare;13800;503364
veicolo;1877;4,163588822;1130;NOM;veicolo;2497;460123
Sophie;0;4,163588822;320;NPR;Sophie;4511888;413368
cameriere;1876;4,163357507;1115;NOM;cameriere;4284;477814
Holly;0;4,163357507;325;NPR;Holly;4511888;307181
scopare;1875;4,163126068;1173;VER;scopare;7487;200390
accorto;1872;4,162431012;1595;VER;accorgersi;6980;121901
pancia;1871;4,162199079;1379;NOM;pancia;1939;190266
Marty;0;4,162199079;316;NOM;<unknown>;4511888;107519
catturato;1870;4,161967022;1454;VER;catturare;5710;427047
conferenza;1868;4,161502536;1120;NOM;conferenza;2442;301735
leggenda;1868;4,161502536;1252;NOM;leggenda;2263;292801
Marie;0;4,161270106;455;NPR;Marie;1867;203951
tecnicamente;1864;4,160572071;1558;ADV;tecnicamente;1864;482105
Hollywood;0;4,160572071;907;NPR;Hollywood;4511888;117942
mago;1864;4,160572071;825;NOM;mago;2270;433375
carro;1863;4,160339142;932;NOM;carro;2652;348141
Bruce;0;4,160106089;467;NPR;Bruce;4511888;93480
muoviamoci;1862;4,160106089;1392;VER;muoversi;32025;507000
passiamo;1862;4,160106089;1640;VER;passare;65203;244372
conoscono;1860;4,159639607;1594;VER;conoscere;92248;39264
incastrato;1859;4,159406179;1346;VER;incastrare;4328;60792
gioielli;1858;4,159172624;1098;NOM;gioiello;2356;61009
fidarti;1857;4,158938944;1523;VER;fidarsi;17163;224298
Bibbia;1857;4,158938944;991;NOM;bibbia;1932;220235
consigli;1856;4,158705138;1540;NOM;consiglio;10670;363526
argento;1855;4,158471206;1120;NOM;argento;1838;171662
attrice;1852;4,157768654;933;NOM;attrice;5849;512094
rifiutato;1852;4,157768654;1523;VER;rifiutare;7055;381106
portati;1851;4,157534217;1589;VER;portare;115105;442782
sposarmi;1851;4,157534217;1357;VER;sposarsi;27477;423893
fermarlo;1851;4,157534217;1502;VER;fermare;30904;308451
scappata;1850;4,157299653;1373;VER;scappare;21788;481438
croce;1849;4,157064963;1136;NOM;croce;2002;489036
dollaro;1848;4,156830146;1181;NOM;dollaro;28980;81394
chiusi;1847;4,156595201;1525;ADJ;chiuso;6283;226831
Cleveland;0;4,156595201;362;NPR;Cleveland;4511888;505803
girato;1845;4,156124931;1367;VER;girare;15592;51591
Italia;0;4,156124931;883;NPR;Italia;1845;4857
distretto;1844;4,155889605;1079;NOM;distretto;1976;125449
oscuro;1844;4,155889605;1275;ADJ;oscuro;2923;91962
busta;1844;4,155889605;1226;NOM;busta;2251;209352
Tracy;0;4,155654151;344;NPR;Tracy;4511888;33036
catena;1843;4,155654151;1303;NOM;catena;2672;418853
spieghi;1843;4,155654151;1626;VER;spiegare;19836;468036
ahi;1840;4,154947023;1024;INT;ahi;1840;399882
Florida;0;4,154947023;913;NPR;Florida;4511888;470865
calore;1838;4,154474964;1355;NOM;calore;1839;217955
femmina;1838;4,154474964;1224;NOM;femmina;2546;97203
guardarmi;1837;4,154238741;1585;VER;guardare;111656;133587
alzare;1837;4,154238741;1569;VER;alzare;12925;513250
creature;1836;4,154002391;1156;NOM;creatura;4276;82745
abbi;1835;4,153765911;1439;VER;avere;2620540;261966
Africa;0;4,153765911;950;NPR;Africa;1835;438684
appunto;1834;4,153529303;1440;ADV;appunto;1621;265751
apre;1834;4,153529303;1493;VER;aprire;33790;153377
deposito;1834;4,153529303;1108;NOM;deposito;2133;23894
commerciale;1834;4,153529303;1214;ADJ;commerciale;2292;351647
cognome;1834;4,153529303;1351;NOM;cognome;1933;58017
percorso;1834;4,153529303;1370;NOM;percorso;1646;6339
Davis;0;4,153529303;578;NPR;Davis;1834;59085
fresca;1833;4,153292566;1513;ADJ;fresco;4066;126995
riserva;1832;4,153055699;1244;NOM;riserva;2305;158232
tasse;1832;4,153055699;1206;NOM;tassa;2096;169007
barba;1832;4,153055699;1218;NOM;barba;1887;94605
vacanze;1831;4,152818704;1260;NOM;vacanza;5274;95247
minima;1831;4,152818704;1600;ADJ;minimo;2889;74192
campioni;1829;4,152344324;1184;NOM;campione;6949;99099
odi;1829;4,152344324;1478;VER;odiare;16947;309804
poesia;1829;4,152344324;914;NOM;poesia;2663;109743
apposta;1828;4,15210694;1527;ADV;apposta;1561;186306
fingere;1827;4,151869426;1535;VER;fingere;10806;48222
richiesto;1827;4,151869426;1551;VER;richiedere;7195;423043
bagagli;1827;4,151869426;1335;NOM;bagaglio;2469;485297
contea;1827;4,151869426;1080;NOM;contea;1957;216243
preferisci;1825;4,151394008;1625;VER;preferire;15296;332745
sapevamo;1825;4,151394008;1499;VER;sapere;499632;8147
fatelo;1824;4,151156103;1458;VER;fare;1151883;420864
scrive;1824;4,151156103;1365;VER;scrivere;35110;271105
combinato;1824;4,151156103;1502;VER;combinare;4521;311707
strani;1823;4,150918068;1533;ADJ;strano;25680;437782
piatti;1823;4,150918068;1312;NOM;piatto;3479;438102
staremo;1823;4,150918068;1586;VER;stare;648668;91224
cambiata;1823;4,150918068;1502;VER;cambiare;39212;26280
registrato;1822;4,150679903;1457;VER;registrare;6017;495635
Evan;0;4,15020318;280;NPR;Evan;4511888;375087
auguro;1820;4,15020318;1571;VER;augurare;3058;33338
eccezionale;1820;4,15020318;1459;ADJ;eccezionale;2135;120497
uccidendo;1819;4,149964622;1505;VER;uccidere;89873;40179
ebreo;1818;4,149725933;697;NOM;ebreo;2442;13073
facciano;1817;4,149487113;1613;VER;fare;1151883;406686
mira;1816;4,149248162;1305;NOM;mira;1292;466446
possesso;1816;4,149248162;1466;NOM;possesso;1823;214169
oscurità;1816;4,149248162;1092;NOM;oscurità;1816;67043
diamanti;1815;4,149009079;706;NOM;diamante;2685;67407
fiato;1815;4,149009079;1538;NOM;fiato;1796;333932
gliela;1814;4,148769864;1495;PRO;gliela;1814;513588
Mister;0;4,148530517;862;NOM;mister;1747;431916
registrazione;1813;4,148530517;1098;NOM;registrazione;2725;399235
inviato;1813;4,148530517;1436;VER;inviare;4934;48273
cucinare;1812;4,148291038;1280;VER;cucinare;4280;205597
gabbia;1812;4,148291038;1159;NOM;gabbia;2040;116410
locali;1811;4,148051428;1429;ADJ;locale;5342;393563
boss;1810;4,147811685;637;NOM;boss;1810;302213
udienza;1809;4,147571809;970;NOM;udienza;1960;426988
veniamo;1808;4,147331801;1552;VER;venire;1982;199009
Oscar;0;4,147331801;679;NPR;Oscar;1371;43206
zuppa;1807;4,14709166;1016;NOM;zuppa;1488;183913
nozze;1807;4,14709166;1098;NOM;nozze;1807;452834
tenuta;1806;4,146851387;1461;NOM;tenuta;1172;257056
mettersi;1806;4,146851387;1641;VER;mettersi;124577;376383
collegamento;1805;4,14661098;1308;NOM;collegamento;2105;415822
persi;1805;4,14661098;1447;VER;perdere;68537;34237
civili;1805;4,14661098;1212;ADJ;civile;3906;397291
metterlo;1804;4,146370441;1618;VER;mettere;124577;277030
mentale;1804;4,146370441;1284;ADJ;mentale;2472;27867
cresciuta;1803;4,146129768;1483;VER;crescere;14066;502059
battuto;1803;4,146129768;1400;VER;battere;11216;7142
annuncio;1802;4,145888961;1272;NOM;annuncio;2152;285697
ricordato;1802;4,145888961;1553;VER;ricordare;48841;92679
dicevi;1802;4,145888961;1554;VER;dire;636417;223255
delizioso;1802;4,145888961;1420;ADJ;delizioso;3528;425287
cattive;1802;4,145888961;1477;ADJ;cattivo;11602;150172
Eli;0;4,145648021;288;NOM;elio;1874;249086
Ann;0;4,145406947;383;NOM;<unknown>;4511888;362364
curioso;1799;4,145165739;1504;ADJ;curioso;2376;436918
richiede;1799;4,145165739;1528;VER;richiedere;7195;90336
fottuti;1797;4,144682922;1106;VER;fottere;16297;22547
costo;1797;4,144682922;1504;NOM;costo;3090;17739
prossimi;1797;4,144682922;1540;ADJ;prossimo;26921;414182
aerei;1796;4,144441311;953;NOM;aereo;3141;511869
gatti;1795;4,144199567;1010;NOM;gatto;5905;13110
finestre;1795;4,144199567;1312;NOM;finestra;7718;471980
pesca;1795;4,144199567;1081;NOM;pesca;1984;290235
lavorano;1795;4,144199567;1565;VER;lavorare;53195;307429
scrittore;1795;4,144199567;893;NOM;scrittore;2529;385518
precedente;1794;4,143957687;1492;ADJ;precedente;5164;398599
preparati;1794;4,143957687;1519;VER;preparare;21904;219499
fresco;1794;4,143957687;1464;ADJ;fresco;4066;249058
eroina;1794;4,143957687;934;NOM;eroina;1822;490495
immaginavo;1793;4,143715673;1613;VER;immaginare;26564;353341
Frankie;0;4,143715673;313;NOM;<unknown>;4511888;316240
Jonathan;0;4,143473524;402;NPR;Jonathan;4511888;64144
lottare;1792;4,143473524;1334;VER;lottare;4266;64766
chiamarlo;1791;4,14323124;1550;VER;chiamare;133592;225620
Gordon;0;4,14323124;426;NPR;Gordon;1791;388301
Black;0;4,14298882;659;NOM;<unknown>;4511888;9435
topo;1789;4,142746265;983;NOM;topo;3309;469033
succo;1789;4,142746265;1233;NOM;succo;1789;201332
traditore;1787;4,142260749;1107;NOM;traditore;1968;157211
limiti;1787;4,142260749;1446;NOM;limite;4517;7646
Elizabeth;0;4,141774689;530;NPR;Elizabeth;1785;243454
figlie;1784;4,141531455;1070;NOM;figlia;93034;414006
potevano;1784;4,141531455;1455;VER;potere;676977;193490
ladri;1783;4,141288084;1121;NOM;ladro;3133;65080
911;0;4,141288084;1075;NUM;@card@;412838;453860
aula;1779;4,140313237;1021;NOM;aula;1912;343810
lasciando;1779;4,140313237;1551;VER;lasciare;153939;146011
immaginato;1779;4,140313237;1546;VER;immaginare;26564;343680
bla;0;4,140069182;475;VER;<unknown>;1069550;243472
coperta;1778;4,140069182;1274;NOM;coperta;1861;443196
quassù;1778;4,140069182;1353;ADV;quassù;1778;286079
alibi;1777;4,139824991;962;NOM;alibi;1777;277150
vedevo;1777;4,139824991;1550;VER;vedere;328947;367522
sconosciuto;1777;4,139824991;1309;NOM;sconosciuto;1993;30926
rubata;1776;4,139580662;1239;ADJ;rubato;19463;205002
abbandonare;1775;4,139336196;1454;VER;abbandonare;9248;401140
amavo;1774;4,139091592;1396;VER;amare;46084;476217
cambierà;1774;4,139091592;1516;VER;cambiare;39212;114542
danza;1774;4,139091592;980;NOM;danza;1961;474823
amano;1773;4,13884685;1470;VER;amare;46084;150313
Oliver;0;4,138356952;346;NOM;<unknown>;4511888;30549
conosca;1771;4,138356952;1601;VER;conoscere;92248;154587
produzione;1770;4,138111796;1092;NOM;produzione;1825;291855
¿;0;4,138111796;87;NOM;<unknown>;4511888;516188
viveva;1770;4,138111796;1411;VER;vivere;39609;150262
gomma;1768;4,137621067;1198;NOM;gomma;2573;362328
militari;1768;4,137621067;1152;ADJ;militare;5371;338882
Hill;0;4,137621067;704;NPR;Hill;1768;446442
arrestare;1767;4,137375495;1424;VER;arrestare;10230;298258
armato;1767;4,137375495;1181;VER;armare;3043;246554
Barbara;0;4,137375495;571;NPR;Barbara;1772;352343
tocco;1767;4,137375495;1434;NOM;tocco;1724;507483
whisky;1767;4,137375495;998;NOM;whisky;1767;378026
finto;1766;4,137129784;1357;VER;fingere;10806;252332
offrire;1766;4,137129784;1542;VER;offrire;16263;358095
sete;1765;4,136883934;1345;NOM;sete;1765;513106
adora;1765;4,136883934;1468;VER;adorare;14766;29026
dritta;1765;4,136883934;1378;ADJ;dritto;4407;3201
vorranno;1765;4,136883934;1581;VER;volere;609883;296888
fiore;1764;4,136637944;1073;NOM;fiore;7002;220711
sbirri;1764;4,136637944;890;NOM;sbirro;3312;352205
canto;1764;4,136637944;1215;NOM;canto;2108;157138
reverendo;1764;4,136637944;503;ADJ;reverendo;1177;203501
riconosciuto;1763;4,136391815;1474;VER;riconoscere;10336;151937
fatevi;1763;4,136391815;1262;VER;fare;1151883;277668
Madame;0;4,135899138;518;NOM;madama;1861;465941
giochiamo;1761;4,135899138;1355;VER;giocare;27555;24624
rimanga;1761;4,135899138;1520;VER;rimanere;46342;138066
segui;1759;4,135405902;1440;VER;seguire;25854;466703
andranno;1759;4,135405902;1552;VER;andare;641883;53178
permetterò;1758;4,135159074;1524;VER;permettere;24109;416807
pasto;1758;4,135159074;1448;NOM;pasto;2373;144501
riprendere;1758;4,135159074;1492;VER;riprendere;11395;238555
gesto;1757;4,134912105;1428;NOM;gesto;2127;503052
riescono;1757;4,134912105;1530;VER;riuscire;84728;374911
sapevano;1757;4,134912105;1380;VER;sapere;499632;494732
Brad;0;4,134912105;404;NPR;Brad;4511888;283575
giurato;1757;4,134912105;1292;VER;giurare;5210;22238
capi;1756;4,134664996;1283;NOM;capo;34760;85306
schermo;1756;4,134664996;1166;NOM;schermo;1949;382017
occupa;1756;4,134664996;1521;VER;occupare;25028;405977
resa;1755;4,134417746;1466;NOM;resa;31903;98165
Giappone;0;4,134170355;701;NPR;Giappone;1754;7994
tiri;1754;4,134170355;1432;NOM;tiro;4680;39636
pacco;1754;4,134170355;1116;NOM;pacco;2194;407532
scegli;1753;4,133922823;1434;VER;scegliere;22585;22257
volentieri;1753;4,133922823;1437;ADV;volentieri;1753;276731
negro;0;4,133427336;578;ADJ;negro;1438;447353
aggiungere;1751;4,133427336;1541;VER;aggiungere;4865;422320
episodi;1751;4,133427336;1641;NOM;episodio;6016;209903
cittadini;1751;4,133427336;1203;NOM;cittadino;3009;292346
dimentica;1750;4,13317938;1476;VER;dimenticare;28054;243746
anime;1747;4,132434663;1080;NOM;anima;8808;279226
femminile;1746;4,132186139;1328;ADJ;femminile;2164;166474
letteralmente;1746;4,132186139;1478;ADV;letteralmente;1746;28767
Brooke;0;4,132186139;204;NOM;<unknown>;4511888;455303
proverò;1745;4,131937474;1522;VER;provare;60980;440164
tornerai;1745;4,131937474;1481;VER;tornare;92785;371445
>>;0;4,131190621;12;PON;>>;1742;181518
inglesi;1742;4,131190621;861;ADJ;inglese;7551;11130
Sammy;0;4,130941385;494;NOM;<unknown>;4511888;398380
impresa;1741;4,130941385;1308;NOM;impresa;2232;483654
massa;1741;4,130941385;1237;NOM;massa;2050;97866
rinunciare;1741;4,130941385;1444;VER;rinunciare;4760;128652
angeli;1741;4,130941385;874;NOM;angelo;3332;506285
scorta;1741;4,130941385;1295;NOM;scorta;2096;218293
fotografia;1741;4,130941385;1169;NOM;fotografia;2911;299215
armata;1739;4,130442483;1083;ADJ;armato;2869;246556
uccidi;1739;4,130442483;1283;VER;uccidere;89873;424789
obiezione;1739;4,130442483;586;NOM;obiezione;2057;306006
paghi;1739;4,130442483;1431;VER;pagare;2919;233933
senea;0;4,130442483;358;ADJ;<unknown>;206355;240887
serva;1738;4,130192816;1494;VER;servire;63151;171543
Jenna;0;4,130192816;297;NOM;<unknown>;4511888;419242
andasse;1737;4,129943006;1571;VER;andare;641883;364671
sano;1736;4,129693053;1405;ADJ;sano;3109;2073
Logan;0;4,129693053;299;NOM;<unknown>;4511888;207715
morirai;1735;4,129442955;1313;VER;morire;96820;432387
temperatura;1735;4,129442955;1143;NOM;temperatura;2022;482863
sposo;1734;4,129192713;953;NOM;sposo;2063;336653
sparate;1734;4,129192713;1000;VER;sparare;28892;67603
notare;1734;4,129192713;1521;VER;notare;8843;61634
fisico;1733;4,128942327;1409;ADJ;fisico;2992;235265
Leonard;0;4,128942327;334;NPR;Leonard;1733;226625
polso;1733;4,128942327;1179;NOM;polso;2174;387952
nobile;1732;4,128691797;1131;ADJ;nobile;1859;239183
sapore;1729;4,127939337;1352;NOM;sapore;1835;189803
fantasia;1728;4,127688228;1280;NOM;fantasia;2365;398653
lavoriamo;1728;4,127688228;1497;VER;lavorare;53195;470649
massima;1727;4,127436973;1329;ADJ;massimo;2641;405951
colloquio;1726;4,127185572;989;NOM;colloquio;2166;63242
perdoni;1726;4,127185572;1392;VER;perdonare;11218;431188
Matthew;0;4,126934026;387;NOM;<unknown>;4511888;177217
grato;1725;4,126934026;1387;ADJ;grato;3350;374728
riuscirò;1725;4,126934026;1549;VER;riuscire;84728;386030
esser;0;4,126682334;1303;VER;essere;3507888;114430
scatole;1723;4,126430496;1248;NOM;scatola;6987;21506
Eccellenza;1723;4,126430496;476;NOM;eccellenza;1755;426847
funzionano;1723;4,126430496;1468;VER;funzionare;27030;415908
ridendo;1723;4,126430496;981;VER;ridere;11803;339394
comporta;1722;4,126178512;1536;VER;comportare;11387;429236
nuotare;1722;4,126178512;1082;VER;nuotare;2797;419015
condannato;1722;4,126178512;1184;VER;condannare;3231;180441
frutta;1721;4,125926381;1222;NOM;frutta;1696;107051
puro;1721;4,125926381;1304;ADJ;puro;7192;347969
parto;1721;4,125926381;1259;NOM;parto;1456;201105
70;0;4,125674105;1315;NUM;@card@;412838;110998
caeeo;0;4,125674105;190;NOM;<unknown>;4511888;414404
tramite;1719;4,125421681;1334;PRE;tramite;1394;353361
viaggiare;1719;4,125421681;1316;VER;viaggiare;4816;258191
regista;1719;4,125421681;685;NOM;regista;1971;258982
Miles;0;4,125169111;297;NOM;<unknown>;4511888;445315
indossa;1718;4,125169111;1454;VER;indossare;11771;274125
picchiato;1717;4,124916394;1248;VER;picchiare;6276;354185
pagano;1715;4,124410518;1402;ADJ;pagano;1158;448785
forea;0;4,124410518;312;ADJ;<unknown>;206355;168542
Liz;0;4,124410518;342;NOM;<unknown>;4511888;250494
coma;1715;4,124410518;1001;NOM;coma;1715;384506
shh;1714;4,124157359;902;INT;shh;4511888;281917
denuncia;1714;4,124157359;1185;NOM;denuncia;1899;180033
esperimento;1714;4,124157359;917;NOM;esperimento;2715;182354
priorità;1713;4,123904052;1380;NOM;priorità;1713;351434
Dick;0;4,123904052;527;NPR;Dick;1713;408795
tubo;1712;4,123650597;1080;NOM;tubo;2469;236936
atmosfera;1712;4,123650597;1183;NOM;atmosfera;1740;241342
sin;0;4,123143244;1328;PRE;sin;1710;305930
squadre;1710;4,123143244;1106;NOM;squadra;20154;162177
battute;1710;4,123143244;1200;NOM;battuta;3875;7149
panino;1709;4,122889345;1199;NOM;panino;2582;347093
racconto;1708;4,122635297;1263;NOM;racconto;2415;147396
pessimo;1708;4,122635297;1488;ADJ;pessimo;4160;109559
Steven;0;4,122635297;488;NOM;<unknown>;4511888;323582
sospeso;1707;4,122381101;1329;ADJ;sospeso;2270;453410
Spencer;0;4,122381101;364;NOM;spencer;1607;2130
tienilo;1707;4,122381101;1367;VER;tenere;79315;84359
dispiacerebbe;1707;4,122381101;1497;VER;dispiacere;72103;371181
spiegato;1705;4,121872261;1502;VER;spiegare;19836;413447
cassaforte;1705;4,121872261;738;NOM;cassaforte;1705;363323
Mason;0;4,121872261;291;NOM;<unknown>;4511888;427378
top;1705;4,121872261;1017;ADJ;top;1182;497352
matematica;1704;4,121617618;1039;NOM;matematica;1289;290434
Wayne;0;4,121617618;479;NPR;Wayne;1704;26095
viaggi;1703;4,121362825;1293;NOM;viaggio;13090;90445
love;0;4,121362825;649;ADJ;<unknown>;206355;81658
dopotutto;1702;4,121107882;1422;ADV;dopotutto;1702;229728
salsa;1702;4,121107882;1112;NOM;salsa;1378;12267
riesca;1701;4,12085279;1543;VER;riuscire;84728;278673
Francisco;0;4,120597548;768;NPR;Francisco;1700;420344
programmi;1699;4,120342156;1318;NOM;programma;11079;175199
bimbo;1699;4,120342156;1098;NOM;bimbo;3526;295043
vicolo;1699;4,120342156;1153;NOM;vicolo;1871;490666
secoli;1698;4,120086613;1224;NOM;secolo;4487;262254
Hmm;1697;4,11983092;932;INT;hmm;4511888;162311
branco;0;4,11983092;1091;NOM;branco;1744;442660
provengono;1697;4,11983092;906;VER;provenire;4051;266145
continuiamo;1695;4,119319082;1462;VER;continuare;33215;427344
assicurarmi;1695;4,119319082;1516;VER;assicurarsi;13166;129930
marine;1695;4,119319082;552;NOM;marina;979;182488
brav;0;4,119062937;1311;NOM;<unknown>;4511888;165549
chiamarla;1693;4,11880664;1478;VER;chiamare;133592;422200
Anne;0;4,11880664;372;NPR;Anne;1693;424028
possiede;1693;4,11880664;1440;VER;possedere;5007;287854
addestramento;1693;4,11880664;1077;NOM;addestramento;1709;113534
attacchi;1693;4,11880664;1228;NOM;attacco;8665;196809
patente;1692;4,118550192;1145;NOM;patente;1647;394115
scelte;1692;4,118550192;1336;NOM;scelta;12090;106166
confusione;1691;4,118293593;1430;NOM;confusione;1703;108213
orgoglio;1690;4,118036842;1321;NOM;orgoglio;1696;512021
ripreso;1689;4,117779939;1415;VER;riprendere;11395;55689
incredibilmente;1688;4,117522884;1385;ADV;incredibilmente;1688;212783
allenamento;1688;4,117522884;1072;NOM;allenamento;2238;235065
cabina;1688;4,117522884;944;NOM;cabina;1829;99163
ringraziare;1687;4,117265677;1438;VER;ringraziare;14154;304176
nascosta;1687;4,117265677;1414;ADJ;nascosto;21950;491968
ipotesi;1687;4,117265677;1295;NOM;ipotesi;1501;34249
giudicare;1685;4,116750805;1476;VER;giudicare;4662;32805
Margaret;0;4,116750805;459;NPR;Margaret;1685;91047
premi;1684;4,11649314;1181;NOM;premio;4336;477864
peggiori;1684;4,11649314;1510;ADJ;peggiore;6155;193475
Quinn;0;4,11597735;296;NOM;<unknown>;4511888;371091
figa;1681;4,115719226;1009;NOM;figa;2023;403080
dovevano;1681;4,115719226;1420;VER;dovere;548096;470927
banco;1681;4,115719226;1141;NOM;banco;1851;36080
potrete;1679;4,115202516;1435;VER;potere;676977;264415
demone;1678;4,11494393;585;NOM;demone;1678;422087
burro;1677;4,114685191;1123;NOM;burro;1677;110413
polmoni;1677;4,114685191;1023;NOM;polmone;2147;369560
cure;1677;4,114685191;1254;NOM;cura;15486;397980
Jess;0;4,114426297;323;NPR;Jess;4511888;69292
semplici;1676;4,114426297;1451;ADJ;semplice;13264;81912
Edward;0;4,114167249;518;NPR;Edward;1675;265384
eccetto;1675;4,114167249;1426;PRE;eccetto;1675;156587
stavate;1674;4,113908046;1456;VER;stare;648668;111991
disegno;1673;4,113648688;1129;NOM;disegno;2715;12810
concentrati;1673;4,113648688;1334;ADJ;concentrato;6306;33698
ossigeno;1673;4,113648688;972;NOM;ossigeno;1639;490447
patatine;1672;4,113389175;1130;NOM;patatina;1886;266457
foste;1671;4,113129507;1461;VER;essere;3507888;222140
pazzia;1670;4,112869684;1292;NOM;pazzia;1873;442539
pianto;1670;4,112869684;1264;NOM;pianto;14088;347375
aumento;1669;4,112609706;1191;NOM;aumento;1798;85603
ammazzato;1669;4,112609706;1157;VER;ammazzare;10911;300458
Castle;0;4,112349571;193;NOM;<unknown>;4511888;154699
comincio;1668;4,112349571;1497;VER;cominciare;29999;270477
immagina;1668;4,112349571;1412;VER;immaginare;26564;502999
tempio;1668;4,112349571;684;NOM;tempio;1668;189420
segue;1667;4,112089281;1447;VER;seguire;25854;466700
400;0;4,111828834;1193;NUM;@card@;412838;461881
rivedere;1665;4,111568231;1459;VER;rivedere;10280;256934
telefonate;1664;4,111307472;1303;NOM;telefonata;5563;56849
mestiere;1664;4,111307472;1264;NOM;mestiere;1715;308856
brucia;1663;4,111046556;1147;VER;bruciare;9293;326415
coperto;1663;4,111046556;1382;VER;coprire;9248;443194
nascondendo;1663;4,111046556;1391;VER;nascondere;21950;148110
egoista;1661;4,110524254;1309;ADJ;egoista;1524;206947
Russell;0;4,110524254;418;NPR;Russell;4511888;81281
quindici;1661;4,110524254;1250;ADJ;quindici;1345;139650
finisci;1658;4,10973962;1460;VER;finire;80815;471314
Little;0;4,109477761;770;NOM;<unknown>;4511888;249024
linguaggio;1656;4,109215743;1242;NOM;linguaggio;1681;477029
infanzia;1656;4,109215743;1255;NOM;infanzia;1656;503410
saluti;1656;4,109215743;1343;NOM;saluto;2896;163234
litigato;1656;4,109215743;1279;VER;litigare;5809;487588
terroristi;1656;4,109215743;762;NOM;terrorista;1801;261319
sensi;1656;4,109215743;1357;NOM;senso;20655;470475
bastone;1654;4,108691232;969;NOM;bastone;2014;63189
piaccio;1652;4,108166088;1331;VER;piacere;116765;158480
mortale;1651;4,107903277;1266;ADJ;mortale;2023;352607
personalità;1651;4,107903277;1138;NOM;personalità;1651;165509
occupi;1650;4,107640308;1480;VER;occupare;25028;212868
torneremo;1650;4,107640308;1383;VER;tornare;92785;423880
spetta;1650;4,107640308;1395;VER;spettare;2145;79055
pagine;1650;4,107640308;1164;NOM;pagina;5258;223456
scrivi;1649;4,107377179;1222;VER;scrivere;35110;271113
nuda;1649;4,107377179;1169;ADJ;nudo;4657;395892
standard;1649;4,107377179;1256;NOM;standard;876;489086
Vincent;0;4,107377179;439;NPR;Vincent;1649;328353
Ella;0;4,10711389;366;NPR;Ella;4511888;490812
scherzare;1648;4,10711389;1398;VER;scherzare;12662;129527
comitato;1647;4,106850442;870;NOM;comitato;1702;128360
informato;1645;4,106323065;1419;VER;informare;5407;148800
espressione;1644;4,106059137;1328;NOM;espressione;1848;104982
troverete;1644;4,106059137;1337;VER;trovare;165912;328987
guadagnato;1644;4,106059137;1450;VER;guadagnare;8671;427934
ricompensa;1644;4,106059137;1107;NOM;ricompensa;1707;28109
menti;1643;4,105795048;1354;NOM;mente|mento;1310;320768
adulto;1643;4,105795048;1287;ADJ;adulto;2281;345761
attraversare;1643;4,105795048;1259;VER;attraversare;5578;249314
andatevene;1642;4,105530798;1215;VER;andare;641883;12337
accompagno;1642;4,105530798;1351;VER;accompagnare;8114;348723
shock;1642;4,105530798;1317;NOM;shock;1642;317822
cortesia;1642;4,105530798;1312;NOM;cortesia;1672;249048
settembre;1641;4,105266387;1007;NOM;settembre;1641;450097
dispositivo;1641;4,105266387;864;NOM;dispositivo;1556;500697
attaccare;1640;4,105001815;1268;VER;attaccare;10651;481798
buttare;1640;4,105001815;1419;VER;buttare;15440;337577
parlami;1640;4,105001815;1362;VER;parlare;204981;92648
Ian;0;4,105001815;291;NPR;Ian;1640;378359
Patty;0;4,104737082;280;NPR;Patty;4511888;478495
Catherine;0;4,104472188;365;NOM;<unknown>;4511888;345663
abita;1638;4,104472188;1229;VER;abitare;4013;287326
sessuali;1637;4,104207132;1155;ADJ;sessuale;4701;441100
fermarmi;1636;4,103941914;1433;VER;fermarsi;30904;332138
quì;1636;4,103941914;358;ADV;qui;1069550;463526
patate;1634;4,103410991;1048;NOM;patata;2142;138549
avventura;1634;4,103410991;1166;NOM;avventura;2224;273047
confessione;1634;4,103410991;1071;NOM;confessione;1821;45756
Ooh;0;4,103145287;828;NOM;<unknown>;4511888;414074
tecnica;1632;4,102879419;1099;NOM;tecnica;1849;411672
Rita;0;4,102879419;305;NPR;Rita;1632;39275
sintomi;1632;4,102879419;935;NOM;sintomo;2134;268779
tende;1631;4,102613389;1252;NOM;tenda;2611;315698
tocchi;1631;4,102613389;1358;VER;toccare;21210;162012
spostati;1631;4,102613389;1275;ADJ;spostato;1076;277489
Caroline;0;4,102347195;344;NPR;Caroline;1630;214830
ucciderla;1630;4,102347195;1268;VER;uccidere;89873;43317
mandi;1630;4,102347195;1427;VER;mandare;36513;8394
fatica;1629;4,102080839;1406;NOM;fatica;1624;433433
buca;1629;4,102080839;1042;NOM;buco;1844;182255
portalo;1628;4,101814319;1342;VER;portare;115105;251497
antica;1628;4,101814319;1254;ADJ;antico;4928;270003
mercoledì;1627;4,101547635;1068;NOM;mercoledì;1632;342689
saluto;1627;4,101547635;1283;NOM;saluto;2896;285655
operazioni;1627;4,101547635;1174;NOM;operazione;7830;119778
ostaggio;1626;4,101280787;901;NOM;ostaggio;3173;92217
gentiluomo;1625;4,101013776;1071;NOM;gentiluomo;2154;267625
occuperò;1625;4,101013776;1405;VER;occupare;25028;383126
piaciuta;1624;4,1007466;1391;VER;piacere;116765;33552
apra;1624;4,1007466;1182;VER;aprire;33790;371272
cartello;1624;4,1007466;906;NOM;cartello;2024;516431
intenzioni;1624;4,1007466;1339;NOM;intenzione;12829;459401
identificato;1624;4,1007466;1262;VER;identificare;4981;380834
Hitler;0;4,1007466;505;NPR;Hitler;1624;446140
medica;1624;4,1007466;1184;ADJ;medico;5128;268526
lascerà;1623;4,100479259;1410;VER;lasciare;153939;32291
ritmo;1622;4,100211754;1072;NOM;ritmo;1727;479387
tengono;1621;4,099944084;1435;VER;tenere;79315;467520
immaginazione;1619;4,099408249;1218;NOM;immaginazione;1628;305086
beve;1618;4,099140083;1333;VER;bere;1154;413159
trauma;1616;4,098603254;1074;NOM;trauma;1973;194608
collezione;1616;4,098603254;1164;NOM;collezione;1702;30789
coca;1616;4,098603254;930;NOM;coca;1645;187273
togli;1616;4,098603254;1350;VER;togliere;24748;332199
raccomando;1616;4,098603254;1134;VER;raccomandare;2603;502767
licenza;1615;4,098334591;1051;NOM;licenza;1732;327294
colpita;1615;4,098334591;1272;VER;colpire;19652;357556
spostare;1614;4,098065761;1315;VER;spostare;8734;229531
scoperta;1613;4,097796765;1253;NOM;scoperta;1189;303420
sembrato;1612;4,097527602;1452;VER;sembrare;108715;466726
trattare;1612;4,097527602;1369;VER;trattare;28375;77180
Nina;0;4,097527602;323;NPR;Nina;4511888;389374
e-mail;1611;4,097258272;1025;NOM;e-mail;1611;362548
coglioni;1611;4,097258272;1057;NOM;coglione;2742;245590
fidarmi;1610;4,096988775;1346;VER;fidare;17163;9024
entrati;1609;4,09671911;1399;VER;entrare;59544;441616
Dennis;0;4,096449278;347;NOM;<unknown>;4511888;281109
sopporto;1607;4,096179279;1360;VER;sopportare;7437;67715
pregare;1607;4,096179279;1126;VER;pregare;40025;64432
prostituta;1606;4,095909111;978;NOM;prostituta;2421;415746
pieni;1606;4,095909111;1377;ADJ;pieno;17461;369193
indizio;1606;4,095909111;1219;NOM;indizio;2590;116291
Wendy;0;4,095909111;338;NPR;Wendy;1606;47440
manager;1606;4,095909111;894;NOM;manager;1606;363764
Han;0;4,095638775;580;NOM;<unknown>;4511888;66824
ubriaca;1605;4,095638775;1119;ADJ;ubriaco;4393;286999
elegante;1605;4,095638775;1320;ADJ;elegante;1981;430074
salva;1604;4,095368271;1264;ADJ;salvo;3276;131363
chiudo;1604;4,095368271;1231;VER;chiudere;30264;21322
infarto;1604;4,095368271;1095;NOM;infarto;1666;476238
cuori;1603;4,095097598;1153;NOM;cuore;25370;123995
fermarti;0;4,095097598;1337;VER;fermarsi;30904;250745
gang;0;4,095097598;676;NOM;gang;1603;337825
affetto;1602;4,094826757;1277;NOM;affetto;1161;209570
Ministero;1601;4,094555746;814;NOM;ministero;1672;297063
Ellie;0;4,094284566;279;NOM;<unknown>;4511888;432425
Julian;0;4,094284566;235;NPR;Julian;4511888;287818
successa;1599;4,094013217;1420;VER;succedere;1069550;22720
monte;1599;4,094013217;907;NOM;monte;1599;70377
combattuto;1598;4,093741698;1185;VER;combattere;13833;314045
White;0;4,093470009;657;NPR;White;1597;303954
controllando;1596;4,09319815;1378;VER;controllare;28942;144784
cowboy;1596;4,09319815;840;NOM;cowboy;4511888;141770
coprire;1595;4,092926121;1387;VER;coprire;9248;59798
porco;1594;4,092653922;998;ADJ;porco;5650;386120
trovava;1594;4,092653922;1277;VER;trovare;165912;166288
delia;0;4,092653922;185;NPR;delia;4511888;101841
cominci;1593;4,092381551;1420;VER;cominciare;29999;106994
occupati;1591;4,091836298;1372;ADJ;occupato;1409;114244
cacciato;1591;4,091836298;1332;VER;cacciare;5892;230245
ruota;1591;4,091836298;1120;NOM;ruota;2605;59493
tenerla;0;4,091836298;1398;VER;tenere;79315;977
badare;1591;4,091836298;1328;VER;badare;3219;5843
bionda;1591;4,091836298;1140;ADJ;biondo;1822;3553
botte;1590;4,091563414;1138;NOM;botte;1590;308645
significhi;1588;4,091017132;1415;VER;significare;29587;445547
insegnare;1588;4,091017132;1226;VER;insegnare;12541;122991
addirittura;1588;4,091017132;1409;ADV;addirittura;1588;212654
vacci;1587;4,090743732;1345;VER;andare;1069550;183705
casini;1587;4,090743732;1265;NOM;casino;8440;470947
cravatta;1586;4,090470161;1032;NOM;cravatta;1806;223494
perdonare;1586;4,090470161;1335;VER;perdonare;11218;432460
assomiglia;1586;4,090470161;1321;VER;assomigliare;3416;82269
sparisci;1586;4,090470161;1206;VER;sparire;11399;93393
potessimo;1585;4,090196417;1422;VER;potere;676977;486730
grilletto;1584;4,089922501;1156;NOM;grilletto;1604;53062
livelli;1583;4,089648412;1137;NOM;livello;8475;47488
Marco;0;4,089648412;409;NPR;marco;1565;515787
tumore;1583;4,089648412;590;NOM;tumore;1822;370148
Lincoln;0;4,089374149;646;NPR;Lincoln;4511888;404660
condanna;1581;4,089099714;1176;NOM;condanna;1752;219476
giallo;1580;4,088825104;1037;ADJ;giallo;2513;221802
sorprende;1579;4,088550321;1427;VER;sorprendere;8180;76054
sperare;1579;4,088550321;1413;VER;sperare;36576;429873
resterà;1579;4,088550321;1364;VER;restare;38155;270269
demoni;1579;4,088550321;665;NOM;demonio;1579;422084
hamburger;1578;4,088275364;892;NOM;hamburger;1578;511492
fedele;1578;4,088275364;1204;ADJ;fedele;2249;339734
confermato;1578;4,088275364;1293;VER;confermare;5526;423057
ragionevole;1577;4,088000233;1261;ADJ;ragionevole;1845;115988
benedica;1576;4,087724928;1081;VER;benedire;3194;422404
diventano;1576;4,087724928;1339;VER;diventare;46915;12312
Booth;0;4,087724928;154;NOM;<unknown>;4511888;337467
investito;1576;4,087724928;1153;VER;investire;3433;448328
eccoli;1576;4,087724928;1295;INT;ecco;1069550;445858
attentamente;1576;4,087724928;1321;ADV;attentamente;1576;86747
uccideranno;1575;4,087449448;1163;VER;uccidere;89873;321819
Russia;0;4,087449448;689;NPR;Russia;1575;46994
brindisi;1575;4,087449448;1091;NOM;brindisi;1575;246174
consegnare;1574;4,087173792;1293;VER;consegnare;7449;412085
targa;1574;4,087173792;1053;NOM;targa;1790;258515
Chase;0;4,086621957;415;NPR;Chase;1572;62360
portava;1572;4,086621957;1344;VER;portare;115105;491185
chirurgo;1571;4,086345776;895;NOM;chirurgo;1919;617
acque;1571;4,086345776;1152;NOM;acqua;23799;412080
scuole;1571;4,086345776;1098;NOM;scuola;26228;475836
gruppi;1570;4,086069419;1095;NOM;gruppo;13536;136540
francesi;1570;4,086069419;747;ADJ;francese;5598;231058
coniglio;1569;4,085792887;793;NOM;coniglio;2216;131035
dimenticata;1568;4,085516178;1358;VER;dimenticare;28054;181341
1;0;4,085516178;1411;NUM;@card@;412838;40700
Ross;0;4,085239293;378;NOM;<unknown>;4511888;466239
sbagliate;1567;4,085239293;1339;ADJ;sbagliato;9411;382875
farmaci;1567;4,085239293;900;NOM;farmaco;2415;338397
testimoniare;1566;4,084962231;933;VER;testimoniare;2835;67596
tenendo;1566;4,084962231;1408;VER;tenere;79315;80182
onde;1566;4,084962231;898;NOM;onda;1004;298320
accade;1566;4,084962231;1261;VER;accadere;15731;173908
cimitero;1566;4,084962231;963;NOM;cimitero;1690;432053
~;0;4,084684992;124;NOM;<unknown>;4511888;468006
parlavo;1565;4,084684992;1392;VER;parlare;204981;397403
ritorna;1565;4,084684992;1309;VER;ritornare;8097;509279
isolato;1563;4,084129983;1309;ADJ;isolato;2208;105862
Veronica;0;4,084129983;276;NPR;Veronica;1562;100057
spezzato;1562;4,083852212;1272;VER;spezzare;4239;476962
perdi;1562;4,083852212;1334;VER;perdere;68537;441063
classico;1561;4,083574264;1333;ADJ;classico;2172;426390
accomodi;1561;4,083574264;1077;VER;accomodare;4169;106689
bici;1560;4,083296137;772;NOM;bicicletta;1069550;102657
aspetterò;1560;4,083296137;1340;VER;aspettare;116636;51308
taci;1560;4,083296137;1099;VER;tacere;3029;338039
Joseph;0;4,083296137;545;NPR;Joseph;1560;507112
bambola;1559;4,083017833;878;NOM;bambola;2321;366897
riportare;1559;4,083017833;1344;VER;riportare;11084;278332
profondamente;1559;4,083017833;1259;ADV;profondamente;1559;98254
noto;1559;4,083017833;1305;ADJ;noto;3249;49617
continuamente;1559;4,083017833;1346;ADV;continuamente;1559;298967
singolo;1558;4,08273935;1306;ADJ;singolo;2586;276041
is;0;4,08273935;586;NOM;<unknown>;4511888;24791
Riley;0;4,082460688;239;NOM;<unknown>;4511888;138274
minore;1557;4,082460688;1206;ADJ;minore;2099;349746
Williams;0;4,082460688;572;NOM;<unknown>;4511888;80964
Dale;0;4,082460688;308;NOM;<unknown>;4511888;382027
nasconde;1555;4,081902827;1320;VER;nascondere;21950;199558
tradizione;1555;4,081902827;1115;NOM;tradizione;1997;147616
Jacob;0;4,081902827;284;NPR;Jacob;1555;204973
temporale;1555;4,081902827;846;ADJ;temporale;1558;516857
sopravvissuto;1554;4,081623628;1208;VER;sopravvivere;6855;183577
Monk;0;4,081623628;89;NOM;<unknown>;4511888;276260
stupro;1554;4,081623628;608;NOM;stupro;1729;187109
simbolo;1553;4,081344249;1039;NOM;simbolo;2042;379392
rappresenta;1553;4,081344249;1274;VER;rappresentare;4518;452617
matta;1553;4,081344249;1184;ADJ;matto;4249;242717
28;0;4,081344249;1180;NUM;@card@;412838;429938
misura;1553;4,081344249;1256;NOM;misura;2446;106355
cultura;1552;4,08106469;1043;NOM;cultura;1859;168452
colui;1552;4,08106469;1087;PRO;colui;1552;266078
Mitch;0;4,08106469;293;NOM;<unknown>;4511888;513448
difendere;1550;4,080505032;1199;VER;difendere;5864;97452
accento;1549;4,080224933;1042;NOM;accento;1618;308693
riavere;1548;4,079944652;1300;VER;riavere;1069550;200828
brutti;1548;4,079944652;1288;ADJ;brutto;18820;199591
sbirro;1548;4,079944652;750;NOM;sbirro;3312;352206
soci;1547;4,079664191;981;NOM;socio;4631;454919
ostaggi;1547;4,079664191;469;NOM;ostaggio;3173;80720
cerchio;1547;4,079664191;842;NOM;cerchio;4939;172391
interni;1547;4,079664191;915;ADJ;interno;6883;116672
dammelo;1547;4,079664191;1152;VER;dare;1069550;286427
armati;1546;4,079383548;1079;ADJ;armato;2869;246549
feci;1546;4,079383548;1127;VER;fare;1151883;419394
Naomi;0;4,079383548;222;NOM;<unknown>;4511888;494994
Jennifer;0;4,079383548;511;NOM;<unknown>;4511888;139712
acceso;1546;4,079383548;1271;VER;accendere;7168;75489
linee;1546;4,079383548;1107;NOM;linea;10322;188401
normalmente;1545;4,079102724;1365;ADV;normalmente;1545;253912
Lane;0;4,078821718;458;NPR;Lane;2333;369931
One;0;4,078821718;737;NPR;One;1544;390237
perduto;1544;4,078821718;1201;ADJ;perduto;2667;72811
considerazione;1543;4,07854053;1329;NOM;considerazione;1644;146739
cappotto;1543;4,07854053;1012;NOM;cappotto;1730;165866
mettila;1542;4,07825916;1192;VER;mettere;124577;164922
dispiaciuto;1542;4,07825916;1286;VER;dispiacere;72103;89489
Harvey;0;4,077977608;266;NPR;Harvey;1541;387124
sentirsi;1540;4,077695873;1369;VER;sentirsi;192280;88173
intervista;1540;4,077695873;838;NOM;intervista;1904;397173
restano;1539;4,077413955;1333;VER;restare;38155;254058
capitolo;1539;4,077413955;1083;NOM;capitolo;1711;210616
tema;1539;4,077413955;1058;NOM;tema;1892;306642
crema;1539;4,077413955;1089;NOM;crema;1504;30681
comunicazione;1538;4,077131854;1117;NOM;comunicazione;2716;246342
convinta;1538;4,077131854;1349;VER;convincere;13208;33393
tradimento;1538;4,077131854;1068;NOM;tradimento;1648;372976
religione;1537;4,07684957;942;NOM;religione;1779;230432
macchia;1537;4,07684957;988;NOM;macchia;2274;511801
ritrovato;1537;4,07684957;1315;VER;ritrovare;6966;78155
Haley;0;4,07684957;253;NPR;Haley;4511888;13995
minacciato;1537;4,07684957;1226;VER;minacciare;5013;259504
riuscirai;1536;4,076567102;1396;VER;riuscire;84728;175118
sebbene;1536;4,076567102;1227;CON;sebbene;1536;517431
Michelle;0;4,076567102;382;NOM;<unknown>;4511888;393537
carattere;1536;4,076567102;1226;NOM;carattere;1763;346796
ooo;0;4,07628445;451;NOM;<unknown>;4511888;281337
Albert;0;4,076001614;400;NOM;<unknown>;4511888;169491
tenda;1534;4,076001614;906;NOM;tenda;2611;224632
testimonianza;1533;4,075718594;917;NOM;testimonianza;1880;390270
rimarrà;1532;4,075435389;1400;VER;rimanere;46342;148933
trasferimento;1532;4,075435389;1060;NOM;trasferimento;1653;57813
desidero;1531;4,075152;1150;VER;desiderare;9746;361259
dawero;0;4,075152;247;NOM;<unknown>;4511888;258503
tentare;1530;4,074868425;1342;VER;tentare;9206;458105
stretta;1530;4,074868425;1305;NOM;stretta;5010;125885
anniversario;1529;4,074584665;867;NOM;anniversario;1572;158312
abbassa;1529;4,074584665;1246;VER;abbassare;5787;310161
rovina;1529;4,074584665;1258;NOM;rovina;1535;157893
prepara;1528;4,07430072;1341;VER;preparare;21904;21966
Megan;0;4,07430072;276;NPR;Megan;4511888;97761
storto;1528;4,07430072;1264;ADJ;storto;877;186864
leone;1527;4,074016589;734;NOM;leone;2366;373567
seno;1527;4,074016589;1013;NOM;seno;1938;406097
unghie;1527;4,074016589;1097;NOM;unghia;1820;91523
dicevano;1527;4,074016589;1252;VER;dire;636417;279767
seguo;1526;4,073732271;1355;VER;seguire;25854;216030
Maya;0;4,073732271;321;NPR;maya;1296;355555
riportato;1525;4,073447768;1337;VER;riportare;11084;421742
stivali;1525;4,073447768;963;NOM;stivale;1810;170936
motori;1524;4,073163078;754;NOM;motore;4267;454717
evidente;1524;4,073163078;1332;ADJ;evidente;1741;171109
famosa;1523;4,072878201;1211;ADJ;famoso;5823;264456
mangiamo;1522;4,072593138;1224;VER;mangiare;42515;459861
Diego;0;4,072307887;484;NPR;Diego;4511888;402471
Aaron;0;4,072307887;358;NOM;<unknown>;4511888;194126
mancata;1521;4,072307887;1246;VER;mancare;21146;454240
disagio;1521;4,072307887;1244;NOM;disagio;1563;480876
insalata;1521;4,072307887;1000;NOM;insalata;1611;502395
daremo;1521;4,072307887;1370;VER;dare;158901;28110
spiego;1521;4,072307887;1282;VER;spiegare;19836;84471
topi;1520;4,072022448;923;NOM;topo;3309;469038
reato;1520;4,072022448;1134;NOM;reato;2115;431011
ripetere;1519;4,071736822;1355;VER;ripetere;8679;95265
mogli;1519;4,071736822;1090;NOM;moglie;39857;462254
rapimento;1518;4,071451008;845;NOM;rapimento;1782;319369
chiederlo;1518;4,071451008;1389;VER;chiedere;99913;153000
spesa;1517;4,071165006;1188;NOM;spesa;4306;96069
dozzina;1517;4,071165006;1298;NOM;dozzina;2327;253837
Ll;0;4,070878815;740;NOM;<unknown>;4511888;322968
segreteria;1515;4,070592436;1136;NOM;segreteria;1537;91791
aiuterò;1514;4,070305867;1331;VER;aiutare;72590;456281
fidare;1514;4,070305867;1303;VER;fidare;17163;296568
facevamo;1514;4,070305867;1263;VER;fare;1151883;448678
giapponesi;1514;4,070305867;508;ADJ;giapponese;2606;344237
dimentichi;1513;4,07001911;1325;VER;dimenticare;28054;149262
pugni;1513;4,07001911;1107;NOM;pugno;4764;49188
impronta;1513;4,07001911;894;NOM;impronta;4820;89965
tono;1513;4,07001911;1217;NOM;tono;2066;133256
portafoglio;1513;4,07001911;1003;NOM;portafoglio;2595;340163
questioni;1513;4,07001911;1247;NOM;questione;10014;14816
dose;1512;4,069732162;1113;NOM;dose;1918;362460
sparatoria;1511;4,069445026;905;NOM;sparatoria;1752;84496
vomitare;1511;4,069445026;1232;VER;vomitare;3125;93576
secco;1511;4,069445026;1217;ADJ;secco;1694;265875
penserò;1510;4,069157699;1358;VER;pensare;271765;341794
Gibbs;0;4,069157699;116;NPR;Gibbs;4511888;6633
accetta;1509;4,068870182;1264;VER;accettare;15455;217935
popolare;1508;4,068582474;1134;ADJ;popolare;2008;444828
straordinaria;1508;4,068582474;1212;ADJ;straordinario;4134;504787
confronto;1507;4,068294576;1305;NOM;confronto;3400;354277
appuntamenti;1507;4,068294576;1089;NOM;appuntamento;11998;67310
feriti;1506;4,068006487;1013;NOM;ferito;2025;287033
morirò;1506;4,068006487;1193;VER;morire;96820;56408
racconta;1506;4,068006487;1225;VER;raccontare;16051;407481
trattamento;1504;4,067429734;1145;NOM;trattamento;1805;82746
debiti;1503;4,067141071;1049;NOM;debito;3940;43198
Girl;0;4,066852215;556;NOM;girl;1502;22859
preparo;1502;4,066852215;1312;VER;preparare;21904;21971
sforzo;1501;4,066563167;1182;NOM;sforzo;2447;150283
metodo;1501;4,066563167;1103;NOM;metodo;2564;159264
senz;0;4,066563167;1228;PRE;senza;4511888;406105
cambi;1501;4,066563167;1338;NOM;cambio;7386;202096
resisti;1501;4,066563167;980;VER;resistere;6017;338663
atteggiamento;1500;4,066273927;1279;NOM;atteggiamento;1603;199834
caos;1500;4,066273927;1078;NOM;caos;1500;243129
fratellino;1500;4,066273927;977;NOM;fratello;4511888;397004
rivoluzione;1500;4,066273927;676;NOM;rivoluzione;1562;80084
vincitore;1500;4,066273927;1055;NOM;vincitore;1517;250074
ricca;1499;4,065984493;1170;ADJ;ricco;7501;283962
progressi;1499;4,065984493;1245;NOM;progresso;2293;432245
costi;1498;4,065694867;1158;NOM;costo;3090;17736
magnifica;1498;4,065694867;1204;ADJ;magnifico;6183;157797
spegni;1497;4,065405048;1149;VER;spegnere;1707;236619
esagerato;1496;4,065115035;1303;ADJ;esagerato;3881;423431
potenziale;1496;4,065115035;1208;NOM;potenziale;1116;420887
temere;1496;4,065115035;1198;VER;temere;11202;391337
dimostrato;1496;4,065115035;1284;VER;dimostrare;9466;57039
scommettere;1495;4,064824828;1202;VER;scommettere;11976;122640
Leon;0;4,064824828;282;NPR;Leon;1495;257311
sesto;1495;4,064824828;1166;ADJ;sesto;1675;413357
tatuaggio;1495;4,064824828;837;NOM;tatuaggio;2195;241381
speranze;1494;4,064534427;1274;NOM;speranza;7230;159539
distintivo;1494;4,064534427;959;NOM;distintivo;1269;215179
compagna;1494;4,064534427;1036;NOM;compagno;9294;442001
giocatori;1494;4,064534427;795;NOM;giocatore;3642;102297
condotto;1494;4,064534427;1143;VER;condurre;5994;180678
spaziale;1493;4,064243832;688;ADJ;spaziale;2056;56047
trasformato;1492;4,063953042;1259;VER;trasformare;7282;435327
Connor;0;4,063953042;249;NPR;Connor;4511888;264617
patetico;1492;4,063953042;1249;ADJ;patetico;2462;235206
cantina;1491;4,063662057;839;NOM;cantina;1554;476216
ideale;1491;4,063662057;1233;ADJ;ideale;1347;43889
Natalie;0;4,063370878;260;NOM;<unknown>;4511888;222980
sapendo;1489;4,063079503;1319;VER;sapere;499632;466691
cavoli;1489;4,063079503;1148;NOM;cavolo;15356;226075
trasporto;1489;4,063079503;1073;NOM;trasporto;2113;4419
Ari;0;4,063079503;275;NPR;Ari;4511888;267235
cancellato;1488;4,062787932;1175;VER;cancellare;5390;263263
disperato;1488;4,062787932;1267;VER;disperare;1823;376948
comporti;1488;4,062787932;1319;VER;comportare;11387;71335
lasciano;1488;4,062787932;1336;VER;lasciare;153939;252136
stipendio;1487;4,062496166;1145;NOM;stipendio;1674;348351
distrutta;1486;4,062204203;1255;VER;distruggere;16097;448538
compra;1486;4,062204203;1218;VER;comprare;26675;301960
baciato;1486;4,062204203;970;VER;baciare;9011;92652
emorragia;1485;4,061912044;900;NOM;emorragia;1654;493831
curare;1485;4,061912044;1159;VER;curare;5518;49587
collegato;1484;4,061619688;1268;VER;collegare;5052;376406
dettaglio;1484;4,061619688;1246;NOM;dettaglio;5712;514904
eroi;1484;4,061619688;983;NOM;eroe;6677;442030
procedere;1484;4,061619688;1192;VER;procedere;5237;12776
Harris;0;4,061327135;332;NOM;<unknown>;4511888;403332
dichiarato;1483;4,061327135;1215;VER;dichiarare;5525;246013
your;0;4,061034385;528;NOM;<unknown>;4511888;67664
cambiamenti;1482;4,061034385;1143;NOM;cambiamento;3766;386393
vedervi;1481;4,060741438;1197;VER;vedere;328947;254991
rifiuto;1481;4,060741438;1214;NOM;rifiuto;2122;327637
salvi;1479;4,06015495;1147;ADJ;salvo;3276;131358
balla;1479;4,06015495;1015;VER;ballare;1658;115749
valigie;1479;4,06015495;1091;NOM;valigia;3817;498476
smetta;1479;4,06015495;1215;VER;smettere;39551;416158
dovranno;1479;4,06015495;1293;VER;dovere;548096;504737
riuscirà;1479;4,06015495;1334;VER;riuscire;84728;386037
cugina;1479;4,06015495;832;NOM;cugino;5395;513272
violento;1478;4,059861408;1160;ADJ;violento;2663;249344
baci;1478;4,059861408;1083;NOM;bacio;4949;479239
elettrica;1478;4,059861408;1025;ADJ;elettrico;2816;455553
Pam;0;4,059861408;379;NPR;Pam;1478;318204
impatto;1477;4,059567668;962;NOM;impatto;1495;239991
ringraziarti;1476;4,05927373;1300;VER;ringraziare;14154;9999
dipinto;1476;4,05927373;710;NOM;dipinto;1190;327344
zitti;1476;4,05927373;1073;ADJ;zitto;829;117178
bandiera;1475;4,058979592;796;NOM;bandiera;1715;120712
trenta;1475;4,058979592;1139;ADJ;trenta;1352;36768
frigo;1475;4,058979592;1086;NOM;frigo;1476;272843
grida;1475;4,058979592;828;VER;gridare;853;281306
riusciremo;1474;4,058685255;1294;VER;riuscire;84728;409095
Jean;0;4,058685255;401;NPR;Jean;1474;251194
imputato;1474;4,058685255;532;NOM;imputato;1764;224838
Victoria;0;4,058685255;407;NPR;Victoria;1468;334501
mammina;1474;4,058685255;921;NOM;mammina;4511888;460504
teniamo;1474;4,058685255;1318;VER;tenere;79315;356601
imperatore;1473;4,058390718;396;NOM;imperatore;1822;505280
scommessa;1472;4,058095981;877;NOM;scommessa;2133;258623
principio;1472;4,058095981;1144;NOM;principio;1472;71895
girati;1471;4,057801044;1071;VER;girare;1093;51588
teneva;1471;4,057801044;1271;VER;tenere;79315;199158
dormo;1470;4,057505907;1225;VER;dormire;30760;401265
cazzone;1470;4,057505907;987;NOM;cazzone;4511888;124318
88;0;4,057210569;1142;NUM;@card@;412838;47437
Tina;0;4,057210569;338;NPR;Tina;4511888;505935
infelice;1469;4,057210569;1059;ADJ;infelice;1795;401869
avvicina;1468;4,05691503;1264;VER;avvicinare;10755;157699
capisca;1468;4,05691503;1327;VER;capire;130245;98651
finisca;1467;4,05661929;1331;VER;finire;80815;471318
iniziando;1467;4,05661929;1312;VER;iniziare;33775;46178
svelto;1467;4,05661929;963;ADJ;svelto;2618;514514
cacciatore;1466;4,056323348;758;NOM;cacciatore;2757;354893
manderò;1466;4,056323348;1316;VER;mandare;36513;340371
pallottola;1466;4,056323348;1060;NOM;pallottola;2263;438177
qualcuna;1466;4,056323348;1282;PRO;qualcuno;1069550;11178
prendila;1466;4,056323348;1098;VER;prendere;214434;292561
ammetterlo;1465;4,056027205;1342;VER;ammettere;10048;420888
strategia;1465;4,056027205;1103;NOM;strategia;1724;107803
riusciva;1465;4,056027205;1255;VER;riuscire;84728;482346
out;0;4,056027205;661;NOM;out;1089;221625
sparita;1464;4,055730859;1189;VER;sparire;11399;208149
penserà;1464;4,055730859;1320;VER;pensare;271765;341798
speso;1464;4,055730859;1253;VER;spendere;4645;96058
bloccata;1464;4,055730859;1226;VER;bloccare;9491;458122
trasmissione;1464;4,055730859;937;NOM;trasmissione;1803;40887
tenerti;1463;4,055434311;1312;VER;tenere;79315;325925
asta;1463;4,055434311;699;NOM;asta;1641;300693
trattava;1463;4,055434311;1259;VER;trattare;28375;498855
chiediamo;1462;4,05513756;1214;VER;chiedere;99913;426780
economia;1462;4,05513756;895;NOM;economia;1498;71216
cade;1462;4,05513756;1185;VER;cadere;16313;122935
siccome;1462;4,05513756;1194;CON;siccome;1462;513279
sapremo;1461;4,054840607;1317;VER;sapere;499632;442901
migliorare;1461;4,054840607;1257;VER;migliorare;4370;340592
uovo;1461;4,054840607;870;NOM;uovo;4759;398461
sentirai;1461;4,054840607;1277;VER;sentire;192280;454566
antichi;1461;4,054840607;710;ADJ;antico;4928;425129
posteriore;1460;4,05454345;1124;ADJ;posteriore;1534;172408
presentare;1460;4,05454345;1210;VER;presentare;13800;454861
controllate;1460;4,05454345;1234;VER;controllare;28942;1486
indica;1460;4,05454345;1177;VER;indicare;1298;390619
Janet;0;4,05454345;332;NOM;<unknown>;4511888;293601
Grant;0;4,05424609;374;NOM;<unknown>;4511888;267978
dannatamente;1459;4,05424609;1195;ADV;dannatamente;1069550;425169
mollare;1458;4,053948526;1181;VER;mollare;5413;129438
Ford;0;4,053948526;555;NPR;Ford;1458;5087
sodo;0;4,053948526;1263;ADJ;sodo;1238;335100
piazza;1457;4,053650758;994;NOM;piazza;1362;117292
lunghi;1457;4,053650758;1178;ADJ;lungo;20172;282163
andavo;1457;4,053650758;1287;VER;andare;641883;140431
mo;1457;4,053650758;538;ADV;mo;1069550;286607
segretario;1456;4,053352786;639;NOM;segretario;3019;285988
record;1456;4,053352786;939;NOM;record;1456;290454
continuano;1456;4,053352786;1289;VER;continuare;33215;278253
scrivendo;1455;4,053054609;1116;VER;scrivere;35110;306697
viste;1455;4,053054609;1279;VER;vedere;328947;121456
abitudine;1455;4,053054609;1281;NOM;abitudine;2251;196465
appunti;1454;4,052756228;990;NOM;appunto;1662;265756
eliminare;1454;4,052756228;1229;VER;eliminare;4507;75829
for;0;4,052756228;602;NOM;<unknown>;4511888;469132
Virginia;0;4,052756228;673;NPR;Virginia;1460;26567
rientrare;1452;4,052158849;1217;VER;rientrare;3810;9985
alzato;1452;4,052158849;1264;VER;alzare;12925;138781
toccarmi;1452;4,052158849;1152;VER;toccare;21210;275594
spento;1452;4,052158849;1152;VER;spegnere;4285;122004
pietre;1451;4,051859851;786;NOM;pietra;4471;131478
150;0;4,051859851;1046;NUM;@card@;412838;355535
dar;0;4,051560647;1194;VER;dare;158901;488452
istituto;1450;4,051560647;863;NOM;istituto;1558;512709
centesimi;1450;4,051560647;905;NOM;centesimo;2572;325095
cauzione;1449;4,051261237;780;NOM;cauzione;1500;267295
schifoso;1449;4,051261237;1179;ADJ;schifoso;2716;339808
uccise;1449;4,051261237;1091;VER;uccidere;4197;208798
piange;1448;4,05096162;916;VER;piangere;14088;409109
risulta;1447;4,050661796;1217;VER;risultare;3061;498719
ammetto;1447;4,050661796;1301;VER;ammettere;10048;158044
riconoscere;1447;4,050661796;1248;VER;riconoscere;10336;134254
essi;1447;4,050661796;919;PRO;essi;1447;203936
accendere;1447;4,050661796;1211;VER;accendere;7168;78039
capitato;1446;4,050361765;1282;VER;capitare;5812;124993
Tara;0;4,050361765;251;NOM;tara;1956;298057
isolati;1446;4,050361765;1163;NOM;isolato;1474;105860
gi;0;4,050361765;585;NOM;gi;1446;151722
corre;1446;4,050361765;1168;VER;correre;18695;82106
48;0;4,050361765;1131;NUM;@card@;412838;302577
svegli;1445;4,050061527;1225;ADJ;sveglio;6096;42036
sofferenza;1445;4,050061527;1099;NOM;sofferenza;2035;65876
bang;0;4,050061527;625;NOM;bang;1445;359004
fermatevi;1445;4,050061527;1042;VER;fermare;30904;400313
rifiuti;1445;4,050061527;1118;NOM;rifiuto;2122;327639
interrompere;1445;4,050061527;1266;VER;interrompere;5277;279800
parere;1443;4,049460428;1175;NOM;parere;1499;146337
mangiando;1442;4,049159565;1222;VER;mangiare;42515;79740
spinta;1441;4,048858495;1179;NOM;spinta;733;512621
vola;1441;4,048858495;985;VER;volare;8566;79597
mezzogiorno;1440;4,048557215;1117;NOM;mezzogiorno;1440;464132
riprese;1440;4,048557215;767;NOM;ripresa;2023;55681
tensione;1440;4,048557215;1092;NOM;tensione;1563;338827
stupenda;1440;4,048557215;1175;ADJ;stupendo;3761;357316
diversamente;1440;4,048557215;1287;ADV;diversamente;1440;148429
lanciare;1439;4,048255726;1082;VER;lanciare;6249;381813
romanzo;1439;4,048255726;737;NOM;romanzo;1677;325530
comunicare;1439;4,048255726;1124;VER;comunicare;3325;237014
complice;1438;4,047954028;970;NOM;complice;1918;474378
Kong;0;4,047954028;445;NPR;Kong;1438;126076
contenti;1437;4,04765212;1233;ADJ;contento;12922;4492
online;1437;4,04765212;1018;ADJ;online;206355;53663
Ronnie;0;4,04765212;301;NPR;Ronnie;1437;412131
usate;1436;4,047350002;1255;VER;usare;48691;465430
allenatore;1436;4,047350002;623;NOM;allenatore;1691;246651
assumere;1435;4,047047674;1251;VER;assumere;7947;251094
operatoria;1435;4,047047674;613;ADJ;operatorio;1606;196852
esserti;1434;4,046745135;1332;VER;essere;3507888;377638
riconosco;1434;4,046745135;1279;VER;riconoscere;10336;272787
batteria;1434;4,046745135;877;NOM;batteria;2174;467139
metterla;1433;4,046442386;1288;VER;mettere;124577;247324
villa;1433;4,046442386;719;NOM;villa;1581;444957
Ned;0;4,046442386;182;NOM;<unknown>;4511888;284221
successe;1433;4,046442386;1221;VER;succedere;125771;22722
consigliere;1432;4,046139425;675;NOM;consigliere;1746;6256
origine;1432;4,046139425;1073;NOM;origine;1993;421303
sentono;1432;4,046139425;1217;VER;sentire;192280;163260
getta;1431;4,045836252;1052;VER;gettare;6651;430626
altrettanto;1431;4,045836252;1294;ADV;altrettanto;1383;306136
occuparmi;1430;4,045532868;1288;VER;occuparsi;25028;169010
notevole;1430;4,045532868;1228;ADJ;notevole;1625;276374
sbaglia;1430;4,045532868;1196;VER;sbagliare;19439;323752
matti;1429;4,045229272;1170;NOM;matto;2966;242723
Ìho;0;4,045229272;396;NOM;<unknown>;4511888;452543
riuscite;1428;4,044925463;1245;VER;riuscire;84728;13407
Meredith;0;4,044925463;311;NOM;Meredith;4511888;47534
mandata;1426;4,044317207;1192;VER;mandare;36513;350003
assistenza;1426;4,044317207;1086;NOM;assistenza;1427;384853
vestita;1425;4,04401276;1188;VER;vestire;9163;56727
Sydney;0;4,04401276;285;NOM;<unknown>;4511888;56750
schema;1424;4,043708099;957;NOM;schema;2150;296964
coinvolta;1424;4,043708099;1167;VER;coinvolgere;8488;153447
Jen;0;4,043708099;322;NPR;Jen;4511888;100556
considerando;1423;4,043403224;1253;VER;considerare;11570;406720
cambiano;1423;4,043403224;1206;VER;cambiare;39212;398065
armadietto;1423;4,043403224;972;NOM;armadietto;4511888;506868
roccia;1422;4,043098134;934;NOM;roccia;2278;432153
guido;1422;4,043098134;941;VER;guidare;14289;458845
nucleare;1422;4,043098134;655;ADJ;nucleare;2061;76174
pelo;1421;4,042792831;1052;NOM;pelo;2483;236804
chitarra;1421;4,042792831;635;NOM;chitarra;1520;105181
gentili;1420;4,042487312;1189;ADJ;gentile;9724;455442
Stanley;0;4,042487312;337;NPR;Stanley;1420;227168
tour;1420;4,042487312;779;NOM;tour;1420;396686
infezione;1420;4,042487312;805;NOM;infezione;1697;16824
liberato;1419;4,042181579;1189;VER;liberare;10975;78978
saluta;1419;4,042181579;1197;VER;salutare;6434;163241
cortile;1419;4,042181579;1058;NOM;cortile;1471;389105
segretaria;1418;4,04187563;960;NOM;segretario;3019;47373
Boy;0;4,04187563;685;NOM;boy;1419;204321
staff;1418;4,04187563;986;NOM;staff;1418;496446
Bailey;0;4,04187563;325;NPR;Bailey;4511888;266422
termini;1417;4,041569465;1164;NOM;termine;4998;270292
passaporto;1416;4,041263085;791;NOM;passaporto;1929;88677
batte;1415;4,040956488;1147;VER;battere;11216;61445
magico;1415;4,040956488;1015;ADJ;magico;3290;367121
Joy;0;4,040956488;252;NOM;<unknown>;4511888;340080
entrano;1414;4,040649674;1249;VER;entrare;59544;451587
sederti;1414;4,040649674;1230;VER;sedersi;30364;227678
Diana;0;4,040649674;328;NPR;diana;2557;488634
fascicolo;1413;4,040342644;896;NOM;fascicolo;2012;341068
Vanessa;0;4,040342644;289;NPR;Vanessa;1415;269911
mobili;1413;4,040342644;1023;NOM;mobile;939;119029
arriveranno;1412;4,040035396;1219;VER;arrivare;85743;131334
sedetevi;1412;4,040035396;1084;VER;sedersi;30364;139279
muoiono;1412;4,040035396;1187;VER;morire;96820;341869
usiamo;1411;4,039727931;1218;VER;usare;48691;192619
unici;1411;4,039727931;1265;ADJ;unico;1567;476344
possibili;1410;4,039420248;1232;ADJ;possibile;25275;402230
Spagna;0;4,039420248;591;NPR;Spagna;1410;146086
vidi;1410;4,039420248;971;VER;vedere;328947;240636
spaventoso;1408;4,038804227;1143;ADJ;spaventoso;2325;191548
sacro;1408;4,038804227;927;ADJ;sacro;2372;119986
corrisponde;1408;4,038804227;1105;VER;corrispondere;2466;178431
stufo;1407;4,038495889;1146;ADJ;stufo;2370;390547
passeggeri;1407;4,038495889;764;NOM;passeggero;1552;176848
alieni;1406;4,038187332;540;NOM;alieno;1078;446830
segnali;1406;4,038187332;1017;NOM;segnale;7073;268411
svegliata;1406;4,038187332;1180;VER;svegliare;14082;472042
circo;1405;4,037878555;776;NOM;circo;1423;158239
autorizzazione;1405;4,037878555;1005;NOM;autorizzazione;1495;117889
battito;1404;4,037569559;974;NOM;battito;1619;386212
moriremo;1403;4,037260342;976;VER;morire;96820;226120
stupide;1402;4,036950905;1195;ADJ;stupido;19680;312345
evviva;1402;4,036950905;927;INT;evviva;1401;339765
bentornato;1402;4,036950905;1090;ADJ;bentornato;1852;463209
interessata;1402;4,036950905;1198;ADJ;interessato;18575;431573
svelta;1402;4,036950905;1079;ADJ;svelto;1682;514524
chiedono;1401;4,036641248;1205;VER;chiedere;99913;374860
avvertito;1401;4,036641248;1213;VER;avvertire;6677;119900
sacrificio;1401;4,036641248;1030;NOM;sacrificio;2085;511191
diventati;1401;4,036641248;1231;VER;diventare;46915;155387
Hall;0;4,03633137;652;NOM;hall;1404;453470
consulente;1399;4,03602127;979;NOM;consulente;1270;377368
sbrigatevi;1399;4,03602127;996;VER;sbrigarsi;9927;117312
politico;1399;4,03602127;939;ADJ;politico;3384;288439
can;0;4,035710949;506;NOM;can;1398;37381
manuale;1398;4,035710949;1011;NOM;manuale;944;395289
movente;1398;4,035710949;890;NOM;movente;1337;5076
infermiere;1398;4,035710949;853;NOM;infermiere;5135;19954
beneficenza;1397;4,035400406;902;NOM;beneficenza;1399;75531
complesso;1397;4,035400406;1040;NOM;complesso;959;366141
bruciare;1397;4,035400406;1093;VER;bruciare;9293;370766
sporca;1397;4,035400406;1117;ADJ;sporco;4659;483708
educazione;1397;4,035400406;1069;NOM;educazione;1399;292788
pacchetto;1396;4,03508964;1020;NOM;pacchetto;1758;191470
sostegno;1395;4,034778653;1109;NOM;sostegno;1441;412948
filmato;1395;4,034778653;857;NOM;filmato;1378;334362
leggendo;1395;4,034778653;1222;VER;leggere;24226;207139
facce;1395;4,034778653;1155;NOM;faccia;24632;465454
diretti;1395;4,034778653;1143;VER;dirigere;8815;12500
campeggio;1394;4,034467442;684;NOM;campeggio;1417;488064
by;0;4,034156008;765;NOM;<unknown>;4511888;243251
asilo;1393;4,034156008;925;NOM;asilo;1429;47338
liberare;1392;4,033844351;1146;VER;liberare;10975;31135
Burke;0;4,033844351;275;NOM;<unknown>;4511888;42915
Dwight;0;4,033844351;200;NOM;<unknown>;4511888;335012
Leslie;0;4,03353247;204;NPR;Leslie;1391;315997
Ebbene;1391;4,03353247;902;CON;ebbene;1325;270247
cancellare;1390;4,033220364;1128;VER;cancellare;5390;311051
medaglia;1390;4,033220364;876;NOM;medaglia;1752;466188
impiegato;1390;4,033220364;1103;NOM;impiegato;1638;433481
attuale;1390;4,033220364;1160;ADJ;attuale;1661;186451
invitati;1390;4,033220364;1095;NOM;invitato;1042;481893
apertura;1390;4,033220364;1063;NOM;apertura;1448;219755
tipico;1390;4,033220364;1208;ADJ;tipico;2133;438517
considerare;1389;4,032908035;1237;VER;considerare;11570;155658
regalato;1389;4,032908035;1152;VER;regalare;3969;262932
passami;1389;4,032908035;1144;VER;passare;65203;58446
cotta;1389;4,032908035;1049;NOM;cotta;1086;402305
spaventa;1389;4,032908035;1201;VER;spaventare;13560;275336
spegnere;1388;4,03259548;1161;VER;spegnere;4285;229898
Amber;0;4,0322827;246;VER;<unknown>;1069550;420233
aspettami;1387;4,0322827;1125;VER;aspettare;116636;270314
insetti;1387;4,0322827;666;NOM;insetto;2197;487927
attori;1386;4,031969695;706;NOM;attore;5849;385584
Jersey;1386;4,031969695;756;NOM;jersey;1387;101441
Katherine;0;4,031969695;368;NOM;<unknown>;4511888;172208
rendo;1386;4,031969695;1245;VER;rendere;31903;11519
internazionale;1385;4,031656465;978;ADJ;internazionale;1917;415559
servi;1385;4,031656465;1102;VER;servire;63151;286858
risponda;1384;4,031343008;1074;VER;rispondere;27544;32954
leggo;1383;4,031029324;1194;VER;leggere;24226;400268
Hong;0;4,031029324;361;NPR;Hong;1383;173965
spiriti;1383;4,031029324;748;NOM;spirito;6893;163499
drago;1382;4,030715414;461;NOM;drago;1872;137806
27;0;4,030715414;1026;NUM;@card@;412838;429931
Melissa;0;4,030715414;332;NOM;melissa;1384;383863
tagli;1381;4,030401277;1088;NOM;taglio;4655;40370
chiese;1381;4,030401277;1031;NOM;chiesa;7535;332021
servo;1380;4,030086913;1000;VER;servire;1624;286862
ambasciatore;1379;4,029772321;462;NOM;ambasciatore;1606;147479
abituato;1379;4,029772321;1232;VER;abituare;4803;289776
desiderato;1379;4,029772321;1178;ADJ;desiderato;9746;231933
suoni;1378;4,029457501;1057;NOM;suono;4480;468513
cinesi;1378;4,029457501;682;NOM;cinese;1591;54642
Wade;0;4,028827175;206;NOM;<unknown>;4511888;288697
Ken;0;4,028511668;412;NPR;Ken;1375;202785
merce;1375;4,028511668;923;NOM;merce;2032;181576
chiappe;1375;4,028511668;1006;NOM;chiappa;1461;379793
spina;1374;4,028195933;1070;NOM;spina;1630;145488
volerlo;1374;4,028195933;1257;VER;volere;609883;513789
baciare;1373;4,027879967;1070;VER;baciare;9011;140310
raccolta;1373;4,027879967;1038;NOM;raccolta;823;433285
amata;1373;4,027879967;1078;VER;amare;46084;7382
pronte;1372;4,027563772;1136;ADJ;pronto;61375;470551
avverto;1372;4,027563772;1186;VER;avvertire;6677;29207
restiamo;1371;4,027247346;1160;VER;restare;38155;439081
produttore;1371;4,027247346;798;NOM;produttore;1771;502341
lire;1371;4,027247346;250;NOM;lira;1606;312974
potranno;1371;4,027247346;1235;VER;potere;676977;75704
presumo;1370;4,026930689;1174;VER;presumere;2498;484312
scene;1370;4,026930689;902;NOM;scena;11695;148976
guardalo;1369;4,026613802;1119;VER;guardare;111656;34073
preoccupati;1369;4,026613802;1179;ADJ;preoccupato;43338;485431
puo;1369;4,026613802;307;VER;potere;1069550;35196
Enterprise;0;4,026613802;203;NOM;<unknown>;4511888;371343
giunto;1369;4,026613802;1186;VER;giungere;3696;48293
sfortuna;1369;4,026613802;1109;NOM;sfortuna;1388;329183
piú;1369;4,026613802;62;ADV;più;4511888;103678
catturare;1368;4,026296682;1087;VER;catturare;5710;54046
appetito;1368;4,026296682;1104;NOM;appetito;1146;330788
manette;1368;4,026296682;962;NOM;manetta;1368;145732
dovunque;1368;4,026296682;1179;ADV;dovunque;1368;316404
cifra;1367;4,025979332;1051;NOM;cifra;2218;345194
incantesimo;1367;4,025979332;568;NOM;incantesimo;1679;89020
entrando;1367;4,025979332;1208;VER;entrare;59544;286695
nervi;1367;4,025979332;1095;NOM;nervo;1720;347624
amministrazione;1366;4,025661749;910;NOM;amministrazione;1389;250641
Neil;0;4,025661749;283;NOM;<unknown>;4511888;261041
Blake;0;4,025343934;287;NOM;<unknown>;4511888;200463
Audrey;0;4,025343934;244;NPR;Audrey;4511888;320275
sensori;1364;4,025025886;617;NOM;sensore;1224;16398
luglio;1364;4,025025886;878;NOM;luglio;1364;471589
ridotto;1363;4,024707605;1209;VER;ridurre;4580;173341
metallo;1363;4,024707605;960;NOM;metallo;1567;318948
prezioso;1362;4,02438909;1160;ADJ;prezioso;2565;510938
giungla;1362;4,02438909;711;NOM;giungla;1389;505852
peggior;1361;4,024070342;1191;ADJ;peggiore;6155;471302
partiamo;1361;4,024070342;1161;VER;partire;15356;251935
ordinare;1360;4,02375136;1170;VER;ordinare;8894;342959
partite;1360;4,02375136;959;NOM;partita;8807;304833
consegnato;1358;4,023112691;1139;VER;consegnare;7449;178258
kit;1358;4,023112691;727;NOM;kit;1358;505447
materia;1358;4,023112691;902;NOM;materia;1571;236914
mollato;1358;4,023112691;1095;VER;mollare;5413;435179
orgogliosa;1357;4,022793004;1133;ADJ;orgoglioso;4396;87642
Joan;0;4,022793004;315;NPR;Joan;1357;70493
maledetti;1357;4,022793004;1028;NOM;maledetto;2317;221941
rispettare;1356;4,022473082;1182;VER;rispettare;6472;49163
peccati;1356;4,022473082;840;NOM;peccato;7406;358035
perdente;1356;4,022473082;955;NOM;perdente;1594;469402
metterà;1356;4,022473082;1229;VER;mettere;124577;187118
altrove;1355;4,022152924;1166;ADV;altrove;1355;413505
contattare;1355;4,022152924;1136;VER;contattare;5521;485720
lancia;1355;4,022152924;873;NOM;lancia;2064;156531
Manhattan;0;4,022152924;848;NPR;Manhattan;1355;243835
Ashley;0;4,022152924;265;NOM;<unknown>;4511888;382603
protetto;1355;4,022152924;1158;VER;proteggere;16350;463769
Salvatore;1355;4,022152924;553;NPR;salvatore;1524;395430
tigre;1355;4,022152924;721;NOM;tigre;1638;503734
falsa;1355;4,022152924;1069;ADJ;falso;5326;261873
potermi;1354;4,02183253;1246;VER;potere;676977;539
antico;1353;4,021511899;980;ADJ;antico;4928;269993
sociali;1353;4,021511899;904;ADJ;sociale;3652;66508
francamente;1352;4,021191031;1179;ADV;francamente;1352;157779
sbattuto;1352;4,021191031;1165;VER;sbattere;5757;314205
vodka;1352;4,021191031;902;NOM;vodka;1352;250478
crea;1352;4,021191031;1143;VER;creare;13494;8318
schiavi;1352;4,021191031;689;NOM;schiavo;1851;498677
assoluto;1351;4,020869926;1135;ADJ;assoluto;1611;367977
prodotti;1350;4,020548583;961;NOM;prodotto;2711;269097
casinò;1350;4,020548583;450;NOM;casino;1350;470633
boom;1350;4,020548583;850;NOM;boom;1350;133524
daranno;1349;4,020227003;1202;VER;dare;158901;167749
daccordo;1349;4,020227003;629;INT;d'accordo;4511888;49481
impressionante;1349;4,020227003;1144;ADJ;impressionante;1448;363661
preferisce;1349;4,020227003;1201;VER;preferire;15296;332754
codardo;1349;4,020227003;970;ADJ;codardo;1114;307172
telefonato;1348;4,019905184;1013;VER;telefonare;4191;439890
malattie;1348;4,019905184;994;NOM;malattia;5764;111554
bus;1347;4,019583127;839;NOM;bus;1347;28019
Damon;0;4,019583127;205;NOM;<unknown>;4511888;380080
zombie;1347;4,019583127;461;NOM;zombie;1347;467142
impegnata;1345;4,018938294;1146;VER;impegnare;6234;123160
confusa;1345;4,018938294;1159;ADJ;confuso;4979;136024
Jan;0;4,018938294;203;NPR;Jan;1345;5296
proprie;1345;4,018938294;1149;ADJ;proprio;25769;74235
protocollo;1344;4,018615519;880;NOM;protocollo;1714;489988
sedile;1344;4,018615519;1018;NOM;sedile;1786;339404
rallenta;1344;4,018615519;1021;VER;rallentare;3360;413150
ricetta;1343;4,018292503;951;NOM;ricetta;1647;397070
onesta;1343;4,018292503;1120;ADJ;onesto;4928;265468
stabile;1341;4,01764575;1040;ADJ;stabile;1428;19713
fottere;1341;4,01764575;939;VER;fottere;16297;480487
intelligenza;1340;4,017322012;953;NOM;intelligenza;1372;368400
promozione;1340;4,017322012;895;NOM;promozione;1442;455005
troveranno;1340;4,017322012;1105;VER;trovare;165912;457647
spedito;1340;4,017322012;1143;VER;spedire;4320;162505
scrivo;1339;4,016998033;1064;VER;scrivere;35110;271111
banche;1339;4,016998033;627;NOM;banca;7851;92447
¡;0;4,016998033;79;PON;<unknown>;4511888;195460
stadio;1339;4,016998033;893;NOM;stadio;1500;147417
tecnico;1338;4,016673811;952;ADJ;tecnico;1793;154195
Congresso;1338;4,016673811;651;NOM;congresso;1387;122709
autopsia;1338;4,016673811;841;NOM;autopsia;1512;183674
collina;1337;4,016349348;850;NOM;collina;2005;216649
perdiamo;1336;4,016024642;1124;VER;perdere;68537;280588
undici;0;4,016024642;1007;ADJ;undici;1226;96525
munizioni;1336;4,016024642;788;NOM;munizione;1370;42384
mh;0;4,016024642;301;NOM;<unknown>;4511888;286610
W;0;4,015699692;562;NOM;<unknown>;4511888;76814
vende;1335;4,015699692;1098;VER;vendere;19229;363515
sensibile;1333;4,015049064;1101;ADJ;sensibile;1732;94224
Cylon;0;4,015049064;95;NOM;<unknown>;4511888;62318
eccome;1333;4,015049064;1149;ADV;eccome;1333;421602
Nora;0;4,015049064;248;NPR;Nora;4511888;46309
ammesso;1332;4,014723384;1143;VER;ammettere;10048;55312
cittadino;1332;4,014723384;1018;NOM;cittadino;3009;292342
Keith;0;4,014397459;356;NPR;Keith;1331;359745
dava;1331;4,014397459;1116;VER;dare;158901;193880
rintracciare;1330;4,01407129;1117;VER;rintracciare;4146;203841
85;0;4,01407129;1055;NUM;@card@;412838;47448
allontanati;1330;4,01407129;1067;VER;allontanare;6848;510943
usarlo;1330;4,01407129;1201;VER;usare;48691;45815
elezioni;1329;4,013744875;625;NOM;elezione;1705;32798
poterti;1329;4,013744875;1212;VER;potere;676977;215605
Kurt;0;4,013744875;256;NPR;Kurt;4511888;437187
ín;0;4,013744875;198;NOM;<unknown>;4511888;322772
distruzione;1328;4,013418215;978;NOM;distruzione;1342;343471
corona;1328;4,013418215;708;NOM;corona;1554;327933
fallimento;1328;4,013418215;1069;NOM;fallimento;1556;453119
Mickey;0;4,013091309;344;NOM;<unknown>;4511888;383281
continuato;1327;4,013091309;1165;VER;continuare;33215;1085
valle;1327;4,013091309;753;NOM;valle;1327;241096
preghiera;1327;4,013091309;927;NOM;preghiera;2471;500426
Harold;0;4,013091309;325;NOM;<unknown>;4511888;58102
database;1326;4,012764157;948;NOM;database;4511888;507964
coordinate;1326;4,012764157;782;NOM;coordinata;969;195793
forno;1326;4,012764157;944;NOM;forno;1430;383966
rimediare;1325;4,012436758;1172;VER;rimediare;1963;173150
mm;0;4,012436758;784;NOM;<unknown>;4511888;286605
separati;1325;4,012436758;1114;VER;separare;4548;449944
Gabriel;0;4,012109113;250;NPR;Gabriel;4511888;28880
terribilmente;1324;4,012109113;1114;ADV;terribilmente;206355;135930
modulo;1323;4,011781219;807;NOM;modulo;1971;47675
cocaina;1323;4,011781219;728;NOM;cocaina;1323;290651
impara;1323;4,011781219;1165;VER;imparare;17229;63652
impianto;1323;4,011781219;851;NOM;impianto;1687;37066
fango;1322;4,011453079;910;NOM;fango;1359;416534
dir;0;4,011453079;1146;VER;dire;636417;444952
portatile;1322;4,011453079;808;ADJ;portatile;1436;271180
scopri;1322;4,011453079;1169;VER;scoprire;35725;306253
organi;1322;4,011453079;828;NOM;organo;1844;6499
Stark;0;4,011453079;200;NOM;<unknown>;4511888;71275
Sharon;0;4,01112469;314;NOM;<unknown>;4511888;235088
proteggerti;1321;4,01112469;1139;VER;proteggere;16350;416879
Colin;0;4,01112469;212;NPR;Colin;4511888;411580
profonda;1321;4,01112469;1084;ADJ;profondo;4676;259838
passano;1320;4,010796052;1165;VER;passare;65203;34580
registro;1320;4,010796052;944;NOM;registro;2570;328676
continuava;1319;4,010467166;1110;VER;continuare;33215;235521
sposi;1319;4,010467166;915;NOM;sposo;2063;336651
Violet;0;4,010467166;184;NOM;<unknown>;4511888;164120
Neal;0;4,01013803;168;NPR;Neal;4511888;69148
stando;1318;4,01013803;1175;VER;stare;648668;369285
richieste;1318;4,01013803;1022;NOM;richiesta;4456;70290
svelti;1318;4,01013803;752;ADJ;svelto;2618;514518
centimetri;1318;4,01013803;968;NOM;centimetro;1803;189410
Bud;0;4,009808645;227;NOM;<unknown>;4511888;482104
vedova;1317;4,009808645;823;NOM;vedova;1146;315480
registri;1316;4,009479009;1002;NOM;registro;2570;328677
appello;1316;4,009479009;879;NOM;appello;1328;368886
lupi;1315;4,009149124;686;NOM;lupo;4942;77074
Hanna;0;4,009149124;198;NOM;<unknown>;4511888;189114
email;1315;4,009149124;766;NOM;email;4511888;19674
Sheldon;0;4,008818987;212;NPR;Sheldon;4511888;279118
Walt;0;4,008818987;291;NPR;Walt;4511888;298142
isubs;0;4,008818987;594;NOM;<unknown>;4511888;192939
profondità;1313;4,0084886;920;NOM;profondità;1313;190242
lusso;1313;4,0084886;1087;NOM;lusso;1341;5708
visitare;1313;4,0084886;1122;VER;visitare;3226;301141
arti;1313;4,0084886;762;NOM;arte;1313;284037
scavare;1313;4,0084886;961;VER;scavare;3110;12167
Halloween;1312;4,00815796;480;NOM;Halloween;4511888;128260
gelosa;1312;4,00815796;923;ADJ;geloso;3534;77884
acciaio;1311;4,007827069;976;NOM;acciaio;1279;215671
essa;1311;4,007827069;992;PRO;essa;1311;203931
figata;1310;4,007495926;1007;NOM;figata;4511888;120664
capitale;1310;4,007495926;907;NOM;capitale;1184;450814
petrolio;1309;4,00716453;532;NOM;petrolio;1317;288269
Iei;0;4,006832881;188;NOM;<unknown>;4511888;283024
doppia;1308;4,006832881;1022;ADJ;doppio;3803;12449
pattuglia;1307;4,006500978;894;NOM;pattuglia;1614;504163
Toby;0;4,006500978;288;NPR;Toby;4511888;82591
scopre;1306;4,006168822;1154;VER;scoprire;35725;287551
attrezzi;1306;4,006168822;947;NOM;attrezzo;1612;160597
scarpa;1306;4,006168822;796;NOM;scarpa;8721;117367
Curtis;0;4,006168822;262;NPR;Curtis;4511888;499856
satellite;1305;4,005836411;568;NOM;satellite;1354;12348
seguitemi;1305;4,005836411;1002;VER;seguire;25854;10833
album;1305;4,005836411;744;NOM;album;4511888;166302
Craig;0;4,005836411;288;NPR;Craig;4511888;427446
pensassi;1304;4,005503746;1198;VER;pensare;271765;334848
guanti;1304;4,005503746;927;NOM;guanto;1931;357376
57;0;4,005503746;498;NUM;@card@;412838;314126
radiazioni;1304;4,005503746;591;NOM;radiazione;1573;315222
incazzare;1304;4,005503746;1074;VER;incazzare;3565;379798
esercizio;1303;4,005170826;960;NOM;esercizio;1917;240940
tenermi;0;4,005170826;1199;VER;tenere;79315;494171
bicicletta;1303;4,005170826;784;NOM;bicicletta;1470;495762
quinto;1303;4,005170826;931;ADJ;quinto;1944;44461
Jill;0;4,00483765;313;NOM;<unknown>;4511888;51730
Troy;0;4,00483765;225;NPR;Troy;4511888;186977
sofferto;1302;4,00483765;1098;VER;soffrire;8182;99298
collana;1301;4,004504219;640;NOM;collana;1418;172130
guidato;1301;4,004504219;1061;VER;guidare;14289;440437
lasciatelo;1300;4,004170531;1005;VER;lasciare;153939;510827
riparare;1300;4,004170531;1057;VER;riparare;3401;514462
abbraccio;1300;4,004170531;1007;NOM;abbraccio;1660;69791
elementi;1300;4,004170531;978;NOM;elemento;2271;309719
paesi;1300;4,004170531;910;NOM;paese;15931;297718
unione;1300;4,004170531;855;NOM;unione;1335;385528
laser;1298;4,003502385;713;NOM;laser;1298;406787
anziani;1298;4,003502385;863;NOM;anziano;1169;306450
datti;1298;4,003502385;1117;VER;darsi;1069550;320128
tranquilli;1298;4,003502385;1092;ADJ;tranquillo;12693;425652
sareste;1298;4,003502385;1145;VER;essere;3507888;9159
interrogatorio;1297;4,003167927;937;NOM;interrogatorio;893;422149
Meg;0;4,00283321;242;NOM;<unknown>;4511888;332577
cacca;1296;4,00283321;809;NOM;cacca;1317;355671
genitore;1295;4,002498236;952;NOM;genitore;16152;76322
licenziata;1295;4,002498236;858;VER;licenziare;8131;169808
Gina;0;4,002498236;271;NPR;Gina;4511888;60588
Carol;0;4,002498236;425;NOM;<unknown>;4511888;360419
caporale;1295;4,002498236;347;NOM;caporale;1316;294373
duri;1294;4,002163003;1073;ADJ;duro;15910;318684
abitanti;1293;4,001827511;966;NOM;abitante;1414;89388
April;0;4,001827511;241;NOM;<unknown>;4511888;270396
insegna;1293;4,001827511;1058;NOM;insegna;841;119365
recitare;1293;4,001827511;853;VER;recitare;3171;425365
particolarmente;1292;4,001491759;1142;ADV;particolarmente;1292;359564
responsabili;1291;4,001155748;1028;NOM;responsabile;3660;367473
lama;1291;4,001155748;806;NOM;lama;1291;301784
solita;1290;4,000819477;1124;ADJ;solito;4674;261644
contiene;1290;4,000819477;1075;VER;contenere;3513;130934
alternativa;1290;4,000819477;1054;NOM;alternativa;1210;452604
Pierce;0;4,000482945;277;NOM;<unknown>;4511888;67798
Michele;0;4,000482945;148;NPR;Michele;1289;267226
indiani;1288;4,000146152;562;NOM;indiano;1184;278540
sentiva;1288;4,000146152;1043;VER;sentire;192280;436283
muova;1288;4,000146152;1014;VER;muovere;32025;166477
perdo;1287;3,999809097;1135;VER;perdere;68537;441061
carità;1285;3,999134203;822;NOM;carità;1285;147981
averli;1285;3,999134203;1161;VER;avere;2620540;45184
sembrerebbe;1285;3,999134203;1119;VER;sembrare;108715;8938
curiosità;1285;3,999134203;1093;NOM;curiosità;1285;314865
discorsi;1284;3,998796362;1076;NOM;discorso;5807;360498
cardiaco;1284;3,998796362;864;ADJ;cardiaco;1827;438166
compreso;1283;3,998458258;1166;VER;comprendere;5580;227359
saprai;1283;3,998458258;1128;VER;sapere;499632;208449
cartella;1283;3,998458258;854;NOM;cartella;1935;516432
duramente;1283;3,998458258;1118;ADV;duramente;1283;517003
lanciato;1283;3,998458258;1063;VER;lanciare;6249;111092
maschi;1282;3,998119891;994;NOM;maschio;2899;7169
chimica;1282;3,998119891;862;NOM;chimica;763;12908
gridare;1282;3,998119891;1024;VER;gridare;4181;251095
aggredito;1281;3,99778126;948;VER;aggredire;2818;229258
parente;1281;3,99778126;1024;NOM;parente;3323;389779
invisibile;1280;3,997442364;848;ADJ;invisibile;1613;413304
certezza;1280;3,997442364;1099;NOM;certezza;1390;411339
Lloyd;0;3,996763779;260;NPR;Lloyd;1278;45176
Island;0;3,996763779;759;NOM;<unknown>;4511888;413880
cavi;1277;3,996424088;1009;NOM;cavo;2352;458626
diresti;1276;3,996084132;1140;VER;dire;636417;35489
Grey;0;3,995743909;329;NOM;<unknown>;4511888;423193
ansia;1275;3,995743909;1018;NOM;ansia;1339;494719
Gene;1275;3,995743909;405;NOM;gene;1272;165330
stabilire;1275;3,995743909;1104;VER;stabilire;3621;10997
moneta;1274;3,995403419;678;NOM;moneta;2305;60440
correte;1274;3,995403419;810;VER;correre;18695;110131
calibro;1274;3,995403419;803;NOM;calibro;1294;58994
Iraq;0;3,995403419;593;NPR;Iraq;1274;196747
lega;1274;3,995403419;840;NOM;lega;1095;403455
capirai;1273;3,995062662;1131;VER;capire;130245;251250
esecuzione;1273;3,995062662;819;NOM;esecuzione;1448;55535
lento;1272;3,994721638;983;ADJ;lento;2222;286737
quinta;1272;3,994721638;856;ADJ;quinto;1944;44468
terrà;1272;3,994721638;1142;VER;tenere;79315;468
alzi;1272;3,994721638;1035;VER;alzare;12925;234466
Fi;0;3,994380346;292;NOM;<unknown>;4511888;188314
violazione;1271;3,994380346;988;NOM;violazione;1435;308423
Green;0;3,994038785;562;NOM;green;1290;345912
vengano;1269;3,993696955;1131;VER;venire;229884;285750
somma;1269;3,993696955;984;NOM;somma;925;185655
rottura;1269;3,993696955;1053;NOM;rottura;1349;343369
poker;1269;3,993696955;676;NOM;poker;1269;448170
Giovanni;0;3,993354856;427;NPR;Giovanni;1268;162980
recupero;1268;3,993354856;892;VER;recuperare;6005;376497
interessano;1268;3,993354856;1134;VER;interessare;18575;287998
prenderci;1267;3,993012488;1138;VER;prendere;214434;74508
pasta;1267;3,993012488;879;NOM;pasta;1343;144503
resterò;1267;3,993012488;1103;VER;restare;38155;270280
onesti;1266;3,992669849;1107;ADJ;onesto;4928;265473
investigatore;1266;3,992669849;722;NOM;investigatore;1799;356951
reali;1266;3,992669849;979;ADJ;reale;7717;489191
guerriero;1266;3,992669849;676;NOM;guerriero;1374;250089
Berlino;0;3,99232694;431;NPR;Berlino;1265;116008
impedire;1265;3,99232694;1131;VER;impedire;5663;271721
sorte;1264;3,99198376;988;NOM;sorte;1197;218161
identificare;1263;3,991640308;1015;VER;identificare;4981;237642
Teresa;0;3,991640308;366;NPR;Teresa;1263;494305
Beckett;0;3,991296585;176;NPR;Beckett;4511888;120329
ala;1262;3,991296585;822;NOM;ala;3992;304697
miniera;1262;3,991296585;558;NOM;miniera;1662;300740
quarta;1262;3,991296585;999;ADJ;quarto;2914;472271
gemelli;1261;3,990952589;741;NOM;gemello;1645;502291
dog;0;3,990952589;653;NOM;<unknown>;4511888;493343
guaio;1261;3,990952589;989;NOM;guaio;10931;227874
guardano;1261;3,990952589;1060;VER;guardare;111656;503594
malati;1261;3,990952589;967;NOM;malato;2056;337721
autostrada;1261;3,990952589;835;NOM;autostrada;1394;72268
scappando;1261;3,990952589;1061;VER;scappare;21788;185709
impero;1261;3,990952589;700;NOM;impero;1255;478446
facili;1260;3,990608321;1125;ADJ;facile;17118;89697
darvi;1259;3,990263779;1147;VER;dare;158901;82461
Juan;0;3,990263779;272;NPR;Juan;1259;225097
suolo;1259;3,990263779;988;NOM;suolo;1241;417124
cercarlo;1259;3,990263779;1103;VER;cercare;103013;354733
that;0;3,990263779;352;NOM;<unknown>;4511888;117962
pagherò;1259;3,990263779;1030;VER;pagare;31598;35533
Stephen;0;3,990263779;335;NPR;Stephen;1259;332252
circolo;1259;3,990263779;810;NOM;circolo;1373;460269
tessuto;1258;3,989918964;890;NOM;tessuto;1653;391175
India;0;3,989918964;618;NOM;indio;1370;493141
mazza;1256;3,989228512;763;NOM;mazza;1525;5217
concesso;1256;3,989228512;1081;VER;concedere;4735;151223
cellule;1255;3,988882874;675;NOM;cellula;1793;159136
cause;0;3,98853696;891;NOM;causa;15789;200717
testamento;1254;3,98853696;650;NOM;testamento;1295;2943
rapidamente;1253;3,988190771;1026;ADV;rapidamente;1253;193355
avvertimento;1253;3,988190771;1026;NOM;avvertimento;1381;77756
suggerisco;1252;3,987844305;1118;VER;suggerire;5088;284979
indossava;1252;3,987844305;987;VER;indossare;11771;477534
gettato;1252;3,987844305;1064;VER;gettare;6651;426708
cerebrale;1251;3,987497563;897;ADJ;cerebrale;1698;495848
1000;0;3,987150544;863;NUM;@card@;412838;223149
movimenti;1249;3,986803247;1002;NOM;movimento;4522;157256
ascoltatemi;1249;3,986803247;1009;VER;ascoltare;55142;178060
East;0;3,986803247;654;NPR;East;1249;272542
elenco;1249;3,986803247;969;NOM;elenco;1336;266693
Manny;0;3,986803247;246;NPR;Manny;4511888;2764
mangiano;1249;3,986803247;1006;VER;mangiare;42515;483839
Dexter;0;3,986455673;135;NOM;<unknown>;4511888;322905
pastore;1248;3,986455673;613;NOM;pastore;1403;62120
inquietante;1247;3,98610782;1039;ADJ;inquietante;1445;182093
carini;1247;3,98610782;1044;ADJ;carino;19217;292176
Lemon;0;3,98610782;159;NOM;<unknown>;4511888;467101
go;0;3,98610782;452;VER;<unknown>;1069550;151716
euro;1247;3,98610782;375;NOM;euro;1247;515019
equilibrio;1246;3,985759688;881;NOM;equilibrio;1267;84858
caramelle;1246;3,985759688;826;NOM;caramella;1741;493974
Valentino;0;3,985411277;287;NPR;Valentino;1245;32919
fascino;1245;3,985411277;1065;NOM;fascino;1245;298927
tal;1244;3,985062586;1005;ADJ;tale;7866;257605
terribili;1244;3,985062586;1065;ADJ;terribile;10110;465258
Seth;0;3,985062586;202;NPR;Seth;4511888;112824
obbligato;1244;3,985062586;1092;ADJ;obbligato;3297;116472
promesse;0;3,984713615;948;NOM;promessa;3266;392005
bara;1243;3,984713615;792;VER;barare;1501;378275
generazione;1243;3,984713615;882;NOM;generazione;2057;235239
enormi;1243;3,984713615;1017;ADJ;enorme;6623;89590
Trevor;0;3,984364363;210;NOM;<unknown>;4511888;398673
connessione;1242;3,984364363;927;NOM;connessione;1446;237763
Bauer;0;3,98401483;145;NOM;<unknown>;4511888;153670
muoio;1241;3,98401483;1009;VER;morire;96820;296395
privacy;1240;3,983665016;1014;NOM;privacy;1240;464658
rimangono;1240;3,983665016;1095;VER;rimanere;46342;290008
dea;1239;3,98331492;623;NOM;dea;2132;348945
gonna;0;3,98331492;727;NOM;gonna;1391;422221
tentando;1237;3,982613879;1026;VER;tentare;9206;279553
cranio;1237;3,982613879;858;NOM;cranio;1266;411748
Blue;0;3,982262934;557;ADJ;blue;925;509481
drogato;1236;3,982262934;883;NOM;drogato;1457;3418
ritiro;1236;3,982262934;946;NOM;ritiro;1058;244473
esso;1235;3,981911705;838;PRO;esso;1235;192057
chip;1235;3,981911705;401;NOM;chip;1235;289655
Warren;0;3,981911705;300;NPR;Warren;4511888;113361
falsi;1235;3,981911705;853;ADJ;falso;5326;261878
causare;1234;3,981560192;1014;VER;causare;6441;485195
sentiero;1234;3,981560192;799;NOM;sentiero;1450;446077
Shaw;0;3,981560192;222;NPR;Shaw;4511888;454899
padri;1234;3,981560192;897;NOM;padre;78825;132862
rilasciato;1233;3,981208394;1000;VER;rilasciare;3652;292193
patria;1233;3,981208394;732;NOM;patria;1050;322535
conclusione;1232;3,980856311;1040;NOM;conclusione;1926;34903
ridicola;1232;3,980856311;1080;ADJ;ridicolo;6301;442836
tramonto;1232;3,980856311;954;NOM;tramonto;1321;394732
indiano;1231;3,980503942;677;ADJ;indiano;2137;278541
carburante;1231;3,980503942;614;NOM;carburante;1243;205076
muovi;1231;3,980503942;1016;VER;muovere;32025;166482
irruzione;1230;3,980151287;904;NOM;irruzione;1275;444229
telefoni;1230;3,980151287;949;NOM;telefono;20484;392027
straniero;1229;3,979798346;844;NOM;straniero;890;291851
gravi;1229;3,979798346;1044;ADJ;grave;6366;327180
hot;0;3,979798346;686;NOM;<unknown>;4511888;33346
presso;1229;3,979798346;980;PRE;presso;951;65871
capirà;1229;3,979798346;1095;VER;capire;130245;9897
cucciolo;1229;3,979798346;799;NOM;cucciolo;2077;107486
Bernie;0;3,979445117;189;NOM;<unknown>;4511888;315207
basket;1228;3,979445117;670;NOM;basket;1228;461450
riconosce;1228;3,979445117;1044;VER;riconoscere;10336;272791
cantante;1227;3,979091601;730;NOM;cantante;1192;313858
eternità;1227;3,979091601;947;NOM;eternità;1227;125468
osi;1227;3,979091601;914;VER;osare;4523;323794
Peyton;0;3,979091601;175;NOM;<unknown>;4511888;19172
descrizione;1226;3,978737797;978;NOM;descrizione;1340;468486
averle;1226;3,978737797;1137;VER;avere;2620540;45185
russa;1226;3,978737797;739;ADJ;russo;3180;363718
muscoli;1225;3,978383705;942;NOM;muscolo;1737;218680
confessato;1225;3,978383705;842;VER;confessare;3846;146114
deboli;1225;3,978383705;1019;ADJ;debole;4475;140230
familiari;1224;3,978029323;1047;NOM;familiare;732;182076
urlando;1224;3,978029323;782;VER;urlare;6676;29362
osservazione;1224;3,978029323;1055;NOM;osservazione;1422;20148
campus;1223;3,977674652;597;NOM;campus;1223;431679
sviluppo;1223;3,977674652;907;NOM;sviluppo;1610;53353
spingi;1223;3,977674652;677;VER;spingere;9365;306391
Monsieur;0;3,977674652;316;NOM;<unknown>;4511888;476159
guardiamo;1222;3,977319691;1091;VER;guardare;111656;178988
vedendo;1221;3,97696444;1057;VER;vedere;328947;31586
ragaeei;0;3,976608898;266;NOM;<unknown>;4511888;482188
combinazione;1220;3,976608898;911;NOM;combinazione;1352;205804
muoia;1219;3,976253065;1025;VER;morire;96820;296388
impegni;1219;3,976253065;1046;NOM;impegno;3336;361186
luoghi;1218;3,97589694;961;NOM;luogo;9316;243996
arrivò;1218;3,97589694;915;VER;arrivare;85743;448761
essendo;1216;3,975183813;1082;VER;essere;3507888;55843
prometti;1216;3,975183813;1025;VER;promettere;19626;403868
stabilito;1216;3,975183813;1078;VER;stabilire;3621;154018
Anthony;0;3,974826809;366;NPR;Anthony;1215;305592
galleria;1214;3,974469512;667;NOM;galleria;1465;313879
cronaca;1214;3,974469512;1035;NOM;cronaca;1289;143453
principi;1213;3,974111921;905;NOM;principio;1130;461584
pianta;1213;3,974111921;759;NOM;pianta;1895;347380
italianshare;0;3,973754035;482;NOM;<unknown>;4511888;180960
Stargate;0;3,973395854;154;NPR;Stargate;4511888;282396
barista;1210;3,973037378;831;NOM;barista;1305;178763
tuta;1210;3,973037378;655;NOM;tuta;1571;192208
infine;1210;3,973037378;1028;ADV;infine;1210;291808
colonna;1209;3,972678605;710;NOM;colonna;1425;135317
strumenti;1209;3,972678605;885;NOM;strumento;2360;378840
scaricato;1209;3,972678605;987;VER;scaricare;5409;33004
sconvolto;1209;3,972678605;1022;ADJ;sconvolto;2955;469744
pagamento;1208;3,972319535;970;NOM;pagamento;1631;373795
accomodati;1208;3,972319535;1068;VER;accomodarsi;4169;168799
prenotato;1208;3,972319535;978;VER;prenotare;2315;194029
Sid;0;3,971960169;234;NPR;Sid;4511888;243030
giugno;1207;3,971960169;798;NOM;giugno;1207;377446
aspettava;1207;3,971960169;1068;VER;aspettare;116636;155868
dipendenti;1207;3,971960169;894;NOM;dipendente;1345;183276
mela;1206;3,971600504;828;NOM;mela;2360;485677
Lance;0;3,971600504;298;NOM;lancia;2064;103819
truffa;1205;3,971240542;689;NOM;truffa;1362;285057
bloccati;1205;3,971240542;952;VER;bloccare;9491;458116
Stone;0;3,971240542;302;NOM;<unknown>;4511888;348099
pervertito;1205;3,971240542;803;NOM;pervertito;1045;138462
Mick;0;3,970880281;248;NPR;Mick;4511888;352786
Brooklyn;0;3,970880281;600;NOM;<unknown>;4511888;188802
Finn;0;3,970880281;203;NOM;finn;1204;232678
gita;1203;3,970519721;788;NOM;gita;1222;201023
rimango;1203;3,970519721;1059;VER;rimanere;46342;138067
parecchi;1202;3,970158862;1084;PRO;parecchio;2405;234416
metteremo;1202;3,970158862;1089;VER;mettere;124577;154294
poichè;1201;3,969797702;840;CON;poiché;1201;207427
scordato;1201;3,969797702;991;VER;scordare;4986;427220
Garcia;0;3,969436242;281;NPR;Garcia;4511888;406312
cesso;1200;3,969436242;920;NOM;cesso;1397;109695
accadendo;1200;3,969436242;963;VER;accadere;15731;461454
sincera;1200;3,969436242;1027;ADJ;sincero;4261;219279
politici;1200;3,969436242;787;NOM;politico;762;288437
leggera;1199;3,96907448;1006;ADJ;leggero;5430;215639
Cesare;0;3,96907448;266;NPR;Cesare;1152;230516
soddisfatto;1198;3,968712417;1007;ADJ;soddisfatto;3267;235524
Hei;0;3,968712417;329;NOM;<unknown>;4511888;488330
seguimi;1198;3,968712417;1024;VER;seguire;25854;257932
copertina;1197;3,968350052;714;NOM;copertina;1323;288822
fagli;1197;3,968350052;1031;VER;fare;1151883;99424
zoo;1197;3,968350052;641;NOM;zoo;1197;388471
entusiasta;1197;3,968350052;1049;NOM;entusiasta;1523;334480
stufa;1196;3,967987385;950;ADJ;stufo;2370;390545
vedrete;1196;3,967987385;993;VER;vedere;328947;213221
indossi;1195;3,967624414;1045;VER;indossare;11771;274123
indagare;1195;3,967624414;994;VER;indagare;3492;66014
Carrie;0;3,96726114;257;NOM;<unknown>;4511888;289296
rissa;1194;3,96726114;785;NOM;rissa;1464;192042
sposarsi;1194;3,96726114;894;VER;sposarsi;27477;108415
Accademia;1194;3,96726114;697;NOM;accademia;1216;170132
Willie;0;3,96726114;258;NOM;<unknown>;4511888;55974
amiamo;1193;3,966897561;979;VER;amare;46084;458000
funzione;1193;3,966897561;970;NOM;funzione;3118;13128
bugiarda;1193;3,966897561;931;ADJ;bugiardo;2397;33407
Freddy;0;3,966897561;226;NPR;Freddy;1193;374919
popolazione;1193;3,966897561;862;NOM;popolazione;1279;342157
Vietnam;0;3,966897561;574;NPR;Vietnam;1193;9889
Movies;0;3,966897561;611;NOM;<unknown>;4511888;169386
Ìm;0;3,966897561;295;NOM;<unknown>;4511888;432106
86;0;3,966533678;1024;NUM;@card@;412838;47445
forme;1191;3,96616949;827;NOM;forma;8609;359966
chiuse;1190;3,965804996;1021;ADJ;chiuso;6283;226829
chirurgia;1190;3,965804996;679;NOM;chirurgia;1190;227105
Cassie;0;3,965804996;147;NOM;cassia;1196;73018
diede;1190;3,965804996;955;VER;dare;158901;144968
scaricare;1190;3,965804996;925;VER;scaricare;5409;370638
divertirsi;1190;3,965804996;1054;VER;divertirsi;16856;259830
sollievo;1189;3,965440196;1036;NOM;sollievo;1189;513619
portala;1189;3,965440196;1016;VER;portare;115105;251487
medio;1189;3,965440196;865;ADJ;medio;2874;215249
uscirà;1188;3,965075089;1055;VER;uscire;67981;215711
Cal;0;3,964709675;271;NOM;<unknown>;4511888;47400
valigetta;1187;3,964709675;522;NOM;valigetta;4511888;94761
statua;1187;3,964709675;644;NOM;statua;1503;272188
sega;1187;3,964709675;725;NOM;sega;1526;57227
spasso;1187;3,964709675;964;NOM;spasso;1219;261042
Claudia;0;3,964343953;189;NPR;Claudia;1186;420163
serial;1186;3,964343953;638;NOM;serial;1186;516720
custode;1186;3,964343953;743;NOM;custode;800;25721
canna;1186;3,964343953;834;NOM;canna;1526;396534
vacca;1185;3,963977923;808;NOM;vacca;1498;183701
spie;1184;3,963611585;660;NOM;spia;4342;387693
negozi;1184;3,963611585;967;NOM;negozio;9278;428398
grosse;1184;3,963611585;999;ADJ;grosso;16524;140164
cambiando;1183;3,963244937;1024;VER;cambiare;39212;25151
rapita;1183;3,963244937;704;VER;rapire;4649;143200
pero;1183;3,963244937;232;CON;però;1338;380027
videocamera;1183;3,963244937;659;NOM;videocamera;4511888;437717
sepolto;1182;3,962877979;892;ADJ;sepolto;1760;191262
guadagno;1182;3,962877979;1037;NOM;guadagno;1578;517534
astronave;1182;3,962877979;340;NOM;astronave;1355;129747
misterioso;1182;3,962877979;949;ADJ;misterioso;1979;453631
scienziati;1181;3,962510711;692;NOM;scienziato;2372;513028
Mario;0;3,962510711;248;NPR;Mario;1181;370788
sindrome;1181;3,962510711;752;NOM;sindrome;1189;357246
uscirne;1181;3,962510711;1026;VER;uscire;67981;493468
Harper;0;3,962510711;291;ABR;<unknown>;40791;155814
incidenti;1181;3,962510711;922;NOM;incidente;10862;21227
fermate;1181;3,962510711;905;VER;fermare;30904;63998
sposarti;1180;3,962143132;919;VER;sposare;27477;452443
isolamento;1179;3,961775242;680;NOM;isolamento;1181;352646
38;0;3,961775242;817;NUM;@card@;412838;365822
comunicazioni;1178;3,961407039;779;NOM;comunicazione;2716;246335
arriveremo;1178;3,961407039;1018;VER;arrivare;85743;498299
abbandonata;1177;3,961038525;991;VER;abbandonare;9248;28519
ebbe;1177;3,961038525;868;VER;avere;2620540;331255
mafia;1176;3,960669697;590;NOM;mafia;1183;382536
generoso;1176;3,960669697;1012;ADJ;generoso;1916;489072
divertitevi;1176;3,960669697;1024;VER;divertirsi;16856;344497
spingere;1176;3,960669697;940;VER;spingere;9365;429543
vari;1175;3,960300556;993;ADJ;vario;1154;486174
giuste;1175;3,960300556;1031;ADJ;giusto;69649;128881
Bruno;1175;3,960300556;280;NPR;Bruno;830;165117
umorismo;1173;3,959561331;958;NOM;umorismo;1175;227402
lealtà;1173;3,959561331;916;NOM;lealtà;1173;48722
time;0;3,959191246;638;VER;<unknown>;1069550;436768
Zack;0;3,959191246;174;NOM;<unknown>;4511888;404855
lesbica;1172;3,959191246;594;NOM;lesbica;1690;137432
Sandy;0;3,958820846;248;NOM;<unknown>;4511888;48180
avuta;1171;3,958820846;1053;VER;avere;2620540;31654
Day;0;3,958820846;566;NOM;day;1183;190126
alcool;0;3,958820846;860;NOM;alcool;1171;164022
prenderli;1170;3,958450129;1035;VER;prendere;214434;119056
preda;1170;3,958450129;961;NOM;preda;1367;262494
prendetelo;1170;3,958450129;840;VER;prendere;214434;322915
sorellina;1170;3,958450129;847;NOM;sorella;4511888;51866
vedeva;1170;3,958450129;970;VER;vedere;328947;367527
fotografie;1170;3,958450129;818;NOM;fotografia;2911;299212
giuramento;1170;3,958450129;784;NOM;giuramento;1231;37103
impulso;1169;3,958079096;716;NOM;impulso;1764;296709
Turner;0;3,958079096;365;NOM;<unknown>;4511888;402011
mancava;1169;3,958079096;1034;VER;mancare;21146;405867
Ruth;0;3,958079096;310;NOM;<unknown>;4511888;39021
divisa;1169;3,958079096;916;NOM;divisa;1101;400529
permetti;1169;3,958079096;1010;VER;permettere;24109;56015
Stefan;0;3,957707746;117;NOM;<unknown>;4511888;46378
mandati;1168;3,957707746;953;NOM;mandato;36513;350007
leva;1168;3,957707746;898;NOM;leva;952;514710
scontro;1168;3,957707746;911;NOM;scontro;1398;130750
sorridi;1168;3,957707746;929;VER;sorridere;5319;59590
associazione;1168;3,957707746;845;NOM;associazione;1308;152301
soldo;1167;3,957336077;987;NOM;soldo;53768;324897
ottobre;1167;3,957336077;722;NOM;ottobre;1167;96422
risparmiare;1166;3,95696409;1010;VER;risparmiare;4979;207407
chiude;1166;3,95696409;993;VER;chiudere;30264;21326
sembrerà;1166;3,95696409;1062;VER;sembrare;108715;13963
autorizzato;1166;3,95696409;923;ADJ;autorizzato;2564;181667
vederli;1166;3,95696409;1025;VER;vedere;328947;244904
piante;1166;3,95696409;746;NOM;pianta;1895;347383
Yang;0;3,956591785;259;NPR;Yang;4511888;477008
ruote;1165;3,956591785;814;NOM;ruota;2605;59490
sorprendente;1164;3,95621916;961;ADJ;sorprendente;1284;89127
avervi;1164;3,95621916;1025;VER;avere;2620540;54976
interrotto;1163;3,955846215;1045;VER;interrompere;5277;30023
Bonnie;0;3,955846215;300;NOM;<unknown>;4511888;256434
chiamati;1162;3,955472949;1020;VER;chiamare;133592;288013
abbassare;1162;3,955472949;1015;VER;abbassare;5787;448080
Christopher;0;3,955472949;311;NPR;Christopher;4511888;139406
doloroso;1162;3,955472949;993;ADJ;doloroso;1806;103829
Reed;0;3,955472949;273;NOM;<unknown>;4511888;229025
bravissimo;1162;3,955472949;975;ADJ;bravo;4511888;209087
Judy;0;3,955472949;294;NOM;<unknown>;4511888;348109
perimetro;1161;3,955099362;790;NOM;perimetro;1169;454681
chiacchierata;1161;3,955099362;1016;NOM;chiacchierata;1075;468524
copie;1160;3,954725454;886;NOM;copia;4151;475163
colpisce;1160;3,954725454;958;VER;colpire;19652;346925
scontato;1160;3,954725454;1019;ADJ;scontato;1425;156500
Beach;0;3,954725454;699;NOM;<unknown>;4511888;398715
75;0;3,954725454;867;NUM;@card@;412838;110993
strumento;1160;3,954725454;902;NOM;strumento;2360;378835
spendere;1159;3,954351224;981;VER;spendere;4645;175342
babysitter;1158;3,95397667;737;NOM;babysitter;1158;199183
segua;1158;3,95397667;1013;VER;seguire;25854;240670
avviso;1158;3,95397667;989;NOM;avviso;1309;457793
concetto;1158;3,95397667;961;NOM;concetto;1308;497080
civiltà;1156;3,953226593;763;NOM;civiltà;1156;496960
decide;1156;3,953226593;1038;VER;decidere;25516;393035
leggero;1156;3,953226593;976;ADJ;leggero;5430;215632
sere;1156;3,953226593;954;NOM;sera;30748;368210
ripresa;1156;3,953226593;739;NOM;ripresa;2023;55677
tipa;1156;3,953226593;931;NOM;tipa;51905;509323
acido;1155;3,952851068;740;ADJ;acido;833;308747
scudo;1155;3,952851068;522;NOM;scudo;2268;34111
mucca;1155;3,952851068;603;NOM;mucca;1769;91238
zone;1154;3,952475219;853;NOM;zona;9403;408104
mele;1154;3,952475219;672;NOM;mela;2360;485679
innamorati;1154;3,952475219;912;VER;innamorare;8833;117808
logica;1154;3,952475219;874;NOM;logica;752;344672
coppie;1154;3,952475219;846;NOM;coppia;6159;270006
parlerà;1154;3,952475219;981;VER;parlare;204981;490431
lunghe;1154;3,952475219;1001;ADJ;lungo;20172;218865
estero;1153;3,952099043;876;ADJ;estero;1023;494136
Murphy;0;3,952099043;305;NPR;Murphy;1153;202933
andai;1153;3,952099043;809;VER;andare;641883;511973
venissi;1152;3,951722542;1052;VER;venire;229884;243202
compassione;1152;3,951722542;917;NOM;compassione;1152;385601
madri;1152;3,951722542;902;NOM;madre;55749;492098
provarlo;1152;3,951722542;1020;VER;provare;60980;477430
nascosti;1151;3,951345713;990;VER;nascondere;21950;491963
garantisco;1151;3,951345713;1039;VER;garantire;3902;259539
soffre;1151;3,951345713;1014;VER;soffrire;8182;214509
lavare;1150;3,950968558;956;VER;lavare;5927;489088
biancheria;1150;3,950968558;887;NOM;biancheria;1150;121988
maggio;1150;3,950968558;739;NOM;maggio;1150;34183
pozzo;1150;3,950968558;567;NOM;pozzo;1379;412815
mura;1150;3,950968558;702;VER;murare;1142;278221
ricevuta;1150;3,950968558;863;NOM;ricevuta;1409;444392
spostato;1150;3,950968558;950;VER;spostare;8734;277485
sequenza;1150;3,950968558;554;NOM;sequenza;1278;430072
magica;1149;3,950591075;858;ADJ;magico;3290;367116
Seattle;0;3,950591075;551;NPR;Seattle;1149;147798
riservato;1148;3,950213263;986;VER;riservare;2081;412160
terrore;1148;3,950213263;878;NOM;terrore;1179;419891
realizzato;1147;3,949835122;991;VER;realizzare;3609;211464
sede;1147;3,949835122;895;NOM;sede;1214;128798
eterno;1147;3,949835122;888;ADJ;eterno;2266;248412
iniziata;1147;3,949835122;1002;VER;iniziare;33775;457353
tieniti;1147;3,949835122;949;VER;tenersi;79315;276129
spacciatore;1147;3,949835122;687;NOM;spacciatore;1894;344010
giornalisti;1146;3,949456652;767;NOM;giornalista;3411;73280
servirebbe;1146;3,949456652;1057;VER;servire;63151;286099
Mel;0;3,949077852;259;NPR;Mel;4511888;332582
atti;1145;3,949077852;882;NOM;atto;4032;399942
effettivamente;1145;3,949077852;969;ADV;effettivamente;1145;304772
stellare;1145;3,949077852;339;ADJ;stellare;1396;460217
Monica;0;3,948698721;374;NPR;Monica;1144;507141
cheerleader;1144;3,948698721;480;NOM;cheerleader;4511888;220428
legali;1144;3,948698721;919;ADJ;legale;5509;308296
guardiano;1144;3,948698721;539;NOM;guardiano;1662;203101
quartier;0;3,948698721;684;NOM;<unknown>;4511888;481899
preghiere;1144;3,948698721;838;NOM;preghiera;2471;500422
frequenza;1143;3,948319259;773;NOM;frequenza;1585;502832
Duca;1143;3,948319259;264;NOM;duca;1154;253816
dignità;1143;3,948319259;880;NOM;dignità;1143;493709
puntata;1143;3,948319259;859;NOM;puntata;2252;253856
Diane;0;3,948319259;330;NPR;diane;2557;488636
martello;1141;3,947559338;679;NOM;martello;1137;408789
barone;1140;3,947178879;186;NOM;barone;1226;272473
grata;1140;3,947178879;936;ADJ;grato;3350;374734
informatore;1140;3,947178879;569;NOM;informatore;681;235744
verme;1140;3,947178879;766;NOM;verme;1998;453116
sorridere;1139;3,946798086;934;VER;sorridere;5319;467207
Cody;0;3,946798086;160;NPR;Cody;4511888;48573
parete;1138;3,946416958;834;NOM;parete;2105;3337
dieta;1138;3,946416958;799;NOM;dieta;1199;11736
cieca;1137;3,946035496;828;ADJ;cieco;3548;446723
pulizie;1137;3,946035496;794;NOM;pulizia;1844;44204
partiti;1137;3,946035496;928;VER;partire;15356;304839
disegni;1136;3,945653699;730;NOM;disegno;2715;12807
varie;1136;3,945653699;968;ADJ;vario;1258;330267
detesto;1136;3,945653699;964;VER;detestare;1940;273713
scotch;0;3,945653699;778;NOM;scotch;1136;8549
salvarti;1136;3,945653699;990;VER;salvare;26667;314513
coro;1135;3,945271566;593;NOM;coro;1135;93225
he;0;3,945271566;307;VER;<unknown>;1069550;88399
sentenza;1135;3,945271566;729;NOM;sentenza;1253;229268
soggiorno;1135;3,945271566;936;NOM;soggiorno;1146;54212
umane;1135;3,945271566;882;ADJ;umano;14447;97272
assassinio;1134;3,944889096;795;NOM;assassinio;1186;485355
terre;1133;3,944506289;636;NOM;terra;27437;227854
scopato;1133;3,944506289;752;VER;scopare;7487;152361
project;0;3,944506289;199;NOM;<unknown>;4511888;161324
diverte;1133;3,944506289;835;VER;divertire;16856;172352
Klaus;0;3,944506289;161;NPR;Klaus;1133;323944
Morris;0;3,944506289;325;NPR;Morris;1133;251016
atterraggio;1133;3,944506289;674;NOM;atterraggio;1188;3277
sentirà;1133;3,944506289;1017;VER;sentire;192280;340429
scopata;1132;3,944123144;838;NOM;scopata;904;152355
saprò;1132;3,944123144;1028;VER;sapere;499632;396615
intelligenti;1132;3,944123144;918;ADJ;intelligente;8024;416331
link;1132;3,944123144;534;NOM;link;4511888;83408
cioccolata;1132;3,944123144;744;NOM;cioccolato;3497;5607
incluso;1131;3,943739661;1027;ADJ;incluso;2908;436291
sopravvissuti;1130;3,943355839;806;NOM;sopravvissuto;6855;183578
tasche;0;3,943355839;905;NOM;tasca;3921;171946
Rosie;0;3,943355839;203;NPR;Rosie;4511888;261627
dentista;1130;3,943355839;614;NOM;dentista;1227;508413
salvataggio;1129;3,942971678;733;NOM;salvataggio;1166;408078
situazioni;1129;3,942971678;1004;NOM;situazione;14848;32621
finite;1129;3,942971678;1029;VER;finire;80815;188867
costretta;1129;3,942971678;1012;VER;costringere;7573;295131
camere;1129;3,942971678;898;NOM;camera;12815;42998
Young;0;3,942587176;345;NOM;<unknown>;4511888;18964
nascere;1128;3,942587176;854;VER;nascere;10737;124650
occuparsi;1128;3,942587176;1038;VER;occuparsi;25028;456689
apparire;1127;3,942202334;985;VER;apparire;4192;390472
rinunciato;1126;3,94181715;978;VER;rinunciare;4760;81171
fuggito;1126;3,94181715;887;VER;fuggire;6713;68921
Gray;0;3,94181715;222;NOM;<unknown>;4511888;416335
Bo;0;3,941431625;187;NOM;<unknown>;4511888;79107
Benjamin;0;3,941431625;376;NPR;Benjamin;4511888;82798
riceve;1125;3,941431625;951;VER;ricevere;25783;497779
sprecare;1125;3,941431625;1035;VER;sprecare;4029;315253
Carlo;0;3,941431625;300;NPR;Carlo;1125;336828
32;0;3,941431625;866;NUM;@card@;412838;131279
Tess;0;3,941045757;192;NPR;Tess;4511888;477444
arrivate;1124;3,941045757;1006;VER;arrivare;85743;29233
riflettere;1124;3,941045757;991;VER;riflettere;3349;244554
Nicole;0;3,941045757;259;NPR;Nicole;1124;91583
coinvolgere;1124;3,941045757;1015;VER;coinvolgere;8488;322539
Lenny;0;3,940659546;249;NOM;<unknown>;4511888;243054
evidentemente;1123;3,940659546;1005;ADV;evidentemente;1123;213917
centesimo;1122;3,940272991;917;NOM;centesimo;2572;340511
contattato;1122;3,940272991;966;VER;contattare;5521;128207
trono;1122;3,940272991;536;NOM;trono;1140;501719
sfigato;1122;3,940272991;805;NOM;sfigato;1069550;435429
Cam;0;3,939886091;260;NOM;<unknown>;4511888;47399
anelli;1121;3,939886091;679;NOM;anello;6636;363577
molla;1121;3,939886091;890;NOM;molla;530;225175
Road;0;3,939498847;719;NOM;<unknown>;4511888;499343
crichton;0;3,939498847;86;NOM;<unknown>;4511888;21942
facoltà;1120;3,939498847;806;NOM;facoltà;1120;240835
assegnato;1119;3,939111257;958;VER;assegnare;2341;487488
scopriremo;1119;3,939111257;1015;VER;scoprire;35725;2886
cuscino;1119;3,939111257;853;NOM;cuscino;1649;36935
assassinato;1118;3,938723321;837;VER;assassinare;2164;464459
sciocca;1118;3,938723321;903;ADJ;sciocco;2343;2174
personaggi;1118;3,938723321;721;NOM;personaggio;3402;121834
chef;1117;3,938335038;490;NOM;chef;1117;488791
interessanti;1117;3,938335038;985;ADJ;interessante;10007;80264
gravidanza;1117;3,938335038;745;NOM;gravidanza;1192;9360
Nadia;0;3,938335038;154;NPR;Nadia;4511888;440761
missili;1117;3,938335038;418;NOM;missile;1374;281532
cenare;1117;3,938335038;951;VER;cenare;2835;191188
incontrarci;1116;3,937946407;988;VER;incontrare;27005;351273
mettetevi;1116;3,937946407;949;VER;mettersi;124577;100480
copione;1116;3,937946407;502;NOM;copione;1224;392072
potenti;1116;3,937946407;925;ADJ;potente;3970;110487
vivente;1116;3,937946407;870;ADJ;vivente;1444;130758
guardarti;1116;3,937946407;1000;VER;guardare;111656;349130
vitale;1115;3,937557429;804;ADJ;vitale;1976;277264
rosse;1115;3,937557429;761;ADJ;rosso;9765;1880
sconvolta;1115;3,937557429;946;ADJ;sconvolto;2955;194721
tortura;1115;3,937557429;840;NOM;tortura;1311;51199
lasciarci;1114;3,937168102;1007;VER;lasciare;153939;281093
liquido;1114;3,937168102;794;NOM;liquido;834;208144
attrezzatura;1114;3,937168102;844;NOM;attrezzatura;1577;376641
concluso;1114;3,937168102;973;VER;concludere;3466;191917
fidanzamento;1114;3,937168102;682;NOM;fidanzamento;1126;402110
scudi;1113;3,936778425;341;NOM;scudo;2268;34109
necessità;1113;3,936778425;916;NOM;necessità;1113;338754
River;0;3,936778425;602;NOM;<unknown>;4511888;19626
Cameron;0;3,936778425;352;NPR;Cameron;4511888;315576
ago;1113;3,936778425;813;NOM;ago;1593;51141
guidi;1113;3,936778425;928;VER;guidare;14289;167622
tregua;1113;3,936778425;845;NOM;tregua;1122;167401
Dana;0;3,936388399;224;NPR;Dana;4511888;430305
Rodney;0;3,935998022;204;NPR;Rodney;4511888;380138
finiscono;1110;3,935607293;999;VER;finire;80815;363793
aumentare;1110;3,935607293;957;VER;aumentare;3829;14971
post;0;3,935607293;739;PRE;post;1110;489621
psichiatra;1110;3,935607293;665;NOM;psichiatra;1282;7844
orribili;1109;3,935216213;971;ADJ;orribile;6279;337945
codici;1109;3,935216213;625;NOM;codice;8062;101200
Angel;0;3,935216213;273;NOM;<unknown>;4511888;396625
tristezza;1109;3,935216213;916;NOM;tristezza;1125;300209
opzioni;1108;3,934824781;918;NOM;opzione;2180;164398
ambasciata;1108;3,934824781;466;NOM;ambasciata;1172;176738
rotelle;1108;3,934824781;720;NOM;rotella;1268;493508
Daisy;0;3,934824781;221;NOM;<unknown>;4511888;360931
chiusura;1108;3,934824781;865;NOM;chiusura;1144;40164
cominciando;1107;3,934432995;986;VER;cominciare;29999;192272
venivano;1107;3,934432995;884;VER;venire;229884;124749
terrorista;1107;3,934432995;575;ADJ;terrorista;975;261314
viola;1107;3,934432995;693;ADJ;viola;653;175853
prega;1107;3,934432995;752;VER;pregare;40025;238318
Merlino;1106;3,934040855;102;NOM;merlino;4511888;352256
franca;1106;3,934040855;884;ADJ;franco;1305;475187
volume;1106;3,934040855;888;NOM;volume;1238;144567
Gwen;0;3,934040855;183;NPR;Gwen;4511888;312771
Artie;0;3,933648361;139;NOM;<unknown>;4511888;412941
sostanza;1105;3,933648361;856;NOM;sostanza;1796;123482
dimostra;1105;3,933648361;968;VER;dimostrare;9466;457608
Kennedy;0;3,933648361;437;NPR;Kennedy;1105;351636
continuazione;1105;3,933648361;948;NOM;continuazione;1105;433352
solare;1104;3,933255512;641;ADJ;solare;1387;450071
guardava;1104;3,933255512;934;VER;guardare;111656;445256
verdi;1104;3,933255512;809;ADJ;verde;5416;243793
amanti;1104;3,933255512;860;NOM;amante;3054;42093
fortunatamente;1104;3,933255512;991;ADV;fortunatamente;1104;52356
giunta;1104;3,933255512;919;VER;giungere;3696;48302
scimmie;1104;3,933255512;556;NOM;scimmia;3065;282328
eccezione;1103;3,932862308;984;NOM;eccezione;1350;339471
sperando;1103;3,932862308;1028;VER;sperare;36576;398900
Fiona;0;3,932862308;219;NPR;Fiona;4511888;167020
76;0;3,932862308;364;NUM;@card@;412838;110992
depressione;1102;3,932468747;768;NOM;depressione;1130;253188
trasferita;1102;3,932468747;933;VER;trasferire;9613;287064
addormentato;1102;3,932468747;937;VER;addormentare;3670;459410
bada;1101;3,932074829;947;VER;badare;732;82028
fantastici;1101;3,932074829;952;ADJ;fantastico;28024;414651
mí;0;3,932074829;201;NOM;<unknown>;4511888;286683
conflitto;1100;3,931680553;824;NOM;conflitto;1416;33851
Andrea;0;3,931680553;263;NPR;Andrea;1100;428614
seri;1100;3,931680553;977;ADJ;serio;13294;368215
credevi;1100;3,931680553;996;VER;credere;185652;481670
adatta;1100;3,931680553;973;VER;adattare;3434;122540
beviamo;1100;3,931680553;897;VER;bere;31940;319925
jeans;1099;3,93128592;712;NOM;jeans;1099;328308
bimba;1099;3,93128592;770;NOM;bimbo;3526;295036
quota;1099;3,93128592;730;NOM;quota;1378;474793
proibito;1098;3,930890927;845;ADJ;proibito;1763;97289
scuso;1098;3,930890927;988;VER;scusare;63193;350314
Stuart;0;3,930890927;229;NPR;Stuart;4511888;395753
risate;1097;3,930495574;772;NOM;risata;1874;15660
lascerai;1097;3,930495574;978;VER;lasciare;153939;421479
insegnanti;1097;3,930495574;788;NOM;insegnante;3734;115063
cazzata;1097;3,930495574;842;NOM;cazzata;1069550;320949
cocktail;1097;3,930495574;860;NOM;cocktail;1097;370113
scopa;1097;3,930495574;799;NOM;scopa;772;227013
psicopatico;1097;3,930495574;813;ADJ;psicopatico;1028;251358
World;0;3,930099862;541;NPR;World;1096;170358
Nelson;0;3,930099862;332;NPR;Nelson;1096;201190
Vic;0;3,930099862;185;NOM;<unknown>;4511888;513772
Bishop;0;3,929703789;211;NOM;<unknown>;4511888;318256
Ì;0;3,929703789;199;NOM;<unknown>;4511888;215891
26;0;3,929703789;813;NUM;@card@;412838;429930
800;0;3,929703789;783;NUM;@card@;412838;202173
assegni;1094;3,929307354;744;NOM;assegno;3731;218405
candidato;1094;3,929307354;693;NOM;candidato;1778;185919
serviranno;1094;3,929307354;1015;VER;servire;63151;292716
nes;0;3,929307354;933;NOM;<unknown>;4511888;346877
giocattoli;1093;3,928910556;761;NOM;giocattolo;2102;238901
beni;1093;3,928910556;766;NOM;bene;32790;471466
Ìha;0;3,928910556;335;NOM;<unknown>;4511888;452542
Times;0;3,928910556;667;NPR;Times;1093;369610
birre;1092;3,928513396;852;NOM;birra;8877;260883
apparentemente;1092;3,928513396;938;ADV;apparentemente;1092;153966
lasceremo;1092;3,928513396;1000;VER;lasciare;153939;318154
Silver;0;3,928115873;269;NOM;<unknown>;4511888;29798
grassa;1091;3,928115873;745;ADJ;grasso;3198;506344
Brennan;0;3,928115873;159;NPR;Brennan;4511888;470523
lavoravo;1090;3,927717985;984;VER;lavorare;53195;364587
laurea;1090;3,927717985;847;NOM;laurea;1136;55877
provate;1090;3,927717985;956;VER;provare;60980;108380
Phoenix;0;3,927717985;396;NOM;<unknown>;4511888;150894
condotta;1090;3,927717985;858;NOM;condotta;727;180675
Tokyo;0;3,927717985;422;NPR;Tokyo;1090;326644
rene;1090;3,927717985;348;NOM;rene;1090;304123
andavano;1089;3,927319732;954;VER;andare;641883;230172
microfono;1089;3,927319732;719;NOM;microfono;1358;68195
affinchè;1089;3,927319732;896;CON;affinché;1089;201585
Robbie;0;3,927319732;407;NOM;robbia;1095;391822
esaminare;1089;3,927319732;930;VER;esaminare;3409;376722
andassi;1089;3,927319732;1008;VER;andare;641883;124057
bevendo;1089;3,927319732;956;VER;bere;31940;436456
Rex;0;3,927319732;211;NOM;<unknown>;4511888;351728
preoccuparmi;1088;3,926921114;1007;VER;preoccuparsi;43338;203798
rispondete;1088;3,926921114;695;VER;rispondere;27544;21106
riconosci;1088;3,926921114;926;VER;riconoscere;10336;272786
sopravvivenza;1088;3,926921114;840;NOM;sopravvivenza;1090;34474
ira;1088;3,926921114;576;NOM;ira;1151;259028
confessare;1088;3,926921114;864;VER;confessare;3846;290275
irlandese;1087;3,92652213;619;ADJ;irlandese;1201;203443
Canada;0;3,92652213;603;NPR;Canada;1087;276472
sottofondo;1086;3,926122778;305;NOM;sottofondo;1090;45288
impiegati;1085;3,92572306;835;NOM;impiegato;1638;330357
infermeria;1085;3,92572306;591;NOM;infermeria;1089;477096
recentemente;1085;3,92572306;976;ADV;recentemente;1085;344249
minacce;1084;3,925322973;826;NOM;minaccia;4147;406326
rischioso;1084;3,925322973;925;ADJ;rischioso;1410;102384
interna;1083;3,924922517;872;ADJ;interno;6883;116676
andrei;1082;3,924521691;863;VER;andare;641883;207116
darei;1082;3,924521691;977;VER;dare;158901;191877
portafogli;1082;3,924521691;752;NOM;portafoglio;2595;61837
dimenticavo;1082;3,924521691;977;VER;dimenticare;28054;229609
peli;1081;3,924120495;790;NOM;pelo;2483;236806
offrirti;1081;3,924120495;980;VER;offrire;16263;61065
presentazione;1081;3,924120495;753;NOM;presentazione;1344;277181
Repubblica;1081;3,924120495;497;NOM;repubblica;1096;69852
permettermi;1080;3,923718928;997;VER;permettersi;24109;470056
compro;1080;3,923718928;893;VER;comprare;26675;301959
preoccupatevi;1080;3,923718928;949;VER;preoccuparsi;43338;40353
mostrarti;1080;3,923718928;983;VER;mostrare;18023;332732
rifiuta;1079;3,92331699;957;VER;rifiutare;7055;477697
cassetto;1079;3,92331699;862;NOM;cassetto;1298;325285
versi;1079;3,92331699;681;NOM;verso;1108;457933
sana;1078;3,922914679;927;ADJ;sano;3109;2072
gravità;1078;3,922914679;704;NOM;gravità;1078;221044
muri;1078;3,922914679;858;NOM;muro;6461;278215
tribù;1077;3,922511995;515;NOM;tribù;1077;78421
Iui;0;3,922511995;148;NOM;<unknown>;4511888;148830
campionato;1077;3,922511995;597;NOM;campionato;1208;304085
Franklin;0;3,922108938;426;NPR;Franklin;4511888;401943
sostenere;1076;3,922108938;915;VER;sostenere;4823;160038
trascorso;1076;3,922108938;923;ADJ;trascorso;2213;267837
mensa;1076;3,922108938;777;NOM;mensa;1099;1858
padrona;1076;3,922108938;656;NOM;padrone;5576;171139
tennis;1076;3,922108938;628;NOM;tennis;1076;395982
vaso;1076;3,922108938;714;NOM;vaso;1486;104418
raggi;1075;3,921705506;769;NOM;raggio;3489;453007
Long;0;3,921705506;524;NOM;<unknown>;4511888;317841
elementare;1075;3,921705506;840;ADJ;elementare;1342;180125
ritirare;1075;3,921705506;917;VER;ritirare;5907;222158
diventerai;1075;3,921705506;948;VER;diventare;46915;436689
regolare;1075;3,921705506;906;ADJ;regolare;1066;503507
uccidono;1075;3,921705506;901;VER;uccidere;89873;324067
squalo;1074;3,921301699;409;NOM;squalo;1657;414321
supermercato;1074;3,921301699;769;NOM;supermercato;1188;149155
attacca;1074;3,921301699;876;VER;attaccare;10651;467396
importava;1074;3,921301699;904;VER;importare;27313;422625
routine;1074;3,921301699;837;NOM;routine;1074;124135
guarire;1073;3,920897516;856;VER;guarire;4168;21854
Jedi;0;3,920897516;177;NPR;Jedi;4511888;272000
esprimere;1073;3,920897516;921;VER;esprimere;3487;143233
bucato;1073;3,920897516;824;NOM;bucato;853;374246
2003;0;3,920897516;794;NUM;@card@;412838;188154
opzione;1072;3,920492956;858;NOM;opzione;2180;164394
ginocchia;1072;3,920492956;894;NOM;ginocchio;3806;121686
crederai;1072;3,920492956;972;VER;credere;185652;510813
trasformare;1072;3,920492956;965;VER;trasformare;7282;62140
occorre;1072;3,920492956;815;VER;occorrere;1510;401614
Andre;0;3,92008802;194;NOM;<unknown>;4511888;108570
deliziosa;1071;3,92008802;921;ADJ;delizioso;3528;328990
bagagliaio;1071;3,92008802;670;NOM;bagagliaio;4511888;471670
obiettivi;1071;3,92008802;766;NOM;obiettivo;5136;136594
esima;1071;3,92008802;627;ADJ;esimo;1927;324002
autore;1071;3,92008802;727;NOM;autore;1603;220144
pagata;1070;3,919682705;912;VER;pagare;31598;458839
complicata;1070;3,919682705;925;VER;complicare;4276;192440
benedizione;1070;3,919682705;784;NOM;benedizione;1152;435402
sordo;1069;3,919277012;759;ADJ;sordo;1239;351744
Afghanistan;0;3,919277012;466;NPR;Afghanistan;1069;342336
tacchino;1069;3,919277012;563;NOM;tacchino;1186;402787
bicchieri;1069;3,919277012;864;NOM;bicchiere;4957;481935
sfuggire;1069;3,919277012;974;VER;sfuggire;3906;167058
riempire;1069;3,919277012;966;VER;riempire;4936;272548
Christian;0;3,919277012;237;NPR;Christian;1069;479142
portarci;1069;3,919277012;978;VER;portare;115105;209881
sforzi;1068;3,91887094;934;NOM;sforzo;2447;150285
malvagio;1068;3,91887094;790;ADJ;malvagio;1762;104721
assenza;1068;3,91887094;896;NOM;assenza;1138;21795
monaco;1067;3,918464487;429;NOM;monaco;1418;149395
Alexander;0;3,918464487;276;NPR;Alexander;1067;48538
Anderson;0;3,918464487;393;NPR;Anderson;4511888;259003
prenderai;1067;3,918464487;970;VER;prendere;214434;122050
Sasha;0;3,918464487;182;NPR;Sasha;4511888;369387
Adrian;0;3,918464487;171;NOM;<unknown>;4511888;184055
impazzita;1066;3,918057654;896;ADJ;impazzito;8060;155164
mandate;1066;3,918057654;926;VER;mandare;36513;350004
divertito;1066;3,918057654;941;VER;divertire;16856;482358
Alpha;0;3,918057654;300;NOM;<unknown>;4511888;106855
pulsante;1066;3,918057654;730;NOM;pulsante;979;59257
fissato;1066;3,918057654;963;VER;fissare;5169;486278
finirai;1066;3,918057654;947;VER;finire;80815;414396
chiudete;1066;3,918057654;850;VER;chiudere;30264;412663
valga;1065;3,917650439;971;VER;valere;13943;264982
azzardo;1065;3,917650439;704;NOM;azzardo;1045;51749
facci;1065;3,917650439;899;VER;fare;1151883;465457
ritorni;1065;3,917650439;928;NOM;ritorno;6520;105094
adolescente;1065;3,917650439;872;NOM;adolescente;1186;86669
Nicky;0;3,917650439;215;NPR;Nicky;4511888;200606
vadano;1065;3,917650439;974;VER;andare;641883;155594
Drew;0;3,917242842;250;NOM;<unknown>;4511888;215852
ciascuno;1064;3,917242842;895;PRO;ciascuno;1064;290154
we;0;3,917242842;362;NOM;<unknown>;4511888;165519
dicci;1064;3,917242842;901;VER;dire;636417;514742
ciclo;1064;3,917242842;774;NOM;ciclo;1343;430811
scout;1063;3,916834862;651;NOM;scout;728;415494
debolezza;1063;3,916834862;853;NOM;debolezza;1336;203015
metodi;1063;3,916834862;843;NOM;metodo;2564;159263
conoscevi;1063;3,916834862;902;VER;conoscere;92248;66218
riga;1063;3,916834862;779;NOM;riga;1750;31425
raro;1063;3,916834862;920;ADJ;raro;2460;402916
cambiate;1063;3,916834862;952;VER;cambiare;39212;504817
modella;1062;3,916426499;570;NOM;modella;1470;244527
apro;1062;3,916426499;925;VER;aprire;33790;371277
indosso;1062;3,916426499;938;VER;indossare;11771;274120
cin;0;3,916426499;360;NOM;<unknown>;4511888;228838
fermarsi;1061;3,916017751;937;VER;fermarsi;30904;417820
appoggio;1061;3,916017751;851;NOM;appoggio;1090;478835
scandalo;1061;3,916017751;774;NOM;scandalo;1248;114392
coperte;1060;3,915608618;848;NOM;coperta;1861;443199
quadri;1060;3,915608618;641;NOM;quadro;2819;170671
Donald;0;3,915608618;348;NPR;Donald;1060;230869
iniezione;1059;3,9151991;677;NOM;iniezione;1417;317981
orbita;1059;3,9151991;490;NOM;orbita;1143;207707
Raymond;0;3,9151991;288;NPR;Raymond;1059;106600
misure;1059;3,9151991;885;NOM;misura;2446;106352
riparo;1059;3,9151991;792;NOM;riparo;1071;506551
accetti;1058;3,914789194;951;VER;accettare;2935;217928
up;0;3,914789194;461;NOM;<unknown>;4511888;211030
mandando;1057;3,914378902;961;VER;mandare;36513;368414
aspettavi;1057;3,914378902;967;VER;aspettare;116636;284242
comanda;1057;3,914378902;892;VER;comandare;2703;26466
ingegnere;1057;3,914378902;600;NOM;ingegnere;1411;163492
Liam;0;3,914378902;200;NPR;Liam;1057;199647
uccida;1056;3,913968222;898;VER;uccidere;89873;242959
rivelato;1056;3,913968222;948;VER;rivelare;4521;153130
accesa;1056;3,913968222;880;VER;accendere;7168;75482
portò;1055;3,913557153;832;VER;portare;115105;122919
Lawrence;0;3,913557153;340;NPR;Lawrence;1055;88365
noia;1055;3,913557153;904;NOM;noia;1188;35708
proviene;1055;3,913557153;903;VER;provenire;4051;479395
costumi;1055;3,913557153;725;NOM;costume;3402;200620
Debbie;0;3,913557153;259;NOM;<unknown>;4511888;347328
perse;1055;3,913557153;885;VER;perdere;68537;34243
aprile;1055;3,913557153;741;NOM;aprile;1053;504548
baffi;1054;3,913145694;712;NOM;baffo;1157;292433
sentiti;1054;3,913145694;958;VER;sentirsi;192280;484461
professionisti;1054;3,913145694;857;NOM;professionista;3300;107670
maestra;1054;3,913145694;589;NOM;maestro;5079;363971
corsi;1053;3,912733845;793;NOM;corso;7792;58132
daitarn;0;3,912733845;285;NOM;<unknown>;4511888;322672
programmato;1053;3,912733845;901;VER;programmare;1937;56950
fagioli;1053;3,912733845;548;NOM;fagiolo;1166;354244
Artù;0;3,912733845;112;NPR;Artù;4511888;322026
massaggio;1052;3,912321606;695;NOM;massaggio;1431;373557
cellulari;1052;3,912321606;810;ADJ;cellulare;8126;515212
prestato;1051;3,911908974;932;VER;prestare;4345;417823
mediche;1051;3,911908974;835;ADJ;medico;5128;19519
clan;1051;3,911908974;319;NOM;clan;1051;146505
formazione;1051;3,911908974;690;NOM;formazione;1132;414846
scopi;1051;3,911908974;845;NOM;scopo;5385;329640
aperte;1051;3,911908974;895;ADJ;aperto;33790;149703
valori;1050;3,91149595;770;NOM;valore;5422;59171
lettura;1050;3,91149595;835;NOM;lettura;1422;27770
rivolta;1050;3,91149595;783;NOM;rivolta;806;158598
sporchi;1049;3,911082533;911;ADJ;sporco;4659;274434
piene;1049;3,911082533;938;ADJ;pieno;17461;369202
selvaggio;1049;3,911082533;761;ADJ;selvaggio;1947;419170
festival;1049;3,911082533;495;NOM;festival;1049;455414
accedere;1048;3,910668723;836;VER;accedere;1495;257026
bellissimi;1048;3,910668723;934;ADJ;bellissimo;206355;308784
provaci;1048;3,910668723;908;VER;provare;60980;106112
preoccupo;1048;3,910668723;933;VER;preoccupare;43338;94600
radar;1047;3,910254517;575;NOM;radar;699;300800
favoloso;1047;3,910254517;850;ADJ;favoloso;1953;185946
dividere;1047;3,910254517;904;VER;dividere;5373;266619
cacciare;1047;3,910254517;826;VER;cacciare;5892;86493
tolga;1047;3,910254517;875;VER;togliere;24748;16094
von;0;3,909839916;322;NOM;<unknown>;4511888;454710
incontrata;1046;3,909839916;906;VER;incontrare;27005;494663
decidi;1046;3,909839916;940;VER;decidere;25516;393037
immobiliare;1046;3,909839916;700;ADJ;immobiliare;1178;225385
realizzare;1045;3,909424919;851;VER;realizzare;3609;354886
dimensioni;1045;3,909424919;822;NOM;dimensione;1791;470139
preoccupazione;1044;3,909009525;933;NOM;preoccupazione;1878;209559
solitario;1044;3,909009525;806;ADJ;solitario;1617;60057
prossime;1044;3,909009525;951;ADJ;prossimo;26921;414174
rimanete;1043;3,908593733;879;VER;rimanere;46342;1249
darai;1042;3,908177543;935;VER;dare;158901;96299
2000;0;3,907760953;718;NUM;@card@;412838;98366
eccitato;1041;3,907760953;852;VER;eccitare;3596;152406
insolito;1041;3,907760953;896;ADJ;insolito;1600;212330
alieno;1041;3,907760953;461;ADJ;alieno;2068;446834
galassia;1041;3,907760953;456;NOM;galassia;1323;34979
fama;1041;3,907760953;860;NOM;fama;1041;502705
scienziato;1040;3,907343964;691;NOM;scienziato;2372;513026
flusso;1040;3,907343964;749;NOM;flusso;1108;10010
Samantha;0;3,907343964;284;NOM;<unknown>;4511888;91164
assistere;1040;3,907343964;896;VER;assistere;3068;116509
attraversato;1040;3,907343964;903;VER;attraversare;5578;297103
Wallace;0;3,907343964;314;NOM;<unknown>;4511888;374688
botta;1040;3,907343964;791;NOM;botta;1040;308649
schiavo;1040;3,907343964;595;NOM;schiavo;1851;498676
monete;1040;3,907343964;542;NOM;moneta;2305;215033
celebrità;1039;3,906926574;701;NOM;celebrità;1039;252424
farebbero;1039;3,906926574;958;VER;fare;1151883;324132
Miguel;0;3,906926574;216;NPR;Miguel;1039;439102
promettimi;1039;3,906926574;890;VER;promettere;19626;264302
conseguenza;1039;3,906926574;887;NOM;conseguenza;3269;417409
spera;1039;3,906926574;932;VER;sperare;36576;119799
Duncan;0;3,906926574;225;NOM;<unknown>;4511888;383224
confini;1038;3,906508782;803;NOM;confine;1036;469570
invitata;1038;3,906508782;861;VER;invitare;8833;481896
studentessa;1038;3,906508782;713;NOM;studente;7085;260527
italiani;1038;3,906508782;664;ADJ;italiano;3727;279481
riunioni;1038;3,906508782;817;NOM;riunione;6250;89786
inutili;1038;3,906508782;918;ADJ;inutile;6157;260057
Hector;1037;3,906090588;226;NPR;Hector;4511888;279299
favola;1037;3,906090588;787;NOM;favola;1499;143179
password;1037;3,906090588;537;NOM;password;4511888;229750
vorrebbero;1037;3,906090588;956;VER;volere;609883;383908
nuvole;1037;3,906090588;713;NOM;nuvola;1239;134602
Sebastian;0;3,906090588;200;NOM;<unknown>;4511888;74462
presentarti;1037;3,906090588;936;VER;presentare;13800;51173
concludere;1036;3,905671991;915;VER;concludere;3466;308744
zaino;1036;3,905671991;646;NOM;zaino;1168;507684
dente;1036;3,905671991;617;NOM;dente;5778;210018
passerò;1036;3,905671991;960;VER;passare;65203;400751
maniere;1036;3,905671991;884;NOM;maniera;4215;83077
sostiene;1036;3,905671991;864;VER;sostenere;4823;481446
premere;1036;3,905671991;838;VER;premere;3007;56793
pillola;1036;3,905671991;699;NOM;pillola;3649;78844
costoso;1035;3,90525299;900;ADJ;costoso;2275;301366
Becca;0;3,90525299;502;NPR;Becca;4511888;17979
Bones;0;3,90525299;145;NOM;<unknown>;4511888;34950
mondi;1035;3,90525299;638;NOM;mondo;44585;453560
succedesse;1035;3,90525299;948;VER;succedere;125771;454097
Percy;0;3,904833584;195;NOM;<unknown>;4511888;133720
autunno;1034;3,904833584;765;NOM;autunno;1040;365204
nuovamente;1034;3,904833584;857;ADV;nuovamente;1034;214964
600;0;3,904833584;745;NUM;@card@;412838;264398
particolari;1033;3,904413773;911;NOM;particolare;1413;399920
scoprirà;1033;3,904413773;927;VER;scoprire;35725;306763
mail;1033;3,904413773;760;NOM;mail;4511888;445176
dimenticherò;1032;3,903993556;904;VER;dimenticare;28054;6233
pagherà;1032;3,903993556;884;VER;pagare;31598;35525
credermi;1032;3,903993556;915;VER;credere;185652;133073
agosto;1031;3,903572932;705;NOM;agosto;1031;73513
recita;1031;3,903572932;687;VER;recitare;893;189512
nausea;1031;3,903572932;843;NOM;nausea;1074;171357
cinquanta;1031;3,903572932;760;ADJ;cinquanta;973;91839
alia;0;3,903572932;127;NOM;<unknown>;4511888;172235
foglio;1030;3,9031519;806;NOM;foglio;1481;271681
riscontro;1030;3,9031519;738;NOM;riscontro;1196;407389
obitorio;1029;3,902730459;707;NOM;obitorio;1052;384567
candele;1029;3,902730459;713;NOM;candela;1935;330058
bell;0;3,902730459;371;NOM;<unknown>;4511888;2637
principali;1029;3,902730459;847;ADJ;principale;5178;452730
250;0;3,902730459;682;NUM;@card@;412838;210047
puntato;1029;3,902730459;863;VER;puntare;5302;253845
Hunter;0;3,902730459;206;NOM;<unknown>;4511888;92108
suonato;1027;3,901886349;757;VER;suonare;13259;317441
pericolosi;1027;3,901886349;890;ADJ;pericoloso;10016;385964
romantica;1027;3,901886349;818;ADJ;romantico;3042;28591
articoli;1027;3,901886349;801;NOM;articolo;4244;293049
vomito;1027;3,901886349;753;NOM;vomito;1056;87489
avvicinando;1027;3,901886349;892;VER;avvicinare;10755;412640
ribelli;1026;3,901463678;493;NOM;ribelle;927;243484
esperimenti;1026;3,901463678;650;NOM;esperimento;2715;182355
renderà;1026;3,901463678;948;VER;rendere;31903;295775
corrotto;1026;3,901463678;765;VER;corrompere;1708;175205
Madonna;1026;3,901463678;498;NOM;madonna;1040;52665
Avenue;0;3,901463678;718;NOM;avenue;1029;300223
telefonica;1026;3,901463678;843;ADJ;telefonico;2214;93379
note;1026;3,901463678;698;NOM;nota;2465;49611
accordi;1025;3,901040595;840;NOM;accordo;49702;506003
Pierre;0;3,9006171;229;NPR;Pierre;1024;225579
escono;1024;3,9006171;919;VER;uscire;67981;418461
sbagliavo;1024;3,9006171;942;VER;sbagliare;19439;335273
ginnastica;1024;3,9006171;691;NOM;ginnastica;798;67055
bistecca;1024;3,9006171;702;NOM;bistecca;1025;268785
36;0;3,900193191;779;NUM;@card@;412838;365830
sentimento;1023;3,900193191;840;NOM;sentimento;5663;7223
basi;1023;3,900193191;812;NOM;base;10393;345158
sire;0;3,900193191;191;NOM;sire;1064;147858
diamoci;1023;3,900193191;897;VER;darsi;158901;392853
Heather;0;3,900193191;242;NPR;Heather;4511888;396247
costerà;1023;3,900193191;906;VER;costare;5139;298199
jet;1023;3,900193191;645;NOM;jet;1023;163289
prenderanno;1023;3,900193191;906;VER;prendere;214434;497142
poiché;1022;3,899768868;645;CON;poiché;1022;207426
tali;1022;3,899768868;761;ADJ;tale;7866;170324
carrozza;1022;3,899768868;526;NOM;carrozza;1141;223674
aveste;1022;3,899768868;930;VER;avere;2620540;86254
fonti;1022;3,899768868;780;NOM;fonte;3926;448252
scordatelo;1021;3,89934413;870;VER;scordare;4986;41472
Xena;0;3,89934413;53;NOM;<unknown>;4511888;512804
puntare;1021;3,89934413;829;VER;puntare;5302;109637
Amelia;0;3,89934413;185;NPR;Amelia;4511888;113255
incubi;1021;3,89934413;757;NOM;incubo;3499;508809
spedizione;1021;3,89934413;630;NOM;spedizione;1286;76745
fida;1020;3,898918976;887;VER;fidare;17163;427271
maglia;1020;3,898918976;702;NOM;maglia;1140;481357
Elliot;0;3,898918976;230;NPR;Elliot;1020;228181
rimettere;1020;3,898918976;922;VER;rimettere;8013;262486
attirare;1020;3,898918976;938;VER;attirare;3163;457198
distrettuale;1019;3,898493406;615;ADJ;distrettuale;1042;471556
Satana;1019;3,898493406;514;NOM;satana;1020;453133
detta;1019;3,898493406;917;VER;dire;636417;358185
positiva;1019;3,898493406;854;ADJ;positivo;4119;232754
alquanto;1019;3,898493406;859;ADV;alquanto;1019;342845
formula;1019;3,898493406;501;NOM;formula;1143;178522
prospettiva;1019;3,898493406;832;NOM;prospettiva;1226;66920
iniziò;1019;3,898493406;730;VER;iniziare;33775;366533
fermarci;0;3,898493406;903;VER;fermare;30904;284358
degno;1019;3,898493406;835;ADJ;degno;1701;188614
permetta;1019;3,898493406;886;VER;permettere;24109;56020
diremo;1018;3,898067418;866;VER;dire;636417;384794
parliamone;1018;3,898067418;903;VER;parlare;204981;196198
divertenti;1018;3,898067418;869;ADJ;divertente;19457;191408
titoli;1017;3,897641012;678;NOM;titolo;3436;187461
durerà;1017;3,897641012;906;VER;durare;5600;20315
Rusty;0;3,897641012;150;NOM;<unknown>;4511888;152418
dichiaro;1017;3,897641012;872;VER;dichiarare;5525;7159
succedono;1016;3,897214187;887;VER;succedere;125771;69690
fondamentale;1016;3,897214187;846;ADJ;fondamentale;1400;392298
siedi;1016;3,897214187;837;VER;sedere;30364;26225
por;0;3,897214187;252;VER;porre;28859;45734
cacchio;1015;3,896786942;735;NOM;cacchio;1017;61487
esperti;1015;3,896786942;809;NOM;esperto;3313;82260
Bernard;0;3,896786942;320;NPR;Bernard;1015;460757
Jeffrey;0;3,896359277;320;NPR;Jeffrey;1014;223785
seminterrato;1014;3,896359277;658;NOM;seminterrato;1034;147837
Gossip;1014;3,896359277;285;NOM;gossip;4511888;480191
nido;1014;3,896359277;726;NOM;nido;941;437486
vernice;1013;3,895931189;657;NOM;vernice;1097;74281
Felix;0;3,895931189;178;NPR;Felix;1013;376400
scheda;1013;3,895931189;593;NOM;scheda;1372;464770
Boyd;0;3,895931189;162;NPR;Boyd;4511888;151794
artisti;1012;3,89550268;654;NOM;artista;3601;208712
vie;1012;3,89550268;795;NOM;via;43052;503158
torte;1012;3,89550268;575;NOM;torta;5138;204183
eredità;1012;3,89550268;703;NOM;eredità;1012;273050
nascondersi;1012;3,89550268;893;VER;nascondersi;21950;495779
paparino;1012;3,89550268;697;NOM;paparino;4511888;478899
chiarire;1012;3,89550268;889;VER;chiarire;2452;190192
Antares;0;3,89550268;239;NPR;Antares;4511888;482545
coinvolti;1011;3,895073747;884;VER;coinvolgere;8488;153444
certificato;1011;3,895073747;700;NOM;certificato;1137;51334
Samuel;0;3,895073747;382;NPR;Samuel;4511888;159169
preferiti;1010;3,89464439;904;ADJ;preferito;3723;59716
Paige;0;3,89464439;164;NOM;<unknown>;4511888;397926
Hal;0;3,89464439;185;NPR;Hal;4511888;402027
complimento;1010;3,89464439;884;NOM;complimento;3759;284850
rispondo;1010;3,89464439;856;VER;rispondere;27544;32962
salite;1010;3,89464439;777;NOM;salita;985;206556
srt;0;3,89464439;114;VER;<unknown>;1069550;487913
rumori;1009;3,894214608;748;NOM;rumore;1009;427525
Karl;0;3,894214608;291;NPR;Karl;1009;325496
fui;1009;3,894214608;776;VER;essere;3507888;479098
giocattolo;1009;3,894214608;739;NOM;giocattolo;2102;400814
usarla;1009;3,894214608;903;VER;usare;48691;276664
rivoglio;1009;3,894214608;840;VER;rivolgere;2024;159935
professione;1009;3,894214608;782;NOM;professione;1070;315091
pisciare;1009;3,894214608;767;VER;pisciare;2142;479976
occupando;1008;3,893784401;899;VER;occupare;25028;511259
co;0;3,893784401;702;VER;<unknown>;1069550;376606
Eve;0;3,893784401;165;NOM;<unknown>;4511888;401995
crescendo;1008;3,893784401;853;VER;crescere;14066;131429
simpatica;1008;3,893784401;841;ADJ;simpatico;3051;386933
correndo;1008;3,893784401;864;VER;correre;18695;165839
avversario;1008;3,893784401;721;NOM;avversario;1573;135922
Kitty;0;3,893353766;212;NOM;<unknown>;4511888;265336
sedermi;1007;3,893353766;905;VER;sedersi;30364;443049
lavanderia;1007;3,893353766;692;NOM;lavanderia;1060;506598
collaborazione;1006;3,892922705;844;NOM;collaborazione;1023;70415
divenne;1006;3,892922705;717;VER;divenire;2290;13217
stranieri;1005;3,892491215;708;ADJ;straniero;2101;291853
industria;1005;3,892491215;654;NOM;industria;1407;380526
infranto;1005;3,892491215;845;VER;infrangere;2224;315504
compri;1005;3,892491215;858;VER;comprare;26675;301956
Kent;0;3,892491215;281;NPR;Kent;1005;41606
tata;1005;3,892491215;445;NOM;tata;1544;228286
vide;1005;3,892491215;750;VER;vedere;328947;39892
dipendente;1004;3,892059296;785;ADJ;dipendente;866;116260
shopping;1004;3,892059296;769;NOM;shopping;1004;186830
archivio;1003;3,891626947;709;NOM;archivio;1727;468388
paraggi;1003;3,891626947;898;NOM;paraggio;1003;422366
Palmer;0;3,891626947;234;NPR;Palmer;4511888;125929
eterna;1002;3,891194167;769;ADJ;eterno;2266;457498
vivendo;1002;3,891194167;881;VER;vivere;39609;503372
nascondi;1002;3,891194167;868;VER;nascondere;21950;377213
noiosa;1002;3,891194167;837;ADJ;noioso;3512;275889
nominato;1002;3,891194167;856;VER;nominare;2886;236468
boschi;1001;3,890760956;666;NOM;bosco;3249;367893
guardarlo;1001;3,890760956;896;VER;guardare;111656;157484
curriculum;1001;3,890760956;748;NOM;curriculum;1001;412258
preparatevi;1001;3,890760956;837;VER;preparare;21904;450932
indicano;1001;3,890760956;852;VER;indicare;3273;96169
licenziare;1001;3,890760956;745;VER;licenziare;8131;217774
bottiglie;1000;3,890327312;773;NOM;bottiglia;5283;497672
salito;1000;3,890327312;872;VER;salire;10328;44813
vabbè;1000;3,890327312;564;INT;vabbè;4511888;149863
sindacato;1000;3,890327312;370;NOM;sindacato;1239;65966
aiutata;1000;3,890327312;858;VER;aiutare;72590;124145
verdetto;999;3,889893234;586;NOM;verdetto;1019;291126
messe;999;3,889893234;921;NOM;messa;124577;248187
legata;999;3,889893234;835;VER;legare;6498;184202
legati;999;3,889893234;862;ADJ;legato;1024;116421
brave;999;3,889893234;834;ADJ;bravo;36966;311758
detenuti;999;3,889893234;477;NOM;detenuto;1744;275930
suite;999;3,889893234;610;NOM;suite;999;39155
Carson;0;3,889458723;219;NOM;<unknown>;4511888;147972
diagnosi;998;3,889458723;672;NOM;diagnosi;998;315660
lieta;998;3,889458723;822;ADJ;lieto;3819;314401
registrare;998;3,889458723;710;VER;registrare;6017;100169
guerre;0;3,889458723;747;NOM;guerra;20553;81088
incazzato;998;3,889458723;809;ADJ;incazzato;3565;236516
finisco;997;3,889023776;911;VER;finire;80815;471313
asso;997;3,889023776;690;NOM;asso;997;324698
opere;996;3,888588393;671;NOM;opera;5496;287760
funzionando;996;3,888588393;861;VER;funzionare;27030;486166
porteremo;996;3,888588393;876;VER;portare;115105;161307
84;0;3,888588393;879;NUM;@card@;412838;47447
risparmi;996;3,888588393;857;NOM;risparmio;1189;51593
nebbia;995;3,888152573;543;NOM;nebbia;1020;283309
clown;0;3,887716315;449;NOM;clown;994;104194
agito;994;3,887716315;874;VER;agitare;6369;517163
Duke;0;3,887716315;218;NOM;<unknown>;4511888;445062
Deb;0;3,887716315;252;NOM;<unknown>;4511888;286353
bastare;994;3,887716315;920;VER;bastare;43839;265913
Clara;0;3,887716315;151;NOM;<unknown>;4511888;268525
sorprese;993;3,887279619;854;NOM;sorpresa;8053;3447
with;0;3,887279619;402;NOM;<unknown>;4511888;1922
comprata;993;3,887279619;848;VER;comprare;26675;436357
capaci;992;3,886842483;875;ADJ;capace;5494;308085
norma;991;3,886404907;680;NOM;norma;1285;296968
saggezza;991;3,886404907;782;NOM;saggezza;991;98870
singola;991;3,886404907;865;ADJ;singolo;2586;276045
nazioni;991;3,886404907;564;NOM;nazione;3390;429946
tornano;991;3,886404907;866;VER;tornare;92785;403350
elettricità;991;3,886404907;705;NOM;elettricità;991;398043
potessero;991;3,886404907;905;VER;potere;676977;366814
indizi;991;3,886404907;757;NOM;indizio;2590;223468
fidarsi;990;3,885966889;877;VER;fidarsi;17163;248345
Wraith;0;3,885966889;75;NOM;<unknown>;4511888;374120
Alicia;0;3,885966889;156;NPR;Alicia;4511888;324235
miracoli;990;3,885966889;710;NOM;miracolo;3959;346520
comportato;989;3,885528429;875;VER;comportare;11387;507393
dissero;989;3,885528429;716;VER;dire;636417;3901
multa;989;3,885528429;686;NOM;multa;1361;366408
comandi;989;3,885528429;722;NOM;comando;7015;26458
diventerò;989;3,885528429;852;VER;diventare;46915;111020
prepari;989;3,885528429;881;VER;preparare;21904;21970
adorano;988;3,885089526;871;VER;adorare;14766;482095
divorziato;988;3,885089526;791;ADJ;divorziato;2167;258685
Marilyn;0;3,885089526;215;NOM;<unknown>;4511888;21907
Miranda;0;3,885089526;191;NPR;Miranda;988;448164
goccia;988;3,885089526;806;NOM;goccia;1542;10436
guadagni;988;3,885089526;850;NOM;guadagno;1578;517359
utili;987;3,884650179;877;ADJ;utile;4288;336933
maniaco;987;3,884650179;700;NOM;maniaco;792;327005
confermare;987;3,884650179;860;VER;confermare;5526;374941
malissimo;987;3,884650179;887;ADV;malissimo;1069550;355492
condurre;986;3,884210387;891;VER;condurre;5994;433965
perfezione;985;3,883770149;836;NOM;perfezione;988;72448
fermiamo;985;3,883770149;854;VER;fermare;30904;380431
intervenire;985;3,883770149;833;VER;intervenire;1936;283694
colonia;985;3,883770149;526;NOM;colonia;1318;266624
torneranno;984;3,883329465;846;VER;tornare;92785;298526
bagnato;984;3,883329465;738;VER;bagnare;1996;311865
unite;984;3,883329465;690;VER;unire;1000;112233
comprendere;984;3,883329465;821;VER;comprendere;5580;372633
pallone;984;3,883329465;621;NOM;pallone;1178;204193
anziano;984;3,883329465;758;ADJ;anziano;1902;423857
ridi;984;3,883329465;778;VER;ridere;11803;333767
mangiate;984;3,883329465;761;VER;mangiare;42515;494034
serpenti;984;3,883329465;537;NOM;serpente;2870;101361
rappresentante;983;3,882888333;689;NOM;rappresentante;1270;188711
opposto;983;3,882888333;881;ADJ;opposto;2117;230782
ragaeea;0;3,882888333;265;NOM;<unknown>;4511888;482194
progettato;983;3,882888333;803;VER;progettare;2435;164767
bassi;982;3,882446752;813;ADJ;basso;6966;49522
fornito;982;3,882446752;862;VER;fornire;4166;500625
amministratore;982;3,882446752;590;NOM;amministratore;1183;117393
Aah;982;3,882446752;387;INT;<unknown>;4511888;108997
mancherai;982;3,882446752;784;VER;mancare;21146;41706
streghe;981;3,882004722;428;NOM;strega;3428;267327
scarica;981;3,882004722;793;VER;scaricare;546;463186
parecchie;981;3,882004722;895;DET;parecchio;2405;453792
renda;981;3,882004722;914;VER;rendere;31903;432306
Bay;0;3,882004722;418;NOM;<unknown>;4511888;252601
attivo;981;3,882004722;816;ADJ;attivo;1551;288453
diranno;981;3,882004722;860;VER;dire;636417;81096
granchè;981;3,882004722;886;ADV;granchè;981;464845
night;0;3,882004722;607;NOM;night;981;4843
molo;980;3,881562242;569;NOM;molo;972;279300
perdite;980;3,881562242;744;NOM;perdita;5167;72573
compromesso;980;3,881562242;813;NOM;compromesso;929;505725
sedersi;980;3,881562242;872;VER;sedersi;30364;203467
cuoco;980;3,881562242;621;NOM;cuoco;1638;282082
ucciderci;980;3,881562242;806;VER;uccidere;89873;210683
papino;979;3,88111931;517;NOM;papino;4511888;17669
girando;979;3,88111931;784;VER;girare;15592;359469
curva;979;3,88111931;507;NOM;curva;993;223806
toro;979;3,88111931;519;NOM;toro;979;420674
finiamo;979;3,88111931;893;VER;finire;80815;484213
Sun;0;3,88111931;362;NOM;<unknown>;4511888;338578
trascinato;979;3,88111931;865;VER;trascinare;3937;97709
durata;979;3,88111931;846;NOM;durata;621;256229
esplosivo;978;3,880675926;640;ADJ;esplosivo;1380;305705
staranno;978;3,880675926;874;VER;stare;648668;193590
piloti;978;3,880675926;441;NOM;pilota;4718;446303
domestica;978;3,880675926;662;ADJ;domestico;1500;68726
rifiutare;978;3,880675926;875;VER;rifiutare;7055;25247
fissare;977;3,880232089;882;VER;fissare;5169;112419
commedia;977;3,880232089;578;NOM;commedia;1156;77864
portiere;977;3,880232089;610;NOM;portiere;977;320324
senzatetto;977;3,880232089;571;NOM;senzatetto;977;196487
osservare;977;3,880232089;820;VER;osservare;4881;253071
Carla;0;3,880232089;224;NOM;<unknown>;4511888;336820
Malcolm;0;3,879787798;207;NPR;Malcolm;976;413043
Ivan;0;3,879787798;222;NOM;<unknown>;4511888;438648
poca;976;3,879787798;833;ADJ;poco;13512;463865
Brandon;0;3,879343052;170;NOM;<unknown>;4511888;146531
Romeo;0;3,879343052;396;NPR;Romeo;872;503039
necessaria;974;3,87889785;863;ADJ;necessario;9229;179759
Zach;0;3,87889785;194;NOM;<unknown>;4511888;404856
maresciallo;974;3,87889785;150;NOM;maresciallo;981;315518
matrimoni;974;3,87889785;713;NOM;matrimonio;15519;505732
riviste;974;3,87889785;757;NOM;rivista;2128;480901
gusti;974;3,87889785;855;NOM;gusto;3400;61653
novembre;974;3,87889785;630;NOM;novembre;974;161510
Lindsay;0;3,878452191;226;NOM;<unknown>;4511888;144129
Pargolo;973;3,878452191;496;NOM;pargolo;1000;9292
finiscila;973;3,878452191;720;VER;finire;80815;84955
cieli;973;3,878452191;714;NOM;cielo;13484;144867
fermerà;972;3,878006075;844;VER;fermare;30904;314486
Graham;0;3,878006075;241;NPR;Graham;972;167631
cresce;971;3,877559499;816;VER;crescere;14066;39183
pareti;971;3,877559499;795;NOM;parete;2105;3344
riporta;971;3,877559499;860;VER;riportare;11084;409644
investimento;971;3,877559499;692;NOM;investimento;1449;376247
Burt;0;3,877559499;207;NOM;<unknown>;4511888;69336
elemento;971;3,877559499;737;NOM;elemento;2271;309723
ritengo;970;3,877112464;819;VER;ritenere;4800;267010
onestà;970;3,877112464;801;NOM;onestà;970;265531
cava;970;3,877112464;724;NOM;cava;672;458633
volontario;970;3,877112464;782;ADJ;volontario;1182;344773
arresti;970;3,877112464;756;NOM;arresto;5520;179914
cominciò;970;3,877112464;713;VER;cominciare;29999;270546
fuochi;969;3,876664969;630;NOM;fuoco;17539;297823
consapevole;969;3,876664969;836;ADJ;consapevole;1191;167597
parlarci;969;3,876664969;882;VER;parlare;204981;288445
ottimi;969;3,876664969;895;ADJ;ottimo;15042;378092
contenuto;968;3,876217011;812;NOM;contenuto;826;461139
fossa;968;3,876217011;692;NOM;fossa;3434;54663
Bingo;968;3,876217011;707;NOM;bingo;4511888;36317
concorso;967;3,875768592;532;NOM;concorso;959;358197
cicatrice;967;3,875768592;645;NOM;cicatrice;1595;441666
riuscirci;967;3,875768592;896;VER;riuscire;84728;127065
odiano;967;3,875768592;795;VER;odiare;16947;223901
Chad;0;3,875768592;197;NPR;Chad;4511888;32413
Porter;0;3,875768592;235;NOM;porter;4511888;39882
leggermente;967;3,875768592;823;ADV;leggermente;967;136925
gps;967;3,875768592;611;NOM;GPS;4511888;272878
lana;966;3,875319708;406;NOM;lana;2333;325725
trucchi;966;3,875319708;758;NOM;trucco;4178;88703
pesanti;966;3,875319708;818;ADJ;pesante;4275;298945
specifico;966;3,875319708;867;ADJ;specifico;1752;169158
cazzi;966;3,875319708;613;NOM;cazzo;62800;265692
muovendo;966;3,875319708;805;VER;muovere;32025;57593
Cathy;0;3,874870361;148;NOM;<unknown>;4511888;396056
Grand;0;3,874870361;552;NOM;<unknown>;4511888;267988
2;0;3,874870361;908;NUM;@card@;412838;40697
frutto;964;3,874420548;773;NOM;frutto;1650;107049
raccontami;964;3,874420548;808;VER;raccontare;16051;234550
strappato;964;3,874420548;833;VER;strappare;3723;379846
pescare;964;3,874420548;635;VER;pescare;1694;197370
Carmen;0;3,873970268;200;NPR;Carmen;963;35914
Dixon;0;3,873970268;173;NPR;Dixon;4511888;421718
disperata;963;3,873970268;844;VER;disperare;1823;376946
arco;963;3,873970268;682;NOM;arco;1132;68539
prendeva;963;3,873970268;832;VER;prendere;214434;11733
perderai;963;3,873970268;864;VER;perdere;68537;168175
saperne;962;3,873519521;896;VER;sapere;499632;83985
commettere;962;3,873519521;860;VER;commettere;5518;4199
Griffin;0;3,873519521;248;NOM;<unknown>;4511888;8834
muoverci;962;3,873519521;809;VER;muoversi;32025;163990
costato;961;3,873068306;862;VER;costare;545;4895
sceso;0;3,873068306;833;VER;scendere;6406;383204
sbattere;961;3,873068306;845;VER;sbattere;5757;502513
espresso;961;3,873068306;798;NOM;espresso;3487;151796
corse;960;3,872616622;605;NOM;corsa;5041;58136
Spike;0;3,872616622;140;NOM;<unknown>;4511888;489511
lavoratori;960;3,872616622;580;NOM;lavoratore;1558;480619
annullare;960;3,872616622;777;VER;annullare;2914;73073
bagni;960;3,872616622;752;NOM;bagno;13758;331650
torneo;960;3,872616622;426;NOM;torneo;1051;150929
Hawaii;0;3,872616622;426;NPR;Hawaii;4511888;446418
tradurre;960;3,872616622;384;VER;tradurre;2104;315890
Lester;0;3,872164467;235;NPR;Lester;4511888;162336
Beverly;0;3,872164467;424;NOM;<unknown>;4511888;441176
ego;0;3,872164467;721;NOM;ego;959;118776
Buddy;0;3,871711842;188;NOM;<unknown>;4511888;176642
vagina;958;3,871711842;588;NOM;vagina;1068;204836
penale;958;3,871711842;728;ADJ;penale;1222;226922
spaventare;958;3,871711842;817;VER;spaventare;13560;300650
fenomeno;958;3,871711842;750;NOM;fenomeno;1262;450154
negri;0;3,871711842;418;NOM;negro;1444;447348
Douglas;0;3,871711842;330;NPR;Douglas;958;215993
Cindy;0;3,871711842;255;NOM;<unknown>;4511888;91369
incontriamo;958;3,871711842;868;VER;incontrare;27005;429549
demonio;957;3,871258743;500;NOM;demonio;957;9912
Mikey;0;3,871258743;276;NOM;<unknown>;4511888;77272
commercio;956;3,870805172;725;NOM;commercio;1011;482852
marijuana;956;3,870805172;508;NOM;marijuana;956;477805
prudente;956;3,870805172;792;ADJ;prudente;1321;326555
diploma;956;3,870805172;645;NOM;diploma;1041;322504
Fisher;0;3,870805172;205;NOM;<unknown>;4511888;391624
Francis;0;3,870351127;322;NPR;Francis;955;176908
ritiene;955;3,870351127;815;VER;ritenere;4800;422957
Guy;0;3,870351127;261;NOM;<unknown>;4511888;349749
costruita;955;3,870351127;761;VER;costruire;10753;198050
sognare;955;3,870351127;782;VER;sognare;6200;126958
sgualdrina;954;3,869896606;684;NOM;sgualdrina;1076;470528
coraggiosa;953;3,869441609;811;ADJ;coraggioso;3607;299779
esatta;953;3,869441609;809;ADJ;esatto;16457;497685
pensai;953;3,869441609;615;VER;pensare;271765;351800
bottone;952;3,868986135;698;NOM;bottone;1409;306707
pensavano;952;3,868986135;858;VER;pensare;271765;149784
lampada;952;3,868986135;644;NOM;lampada;1210;241009
ricevi;952;3,868986135;657;VER;ricevere;25783;497785
temevo;952;3,868986135;865;VER;temere;11202;487917
pub;951;3,868530183;517;NOM;pub;4511888;151047
valutazione;951;3,868530183;702;NOM;valutazione;1185;328467
mosse;951;3,868530183;751;NOM;mossa;5928;421919
bastano;951;3,868530183;829;VER;bastare;43839;495739
scattare;951;3,868530183;792;VER;scattare;3288;396678
round;0;3,868073751;474;NOM;round;950;202498
Bart;0;3,868073751;204;NOM;<unknown>;4511888;365591
accorta;950;3,868073751;863;ADJ;accorto;6980;121905
vendite;950;3,868073751;648;NOM;vendita;3444;415851
May;0;3,868073751;284;NOM;<unknown>;4511888;64370
salti;950;3,868073751;815;NOM;salto;3594;179351
moya;0;3,868073751;78;NOM;<unknown>;4511888;217240
circondato;950;3,868073751;822;VER;circondare;2999;385440
provocato;949;3,86761684;833;VER;provocare;3936;157361
pianificato;949;3,86761684;817;VER;pianificare;2076;426426
tienila;949;3,86761684;791;VER;tenere;79315;508615
guadagna;949;3,86761684;797;VER;guadagnare;8671;517333
false;0;3,86761684;760;ADJ;FALSO;5326;261876
iniziano;948;3,867159447;843;VER;iniziare;33775;425249
santi;948;3,867159447;525;NOM;santo;4057;277284
mancherà;948;3,867159447;801;VER;mancare;21146;263285
marzo;948;3,867159447;646;NOM;marzo;948;247443
salotto;948;3,867159447;798;NOM;salotto;984;87243
salvezza;947;3,866701572;753;NOM;salvezza;947;455012
sceneggiatura;947;3,866701572;487;NOM;sceneggiatura;1035;213612
ninja;947;3,866701572;323;NOM;ninja;4511888;6335
perfetti;947;3,866701572;796;ADJ;perfetto;16859;18154
pigiama;946;3,866243213;659;NOM;pigiama;1006;479248
attendere;946;3,866243213;817;VER;attendere;3608;401234
serratura;946;3,866243213;714;NOM;serratura;1257;126821
fidanzati;946;3,866243213;759;NOM;fidanzato;2014;93049
fotografica;946;3,866243213;704;ADJ;fotografico;1562;92304
fucili;946;3,866243213;577;NOM;fucile;4534;124054
know;0;3,866243213;261;NOM;<unknown>;4511888;258207
ruba;946;3,866243213;801;VER;rubare;19463;425179
arrogante;946;3,866243213;818;ADJ;arrogante;1094;506087
dedicato;945;3,865784371;867;VER;dedicare;2973;510884
animo;945;3,865784371;765;NOM;animo;1019;279231
prato;944;3,865325043;646;NOM;prato;1110;399131
postale;944;3,865325043;557;ADJ;postale;976;141747
presentarvi;942;3,864404927;833;VER;presentare;13800;3605
delicato;942;3,864404927;818;ADJ;delicato;2201;78212
circuito;942;3,864404927;674;NOM;circuito;1317;87429
competizione;942;3,864404927;677;NOM;competizione;986;10215
tesi;941;3,863944137;631;NOM;tesi;926;391959
discusso;941;3,863944137;829;VER;discutere;7409;347993
meccanico;941;3,863944137;677;NOM;meccanico;581;300378
corruzione;941;3,863944137;618;NOM;corruzione;948;430494
specialità;941;3,863944137;804;NOM;specialità;941;508387
Connie;0;3,863482858;165;NPR;Connie;4511888;208451
tagliata;940;3,863482858;791;VER;tagliare;12445;429467
conoscerlo;940;3,863482858;851;VER;conoscere;92248;431010
sconfitta;940;3,863482858;744;NOM;sconfitta;852;476370
deposizione;939;3,863021088;586;NOM;deposizione;1160;470532
scienze;939;3,863021088;665;NOM;scienza;3460;293643
ritratto;939;3,863021088;660;NOM;ritratto;885;374806
Doyle;0;3,863021088;171;NOM;<unknown>;4511888;374077
sottile;939;3,863021088;783;ADJ;sottile;1208;497501
costruzione;939;3,863021088;708;NOM;costruzione;1289;200816
panni;939;3,863021088;772;NOM;panno;1064;118394
cercarla;939;3,863021088;806;VER;cercare;103013;354734
dirige;939;3,863021088;817;VER;dirigere;8815;224943
calzini;939;3,863021088;658;NOM;calzino;1233;397247
mento;938;3,862558827;756;NOM;mento;876;320771
disposta;938;3,862558827;843;VER;disporre;4427;26252
trovarsi;938;3,862558827;853;VER;trovarsi;165912;137112
talpa;937;3,862096073;463;NOM;talpa;1014;430655
freccia;937;3,862096073;587;NOM;freccia;1406;254543
unito;937;3,862096073;783;VER;unire;8491;112227
Grayson;0;3,862096073;149;NPR;Grayson;4511888;181874
fregare;937;3,862096073;810;VER;fregare;12608;402348
Madison;0;3,862096073;372;NPR;madison;938;238776
rispondimi;937;3,862096073;741;VER;rispondere;27544;289007
Benny;0;3,861632825;217;NOM;<unknown>;4511888;343855
maiali;936;3,861632825;593;NOM;maiale;3903;19039
abituata;936;3,861632825;851;ADJ;abituato;4803;289773
domando;935;3,861169083;790;VER;domandare;3481;172806
userò;935;3,861169083;866;VER;usare;48691;337705
omaggio;935;3,861169083;770;NOM;omaggio;555;318574
scacchi;935;3,861169083;489;NOM;scacco;1311;178072
costante;934;3,860704845;782;ADJ;costante;941;78339
infinite;0;3,860704845;774;ADJ;infinito;2314;229684
togliermi;934;3,860704845;873;VER;togliere;24748;144183
ditta;934;3,860704845;643;NOM;ditta;1016;157653
Side;0;3,860240111;515;NOM;<unknown>;4511888;123452
controlliamo;933;3,860240111;832;VER;controllare;28942;48334
ottime;933;3,860240111;858;ADJ;ottimo;15042;378084
metropolitana;932;3,859774878;631;NOM;metropolitana;747;169991
vergogno;0;3,859774878;798;VER;vergognarsi;4108;101668
occasioni;932;3,859774878;833;NOM;occasione;7918;102716
{;0;3,859774878;8;NOM;<unknown>;4511888;357829
dammela;932;3,859774878;676;VER;dare;1069550;286433
Perry;0;3,859309147;308;NPR;Perry;931;430596
South;0;3,859309147;540;NPR;South;931;472275
salvata;931;3,859309147;762;VER;salvare;26667;169458
letti;930;3,858842915;755;NOM;letto;24832;467383
tolgo;930;3,858842915;836;VER;togliere;24748;16090
valido;929;3,858376183;821;ADJ;valido;2076;514565
navetta;929;3,858376183;308;NOM;navetta;1078;122485
uffici;929;3,858376183;743;NOM;ufficio;20698;72590
lati;929;3,858376183;808;NOM;lato;7672;219880
guidando;929;3,858376183;775;VER;guidare;14289;132591
svenuto;928;3,857908948;762;VER;svenire;2562;57884
dimenticati;928;3,857908948;826;VER;dimenticare;28054;181337
fisicamente;928;3,857908948;823;ADV;fisicamente;928;73054
somiglia;928;3,857908948;760;VER;somigliare;2117;352634
accendi;928;3,857908948;787;VER;accendere;7168;442311
compiere;928;3,857908948;809;VER;compiere;2910;376014
lutto;927;3,857441211;672;NOM;lutto;952;144134
lenzuola;927;3,857441211;743;NOM;lenzuolo;4511888;201152
brividi;926;3,856972969;788;NOM;brivido;1385;417103
pianeti;926;3,856972969;438;NOM;pianeta;7517;357460
salvarlo;926;3,856972969;767;VER;salvare;26667;122714
economico;926;3,856972969;745;ADJ;economico;2330;427706
andavamo;925;3,856504221;807;VER;andare;641883;301920
grano;925;3,856504221;526;NOM;grano;975;298861
private;0;3,856504221;686;ADJ;privato;7208;34928
assalto;924;3,856034967;673;NOM;assalto;930;234280
ordino;924;3,856034967;759;VER;ordinare;8894;100963
dannati;924;3,856034967;741;ADJ;dannato;3863;282735
collaborare;924;3,856034967;775;VER;collaborare;2291;280707
amichevole;924;3,856034967;769;ADJ;amichevole;1200;279698
ritirata;924;3,856034967;651;NOM;ritirata;618;270326
scolastico;923;3,855565206;660;ADJ;scolastico;1739;80865
richiamato;922;3,855094935;795;VER;richiamare;5940;325633
rapido;922;3,855094935;766;ADJ;rapido;1811;9997
Rory;0;3,855094935;103;NPR;Rory;4511888;139293
vigliacco;922;3,855094935;641;ADJ;vigliacco;791;470167
assicurato;922;3,855094935;828;ADJ;assicurato;13166;222457
High;0;3,854624155;493;NPR;High;921;192684
greco;921;3,854624155;497;ADJ;greco;1095;262113
fiamma;920;3,854152865;636;NOM;fiamma;2941;427837
applauso;920;3,854152865;667;NOM;applauso;1301;62276
professoressa;920;3,854152865;351;NOM;professore;6753;53318
Reynolds;0;3,854152865;322;NPR;Reynolds;4511888;94893
zampe;920;3,854152865;690;NOM;zampa;1460;16079
panini;920;3,854152865;651;NOM;panino;2582;347091
fissa;920;3,854152865;787;ADJ;fisso;1557;343550
Marte;0;3,853681062;290;NPR;Marte;1051;107540
Fox;0;3,853681062;345;NPR;Fox;919;370199
Alfa;919;3,853681062;416;NOM;alfa;470;259633
affamato;919;3,853681062;749;ADJ;affamato;1465;14696
restituire;919;3,853681062;809;VER;restituire;4971;222641
pesi;918;3,853208746;652;NOM;peso;5321;404003
maggiori;918;3,853208746;772;ADJ;maggiore;14457;85558
indagando;918;3,853208746;738;VER;indagare;3492;51799
improbabile;918;3,853208746;812;ADJ;improbabile;967;63359
Gates;0;3,853208746;200;NPR;Gates;4511888;255104
bianche;918;3,853208746;706;ADJ;bianco;12951;217218
fetta;918;3,853208746;742;NOM;fetta;1222;355208
incapace;918;3,853208746;791;ADJ;incapace;817;172699
sconosciuti;918;3,853208746;774;NOM;sconosciuto;1993;30929
buchi;918;3,853208746;730;NOM;buco;5167;16104
compagnie;917;3,852735916;635;NOM;compagnia;10802;434764
riferimento;917;3,852735916;774;NOM;riferimento;1131;516451
tattica;916;3,85226257;703;NOM;tattica;924;435972
Rob;0;3,85226257;296;NOM;<unknown>;4511888;218731
capra;916;3,85226257;476;NOM;capro;1266;212688
quelio;0;3,85226257;102;NOM;<unknown>;4511888;452324
comportando;916;3,85226257;819;VER;comportare;11387;153853
Bree;0;3,851788708;125;NOM;<unknown>;4511888;378920
Collins;0;3,851788708;272;NPR;Collins;915;342826
rubati;915;3,851788708;708;VER;rubare;19463;205000
sperma;915;3,851788708;497;NOM;sperma;916;455657
like;0;3,851314328;345;NOM;<unknown>;4511888;11825
leale;914;3,851314328;748;ADJ;leale;1133;414804
Izzie;0;3,851314328;572;NOM;<unknown>;4511888;210272
ranch;914;3,851314328;341;NOM;ranch;914;433506
papi;914;3,851314328;413;NOM;papa;3064;253315
divento;913;3,85083943;779;VER;diventare;46915;3329
porre;913;3,85083943;807;VER;porre;28859;496936
perderò;913;3,85083943;799;VER;perdere;68537;340576
Cuba;0;3,85083943;263;NPR;Cuba;4511888;497798
guerrieri;913;3,85083943;520;NOM;guerriero;1374;250090
registrazioni;912;3,850364012;638;NOM;registrazione;2725;332056
hockey;912;3,850364012;422;NOM;hockey;912;340256
affidamento;912;3,850364012;693;NOM;affidamento;922;343847
mise;912;3,850364012;735;VER;mettere;124577;442164
mostrano;912;3,850364012;802;VER;mostrare;18023;441174
ispirazione;912;3,850364012;748;NOM;ispirazione;925;323201
dimissioni;912;3,850364012;609;NOM;dimissione;966;250242
Melanie;0;3,850364012;144;NOM;<unknown>;4511888;360354
perfavore;0;3,850364012;325;NOM;<unknown>;4511888;248808
sappiate;912;3,850364012;807;VER;sapere;499632;151277
comuni;911;3,849888073;765;NOM;comune;2489;50438
appropriato;911;3,849888073;814;ADJ;appropriato;1096;245012
cecchino;911;3,849888073;437;NOM;cecchino;1271;231258
fotografo;911;3,849888073;534;NOM;fotografo;1304;220527
emozione;911;3,849888073;745;NOM;emozione;2930;52911
gentilezza;911;3,849888073;749;NOM;gentilezza;950;174532
polieia;0;3,849888073;213;NOM;<unknown>;4511888;259787
are;910;3,849411611;364;NOM;are;954;508687
cristallo;910;3,849411611;433;NOM;cristallo;1328;372298
scende;910;3,849411611;761;VER;scendere;8016;12693
vendo;910;3,849411611;768;VER;vendere;19229;363508
casco;909;3,848934627;612;NOM;casco;1014;448546
aerea;909;3,848934627;609;ADJ;aereo;9473;343143
avvicinare;908;3,848457118;784;VER;avvicinare;10755;410140
edifici;908;3,848457118;673;NOM;edificio;6548;216642
consenso;908;3,848457118;686;NOM;consenso;970;76117
macellaio;908;3,848457118;438;NOM;macellaio;1020;101365
42;0;3,848457118;693;NUM;@card@;412838;302583
business;907;3,847979083;660;NOM;business;907;441601
tempismo;907;3,847979083;801;NOM;tempismo;907;156430
assassina;907;3,847979083;641;NOM;assassino;7287;142635
mito;907;3,847979083;541;NOM;mito;1120;322623
tacere;907;3,847979083;792;VER;tacere;3029;84591
allucinazioni;907;3,847979083;565;NOM;allucinazione;1215;113283
svolta;907;3,847979083;780;NOM;svolta;735;276170
successivo;906;3,847500521;784;ADJ;successivo;1996;37692
candela;906;3,847500521;588;NOM;candela;1935;330061
cereali;906;3,847500521;609;NOM;cereale;807;124248
centinaio;906;3,847500521;810;NOM;centinaio;3749;87980
puliti;906;3,847500521;761;VER;pulire;10313;437688
sconosciuta;906;3,847500521;649;ADJ;sconosciuto;1993;30935
seguirmi;905;3,847021432;819;VER;seguire;25854;63324
vinci;905;3,847021432;647;VER;vincere;25149;39783
assurda;905;3,847021432;815;ADJ;assurdo;4579;40122
Ivy;0;3,847021432;226;NOM;<unknown>;4511888;173002
visuale;904;3,846541814;650;NOM;visuale;641;438818
intesi;904;3,846541814;722;ADJ;inteso;790;17198
vena;904;3,846541814;734;NOM;vena;1692;447574
sembrate;904;3,846541814;801;VER;sembrare;108715;249992
confraternita;904;3,846541814;362;NOM;confraternita;4511888;325541
detenuto;904;3,846541814;492;NOM;detenuto;1744;275932
piove;903;3,846061665;677;VER;piovere;2826;227122
cavalieri;903;3,846061665;351;NOM;cavaliere;2839;395074
Hans;0;3,846061665;188;NPR;Hans;903;72376
pregato;903;3,846061665;726;VER;pregare;40025;220879
cannone;902;3,845580985;465;NOM;cannone;1569;450858
importi;902;3,845580985;802;NOM;importo;825;256810
esperienze;902;3,845580985;710;NOM;esperienza;6400;501313
scusarti;902;3,845580985;812;VER;scusare;63193;151927
rinchiuso;901;3,845099772;760;VER;rinchiudere;2490;447166
missile;901;3,845099772;368;NOM;missile;1374;281538
bravissima;901;3,845099772;765;ADJ;bravo;4511888;209093
rivederla;901;3,845099772;785;VER;rivedere;10280;175321
chiedete;900;3,844618025;779;VER;chiedere;99913;5648
nudi;900;3,844618025;704;ADJ;nudo;4657;395889
Paolo;0;3,844618025;251;NPR;Paolo;838;321162
recuperato;899;3,844135744;762;VER;recuperare;6005;8756
solitudine;899;3,844135744;699;NOM;solitudine;907;428134
provino;899;3,844135744;528;NOM;provino;1065;178600
argo;0;3,844135744;100;NOM;argo;899;354740
maschile;898;3,843652926;739;ADJ;maschile;1116;15376
Tucker;0;3,843652926;226;NOM;<unknown>;4511888;95523
contadini;898;3,843652926;516;NOM;contadino;1140;513316
Boris;0;3,843652926;180;NPR;Boris;4511888;426923
dicesse;898;3,843652926;818;VER;dire;636417;181983
Paula;898;3,843652926;189;NPR;Paula;4511888;245728
disordine;898;3,843652926;751;NOM;disordine;1189;515045
riva;898;3,843652926;631;NOM;riva;1050;390118
bestie;898;3,843652926;623;NOM;bestia;3316;203505
mcgee;0;3,843652926;115;NPR;mcgee;206355;278779
decente;897;3,843169571;787;ADJ;decente;1038;124699
Allah;0;3,843169571;241;NPR;Allah;4511888;246591
atterrare;897;3,843169571;566;VER;atterrare;2683;361811
mattinata;897;3,843169571;798;NOM;mattinata;914;36733
andrete;897;3,843169571;789;VER;andare;641883;101613
generatore;897;3,843169571;440;NOM;generatore;964;413686
famosi;896;3,842685677;739;ADJ;famoso;5823;264451
frocio;0;3,842685677;468;NOM;<unknown>;4511888;131688
rlde;0;3,842685677;117;ADJ;<unknown>;206355;510083
regione;896;3,842685677;645;NOM;regione;1030;27297
eur;0;3,842685677;38;NOM;<unknown>;4511888;204742
inchiesta;895;3,842201244;542;NOM;inchiesta;943;353025
palo;895;3,842201244;615;NOM;palo;893;81471
compiuto;895;3,842201244;800;VER;compiere;2910;108151
rancore;895;3,842201244;770;NOM;rancore;1014;393594
fisso;895;3,842201244;754;ADJ;fisso;1557;263371
sapranno;894;3,84171627;805;VER;sapere;499632;57093
Lydia;0;3,84171627;164;NPR;Lydia;4511888;76323
tremendo;894;3,84171627;778;ADJ;tremendo;1698;70710
83;0;3,84171627;649;NUM;@card@;412838;47442
denunciato;894;3,84171627;733;VER;denunciare;3335;384877
Noah;0;3,84171627;184;NPR;Noah;4511888;405130
appare;894;3,84171627;754;VER;apparire;4192;292586
vietato;893;3,841230753;764;ADJ;vietato;1413;88621
scommesse;893;3,841230753;481;NOM;scommessa;2133;258621
Dee;0;3,841230753;209;NOM;dea;2132;286356
riscaldamento;893;3,841230753;654;NOM;riscaldamento;898;511983
sandwich;892;3,840744693;608;NOM;sandwich;539;117878
Christina;0;3,840258089;186;NOM;<unknown>;4511888;370992
segnato;891;3,840258089;761;VER;segnare;2837;245302
Shannon;0;3,840258089;177;NPR;Shannon;4511888;30791
lasciò;891;3,840258089;717;VER;lasciare;153939;477015
bollente;891;3,840258089;714;ADJ;bollente;1033;124525
proteggendo;891;3,840258089;732;VER;proteggere;16350;145815
letale;891;3,840258089;713;ADJ;letale;1187;465314
curato;891;3,840258089;721;VER;curare;5518;2014
Dallas;0;3,840258089;313;NOM;<unknown>;4511888;8943
continuerà;890;3,839770938;823;VER;continuare;33215;294445
spreco;890;3,839770938;772;NOM;spreco;982;456282
marchio;890;3,839770938;607;NOM;marchio;874;98263
eseguire;890;3,839770938;739;VER;eseguire;3122;107241
muslca;0;3,839770938;120;VER;<unknown>;1069550;185067
alte;889;3,839283241;755;ADJ;alto;21342;87185
orrore;889;3,839283241;688;NOM;orrore;1146;305565
Stacy;0;3,839283241;174;NOM;<unknown>;4511888;284616
Becky;0;3,839283241;226;NOM;<unknown>;4511888;209112
apparecchio;888;3,838794995;586;NOM;apparecchio;1105;328741
Evvai;888;3,838794995;699;INT;evvai;1069550;448121
delicata;888;3,838794995;775;ADJ;delicato;2201;78203
Addison;0;3,838794995;162;NOM;<unknown>;4511888;513680
tatto;888;3,838794995;346;NOM;tatto;933;88799
colpisci;887;3,8383062;653;VER;colpire;19652;346916
asciugamano;887;3,8383062;634;NOM;asciugamano;1486;58194
commenti;887;3,8383062;740;NOM;commento;1667;279195
Denise;0;3,8383062;223;NOM;<unknown>;4511888;207004
operai;887;3,8383062;522;NOM;operaio;991;273106
dò;887;3,8383062;687;VER;dare;4511888;513006
Roberts;0;3,837816854;284;NOM;<unknown>;4511888;375568
soffiata;886;3,837816854;645;NOM;soffiata;954;142924
ubriachi;0;3,837816854;717;ADJ;ubriaco;4393;2392
cifre;886;3,837816854;672;NOM;cifra;2218;345192
chiamerà;886;3,837816854;768;VER;chiamare;133592;511855
ingannato;886;3,837816854;730;VER;ingannare;3329;91507
decesso;885;3,837326956;642;NOM;decesso;966;385552
insistito;885;3,837326956;809;VER;insistere;3962;327707
venditore;885;3,837326956;641;NOM;venditore;970;195668
fili;885;3,837326956;668;NOM;filo;3575;235870
sappiano;885;3,837326956;826;VER;sapere;499632;390771
negare;885;3,837326956;751;VER;negare;3963;340407
prezzi;884;3,836836505;640;NOM;prezzo;6411;277582
cacciatori;884;3,836836505;490;NOM;cacciatore;2757;354903
aggiustare;884;3,836836505;762;VER;aggiustare;2700;242042
addormentata;884;3,836836505;744;VER;addormentare;3670;459413
scortese;884;3,836836505;760;ADJ;scortese;938;38836
marinaio;884;3,836836505;472;NOM;marinaio;1375;20151
sacchetto;883;3,836345499;620;NOM;sacchetto;1151;113154
infinito;883;3,836345499;701;ADJ;infinito;2314;345169
rischiato;883;3,836345499;778;VER;rischiare;5743;287678
scaduto;882;3,835853938;770;VER;scadere;1846;460333
accompagni;882;3,835853938;803;VER;accompagnare;8114;348719
lottato;882;3,835853938;743;VER;lottare;4266;17013
Harvard;0;3,835853938;481;NPR;Harvard;882;508834
rimuovere;882;3,835853938;740;VER;rimuovere;2875;137153
prepararsi;882;3,835853938;703;VER;preparare;21904;226514
moriranno;882;3,835853938;740;VER;morire;96820;351459
uniche;882;3,835853938;825;ADJ;unico;37133;252389
rimandare;881;3,835361819;772;VER;rimandare;2828;137247
ricevo;881;3,835361819;782;VER;ricevere;25783;497781
comprensione;881;3,835361819;761;NOM;comprensione;881;314620
alcolici;880;3,834869143;647;ADJ;alcolico;1195;95240
rospo;880;3,834869143;659;NOM;rospo;990;73508
globale;880;3,834869143;510;ADJ;globale;946;333354
femminuccia;880;3,834869143;655;NOM;femminuccio;1179;10633
considera;880;3,834869143;799;VER;considerare;11570;98020
iniziate;879;3,834375907;709;VER;iniziare;33775;185686
ottiene;879;3,834375907;771;VER;ottenere;14689;262296
Anton;0;3,834375907;136;NPR;Anton;4511888;222371
sconfitto;879;3,834375907;676;ADJ;sconfitto;2954;476372
legami;879;3,834375907;730;NOM;legame;3104;331992
Adams;0;3,834375907;336;NOM;<unknown>;4511888;141272
rendono;878;3,833882109;806;VER;rendere;31903;411501
Hood;0;3,833882109;205;NOM;<unknown>;4511888;198013
seguente;878;3,833882109;714;ADJ;seguente;1166;74911
pompieri;878;3,833882109;553;NOM;pompiere;1433;419550
campanello;877;3,83338775;619;NOM;campanello;963;101166
supplico;877;3,83338775;676;VER;supplicare;1663;220023
trasferire;877;3,83338775;740;VER;trasferire;9613;500466
Omar;0;3,83338775;209;NOM;<unknown>;4511888;284148
Holmes;0;3,832892828;214;NPR;Holmes;4511888;17675
Mercedes;0;3,832892828;381;NPR;Mercedes;4511888;322261
Joel;0;3,832397341;194;NOM;<unknown>;4511888;492044
preferite;875;3,832397341;787;VER;preferire;15296;59722
sedici;875;3,832397341;669;ADJ;sedici;723;195246
musicale;875;3,832397341;637;ADJ;musicale;1159;12528
destinazione;874;3,831901287;695;NOM;destinazione;933;319394
sò;0;3,831901287;266;VER;sapere;1069550;420561
disturbare;874;3,831901287;777;VER;disturbare;5668;380113
frontiera;874;3,831901287;553;NOM;frontiera;1097;426735
apprezzato;872;3,830907478;794;VER;apprezzare;7338;92174
vuote;872;3,830907478;760;ADJ;vuoto;5065;481086
aquila;872;3,830907478;377;NOM;aquila;1038;26973
disturbi;872;3,830907478;734;NOM;disturbo;3775;456602
menzogna;871;3,830409719;693;NOM;menzogna;1390;239460
cercata;870;3,829911389;794;VER;cercare;103013;43040
bowling;870;3,829911389;432;NOM;bowling;870;145981
gentilmente;870;3,829911389;797;ADV;gentilmente;206355;71233
diamante;870;3,829911389;421;NOM;diamante;2685;405575
messicano;870;3,829911389;561;ADJ;messicano;1419;177226
calcoli;870;3,829911389;648;NOM;calcolo;1284;427357
calmatevi;870;3,829911389;687;VER;calmarsi;12847;311228
¶;0;3,829911389;9;NOM;<unknown>;4511888;446167
stanchi;870;3,829911389;766;ADJ;stanco;8339;393977
Brenda;0;3,829412487;223;NPR;Brenda;4511888;827
soffitto;869;3,829412487;667;NOM;soffitto;932;284000
valgono;869;3,829412487;757;VER;valere;13943;399093
ritirato;868;3,828913011;729;VER;ritirare;5907;270336
87;0;3,828913011;610;NUM;@card@;412838;47446
nominare;868;3,828913011;758;VER;nominare;2886;6607
borse;867;3,82841296;672;NOM;borsa;8036;359437
statale;867;3,82841296;671;ADJ;statale;851;336916
samurai;867;3,82841296;213;NOM;samurai;867;262466
gomme;867;3,82841296;549;NOM;gomma;2573;362329
aiuterai;867;3,82841296;758;VER;aiutare;72590;431051
comportarti;867;3,82841296;806;VER;comportarsi;11387;399615
ballerina;866;3,827912332;536;NOM;ballerina;744;405526
conforto;866;3,827912332;686;NOM;conforto;910;55611
dvd;866;3,827912332;570;NOM;dvd;4511888;459163
tristi;865;3,827411126;740;ADJ;triste;7939;38912
condoglianze;865;3,827411126;685;NOM;condoglianza;866;165924
chiari;865;3,827411126;771;ADJ;chiaro;13981;387381
foglie;865;3,827411126;627;NOM;foglio;1286;271677
guardavo;865;3,827411126;760;VER;guardare;111656;88655
Alison;0;3,827411126;171;NPR;Alison;4511888;154720
impari;865;3,827411126;768;ADJ;impari;528;63657
riconoscimento;865;3,827411126;713;NOM;riconoscimento;966;447431
ombre;865;3,827411126;487;NOM;ombra;3477;423154
contano;865;3,827411126;764;VER;contare;9797;242422
Nikki;0;3,826909342;172;NPR;Nikki;4511888;175394
ulteriori;864;3,826909342;783;ADJ;ulteriore;1338;26932
agenda;864;3,826909342;667;NOM;agenda;879;23358
stiate;864;3,826909342;798;VER;stare;648668;467312
3;0;3,826909342;795;NUM;@card@;412838;245618
ingannare;864;3,826909342;781;VER;ingannare;3329;43748
mobile;864;3,826909342;562;ADJ;mobile;1105;119032
esagerando;863;3,826406977;764;VER;esagerare;3881;185875
ta;0;3,826406977;280;VER;<unknown>;1069550;76614
desiderare;863;3,826406977;760;VER;desiderare;9746;88153
indipendente;863;3,826406977;705;ADJ;indipendente;972;345435
poterla;863;3,826406977;823;VER;potere;676977;24417
comoda;863;3,826406977;768;ADJ;comodo;3555;278897
secca;863;3,826406977;691;ADJ;secco;1694;265874
ancor;0;3,826406977;659;ADV;ancor;863;242370
onorevole;863;3,826406977;481;ADJ;onorevole;955;240349
yen;863;3,826406977;200;NOM;yen;863;331495
picchiare;863;3,826406977;698;VER;picchiare;6276;210682
unirsi;862;3,82590403;783;VER;unirsi;8491;439558
mostrerò;862;3,82590403;761;VER;mostrare;18023;266281
rivedremo;862;3,82590403;760;VER;rivedere;10280;355896
manicomio;862;3,82590403;599;NOM;manicomio;888;274753
muso;862;3,82590403;622;NOM;muso;1060;254537
sconto;862;3,82590403;663;NOM;sconto;997;81238
Thor;0;3,82590403;151;NPR;Thor;4511888;401808
ospedali;862;3,82590403;691;NOM;ospedale;15134;401068
sognando;862;3,82590403;677;VER;sognare;6200;214196
vitali;861;3,8254005;639;ADJ;vitale;1976;277271
elefante;861;3,8254005;507;NOM;elefante;1218;364347
hard;0;3,8254005;504;NOM;<unknown>;4511888;384831
sms;861;3,8254005;555;NOM;sms;4511888;209743
salvarla;861;3,8254005;704;VER;salvare;26667;122716
avvelenato;861;3,8254005;544;VER;avvelenare;1759;15253
raggiungo;861;3,8254005;781;VER;raggiungere;11803;255672
scarico;861;3,8254005;678;NOM;scarico;783;162745
assistito;861;3,8254005;746;VER;assistere;3068;192958
fulmine;861;3,8254005;480;NOM;fulmine;1205;427712
flash;860;3,824896386;443;NOM;flash;860;385043
valeva;860;3,824896386;786;VER;valere;13943;181596
conoscenze;860;3,824896386;750;NOM;conoscenza;4986;233130
sprecato;860;3,824896386;782;VER;sprecare;4029;362729
accadde;860;3,824896386;631;VER;accadere;15731;422395
pugnale;859;3,824391686;347;NOM;pugnale;980;478733
ring;0;3,824391686;336;NOM;ring;859;198700
am;0;3,824391686;302;NOM;<unknown>;4511888;17972
trasportare;859;3,824391686;746;VER;trasportare;2665;63574
sentirla;859;3,824391686;771;VER;sentire;192280;334714
garanzia;859;3,824391686;677;NOM;garanzia;1160;126152
estratto;858;3,823886398;723;VER;estrarre;2192;78146
Christine;0;3,823886398;165;NPR;Christine;858;161875
fica;858;3,823886398;478;NOM;fica;858;499831
vermi;858;3,823886398;572;NOM;verme;1998;27022
dicembre;858;3,823886398;560;NOM;dicembre;858;11687
inserito;858;3,823886398;726;VER;inserire;3405;441777
preziosa;858;3,823886398;751;ADJ;prezioso;2565;510906
rotte;857;3,823380522;734;ADJ;rotto;1954;77366
Ruby;0;3,823380522;173;NPR;Ruby;4511888;470137
sottovoce;857;3,823380522;366;ADV;sottovoce;857;514954
calmata;856;3,822874056;754;ADJ;calmato;12847;477706
attaccata;856;3,822874056;763;VER;attaccare;10651;12835
rocce;856;3,822874056;534;NOM;roccia;2278;102954
down;0;3,822874056;393;NOM;<unknown>;4511888;267307
reagito;856;3,822874056;767;VER;reagire;3223;9522
Juliet;0;3,822874056;155;NOM;<unknown>;4511888;191626
istruzione;856;3,822874056;614;NOM;istruzione;2736;248213
adulta;856;3,822874056;713;ADJ;adulto;2281;345760
Sutton;0;3,822874056;79;NPR;Sutton;4511888;377777
what;0;3,822874056;314;NOM;<unknown>;4511888;368824
volevate;856;3,822874056;738;VER;volere;609883;305351
giochetti;856;3,822874056;738;NOM;giochetto;1198;279535
Sheila;0;3,822366999;257;VER;<unknown>;1069550;150836
chiamavano;855;3,822366999;730;VER;chiamare;133592;209022
supervisore;855;3,822366999;616;NOM;supervisore;939;311433
vorreste;855;3,822366999;717;VER;volere;609883;356001
proseguire;855;3,822366999;739;VER;proseguire;2425;277728
orari;855;3,822366999;714;NOM;orario;2226;167677
invasione;854;3,821859349;517;NOM;invasione;889;223262
bloccare;854;3,821859349;727;VER;bloccare;9491;97827
gin;854;3,821859349;487;NOM;gin;854;400420
í;0;3,821859349;186;NOM;<unknown>;4511888;387450
valere;854;3,821859349;752;VER;valere;13943;86163
Louise;0;3,821859349;267;NOM;<unknown>;4511888;504731
Bridget;0;3,821351105;148;NPR;Bridget;4511888;294915
combatti;853;3,821351105;620;VER;combattere;13833;76295
hobby;853;3,821351105;641;NOM;hobby;853;406369
corde;853;3,821351105;607;NOM;corda;3307;416905
toglierti;853;3,821351105;783;VER;togliere;24748;94120
peste;853;3,821351105;524;NOM;peste;695;74689
riabilitazione;853;3,821351105;561;NOM;riabilitazione;861;404683
entusiasmo;853;3,821351105;741;NOM;entusiasmo;866;253152
tosta;852;3,820842266;736;ADJ;tosto;1500;90131
piangi;852;3,820842266;644;VER;piangere;14088;409112
sfuggito;852;3,820842266;752;VER;sfuggire;3906;202552
gangster;852;3,820842266;481;NOM;gangster;852;308280
fecero;852;3,820842266;656;VER;fare;1151883;433488
schianto;852;3,820842266;676;NOM;schianto;857;215908
Kirk;0;3,820842266;165;NOM;<unknown>;4511888;216686
ammazza;852;3,820842266;569;VER;ammazzare;10911;169597
ragaeeo;0;3,820842266;250;NOM;<unknown>;4511888;482193
scomparse;852;3,820842266;594;ADJ;scomparso;1556;468886
classica;852;3,820842266;667;ADJ;classico;2172;426392
rituale;852;3,820842266;557;NOM;rituale;758;218537
illusione;852;3,820842266;624;NOM;illusione;1262;191922
Moore;0;3,820842266;263;NOM;<unknown>;4511888;335293
filosofia;851;3,820332829;639;NOM;filosofia;885;213006
pirata;851;3,820332829;435;NOM;pirata;1220;145259
Allen;0;3,820332829;319;NOM;<unknown>;4511888;150208
esaminato;851;3,820332829;766;VER;esaminare;3409;329156
nati;851;3,820332829;701;VER;nascere;10737;476107
verificare;851;3,820332829;752;VER;verificare;2591;477432
creazione;850;3,819822794;615;NOM;creazione;963;80643
pollice;850;3,819822794;570;NOM;pollice;1460;461251
analizzare;850;3,819822794;727;VER;analizzare;2613;486858
dolori;849;3,81931216;645;NOM;dolore;9989;274987
avvicinati;849;3,81931216;736;VER;avvicinarsi;10755;202030
aspettarmi;849;3,81931216;793;VER;aspettare;116636;137164
ssa;0;3,81931216;213;NOM;<unknown>;4511888;449517
dritti;848;3,818800925;735;ADJ;dritto;4407;3197
massacro;848;3,818800925;616;NOM;massacro;916;338315
prenderle;848;3,818800925;751;VER;prendere;214434;375498
Campbell;0;3,818800925;261;NPR;Campbell;848;420044
benone;848;3,818800925;696;ADV;benone;4511888;184788
farmaco;848;3,818800925;432;NOM;farmaco;2415;338398
uccidilo;848;3,818800925;483;VER;uccidere;89873;79339
riuscissi;848;3,818800925;788;VER;riuscire;84728;58099
erede;847;3,818289087;519;NOM;erede;979;112397
vedranno;847;3,818289087;759;VER;vedere;328947;411939
ragno;847;3,818289087;459;NOM;ragno;1277;285482
scomparsi;847;3,818289087;675;VER;scomparire;7774;229439
Ralph;0;3,818289087;292;NOM;<unknown>;4511888;456268
Caleb;0;3,818289087;131;NOM;<unknown>;4511888;302025
Pat;0;3,818289087;278;NPR;Pat;847;318189
fottutamente;846;3,817776645;528;ADV;fottutamente;1069550;125245
ciccione;846;3,817776645;554;NOM;ciccione;1176;149055
carine;846;3,817776645;737;ADJ;carino;19217;292167
andarvene;846;3,817776645;737;VER;andarsene;641883;205177
versato;846;3,817776645;737;VER;versare;2532;406689
penserai;846;3,817776645;782;VER;pensare;271765;60630
cemento;845;3,817263597;540;NOM;cemento;854;335126
ritrovare;845;3,817263597;732;VER;ritrovare;6966;50257
affrontato;845;3,817263597;751;VER;affrontare;9039;329609
dimenticarti;845;3,817263597;763;VER;dimenticare;28054;285139
disgrazia;844;3,816749943;639;NOM;disgrazia;1056;311041
firmi;844;3,816749943;699;VER;firmare;8960;406160
falli;844;3,816749943;702;NOM;fallo;6796;93872
crederà;844;3,816749943;766;VER;credere;185652;385229
curiosa;843;3,816235681;735;ADJ;curioso;2376;436925
timido;843;3,816235681;672;ADJ;timido;1238;13268
turni;842;3,815720809;701;NOM;turno;5747;263487
curvatura;842;3,815720809;209;NOM;curvatura;850;57181
Donovan;0;3,815720809;245;NOM;<unknown>;4511888;387688
cattura;842;3,815720809;684;NOM;cattura;660;426090
vigilata;842;3,815720809;508;ADJ;vigilato;698;469983
sappi;842;3,815720809;772;VER;sapere;499632;444916
tirate;841;3,815205326;634;VER;tirare;24696;362543
moderna;841;3,815205326;663;ADJ;moderno;1917;259378
precisione;841;3,815205326;733;NOM;precisione;842;329833
inferiore;841;3,815205326;723;ADJ;inferiore;1157;162709
volgare;841;3,815205326;670;ADJ;volgare;893;314028
Randall;0;3,815205326;201;NPR;Randall;4511888;63413
mancia;841;3,815205326;612;NOM;mancia;1330;80878
estranei;841;3,815205326;702;NOM;estraneo;1068;183279
frode;840;3,81468923;545;NOM;frode;944;493829
riscatto;840;3,81468923;419;NOM;riscatto;855;97542
look;840;3,81468923;593;NOM;look;840;297233
barbecue;840;3,81468923;540;NOM;barbecue;840;377875
usati;840;3,81468923;745;VER;usare;48691;465436
starei;840;3,81468923;777;VER;stare;648668;286526
Hunt;0;3,81468923;192;NOM;<unknown>;4511888;89441
ritardato;840;3,81468923;576;ADJ;ritardato;1835;52378
Milano;0;3,81468923;295;NPR;Milano;840;470690
more;0;3,81468923;322;ADJ;moro;1084;12990
Ohio;0;3,81417252;453;NOM;<unknown>;4511888;250378
girano;839;3,81417252;693;VER;girare;15592;329002
sapone;839;3,81417252;580;NOM;sapone;872;228160
bum;0;3,81417252;439;INT;bum;839;28030
frequentare;839;3,81417252;738;VER;frequentare;4275;405396
smette;839;3,81417252;783;VER;smettere;39551;433061
onorato;838;3,813655195;735;ADJ;onorato;2394;312582
mettimi;838;3,813655195;688;VER;mettere;124577;188935
aspettarti;837;3,813137253;776;VER;aspettare;116636;103439
invitare;837;3,813137253;737;VER;invitare;8833;337948
impegnati;837;3,813137253;749;VER;impegnare;6234;123165
scusare;837;3,813137253;772;VER;scusare;63193;74080
sviluppato;837;3,813137253;717;VER;sviluppare;2443;480352
ridurre;837;3,813137253;714;VER;ridurre;4580;440936
Hope;0;3,813137253;213;NOM;<unknown>;4511888;451712
semestre;837;3,813137253;574;NOM;semestre;869;326355
aggiunto;836;3,812618692;716;VER;aggiungere;4865;146978
cresciuti;836;3,812618692;726;VER;crescere;14066;502055
Bond;0;3,812618692;314;NPR;Bond;836;253236
venir;0;3,812618692;742;VER;venire;229884;292183
dimenticate;836;3,812618692;719;VER;dimenticare;28054;181343
capiscono;836;3,812618692;746;VER;capire;130245;362636
inevitabile;836;3,812618692;731;ADJ;inevitabile;911;91099
Houston;0;3,81157971;305;NPR;Houston;4511888;353070
incasinato;834;3,81157971;728;VER;incasinare;1898;134962
preoccupazioni;834;3,81157971;728;NOM;preoccupazione;1878;209520
dimostrazione;834;3,81157971;682;NOM;dimostrazione;939;209278
esimo;834;3,81157971;565;ADJ;esimo;1927;323999
intimo;834;3,81157971;684;ADJ;intimo;2259;106148
overdose;834;3,81157971;516;NOM;overdose;834;25769
poesie;834;3,81157971;477;NOM;poesia;2663;109739
spiritoso;834;3,81157971;680;NOM;spiritoso;537;177394
uccellino;833;3,811059285;548;NOM;uccellino;909;408582
dossier;833;3,811059285;461;NOM;dossier;833;58652
perdonato;833;3,811059285;694;VER;perdonare;11218;480552
Clyde;0;3,811059285;225;NPR;Clyde;4511888;274278
comportarsi;833;3,811059285;777;VER;comportarsi;11387;132986
Stevens;0;3,811059285;227;NPR;Stevens;833;252547
categoria;833;3,811059285;617;NOM;categoria;1001;324554
butto;833;3,811059285;718;VER;buttare;15440;294128
testo;833;3,811059285;608;NOM;testo;832;27891
Keller;0;3,811059285;192;NOM;<unknown>;4511888;263423
trovarli;832;3,810538236;739;VER;trovare;165912;396551
Sloan;0;3,810538236;175;NOM;<unknown>;4511888;340559
raffreddore;832;3,810538236;588;NOM;raffreddore;866;282723
Valeria;0;3,810538236;51;NPR;Valeria;4511888;113872
biscotto;832;3,810538236;594;NOM;biscotto;2991;457168
budget;831;3,810016561;553;NOM;budget;831;389705
ascoltarmi;831;3,810016561;757;VER;ascoltare;55142;148606
toc;0;3,810016561;324;NOM;<unknown>;4511888;497366
fedeltà;831;3,810016561;623;NOM;fedeltà;831;214257
suggerisce;830;3,809494258;736;VER;suggerire;5088;160168
incontrarti;830;3,809494258;736;VER;incontrare;27005;385009
catene;829;3,808971327;588;NOM;catena;2672;413766
interrogato;829;3,808971327;700;ADJ;interrogato;3629;305280
pompa;829;3,808971327;583;NOM;pompa;1324;332934
ingiusto;829;3,808971327;694;ADJ;ingiusto;1118;38827
giudici;829;3,808971327;534;NOM;giudice;7422;143096
comportati;829;3,808971327;725;VER;comportarsi;11387;457213
adolescenti;828;3,808447765;664;NOM;adolescente;1186;88600
Thompson;0;3,808447765;257;NPR;Thompson;4511888;272666
costano;828;3,808447765;712;VER;costare;5139;14633
Austin;0;3,808447765;261;NOM;<unknown>;4511888;337717
rossetto;828;3,808447765;583;NOM;rossetto;962;252994
darebbe;828;3,808447765;777;VER;dare;158901;276837
spiegarmi;828;3,808447765;772;VER;spiegare;19836;322437
Sheppard;0;3,808447765;91;NPR;Sheppard;4511888;81854
prenderne;828;3,808447765;756;VER;prendere;214434;327920
funghi;828;3,808447765;502;NOM;fungo;1176;276987
posa;827;3,807923571;669;NOM;posa;587;489615
efficace;827;3,807923571;709;ADJ;efficace;1011;363416
alternative;0;3,807923571;717;ADJ;alternativo;1213;333482
ossessionato;827;3,807923571;686;VER;ossessionare;1573;28342
Jasper;0;3,807398744;123;ABR;<unknown>;40791;72201
crescita;826;3,807398744;639;NOM;crescita;833;135690
penseranno;826;3,807398744;742;VER;pensare;271765;239653
dovuti;826;3,807398744;768;VER;dovere;548096;290625
sposta;826;3,807398744;722;VER;spostare;8734;228679
Simone;0;3,807398744;147;NPR;Simone;826;264836
meritava;826;3,807398744;716;VER;meritare;9022;360090
costole;825;3,806873282;682;NOM;costola;1128;181273
reggiseno;825;3,806873282;592;NOM;reggiseno;952;403092
combattendo;825;3,806873282;673;VER;combattere;13833;265884
Stu;0;3,806873282;159;NOM;<unknown>;4511888;314866
verrebbe;824;3,806347183;735;VER;venire;229884;204039
29;0;3,806347183;628;NUM;@card@;412838;429939
et;0;3,806347183;337;NOM;<unknown>;4511888;279681
this;0;3,806347183;301;NOM;<unknown>;4511888;309919
pop;824;3,806347183;412;ADJ;pop;824;45736
seguita;824;3,806347183;693;VER;seguire;25854;42190
arrivarci;824;3,806347183;752;VER;arrivare;85743;283095
campana;824;3,806347183;493;NOM;campana;1126;445410
torcia;824;3,806347183;590;NOM;torcia;1116;56290
Bennett;0;3,805820446;255;NOM;<unknown>;4511888;139537
composto;823;3,805820446;588;VER;comporre;1374;185113
Sidney;0;3,805820446;203;NPR;Sidney;4511888;26731
prendimi;823;3,805820446;657;VER;prendere;214434;268661
casse;823;3,805820446;576;NOM;cassa;2881;65431
dischi;823;3,805820446;524;NOM;disco;2956;128949
sembravano;823;3,805820446;739;VER;sembrare;108715;23013
ignorare;823;3,805820446;745;VER;ignorare;4370;318186
offeso;822;3,80529307;687;VER;offendere;2875;344340
spaghetti;822;3,80529307;487;NOM;spaghetto;841;229011
Sandra;0;3,80529307;236;NOM;<unknown>;4511888;47775
sparano;822;3,80529307;647;VER;sparare;28892;440737
avvenuto;822;3,80529307;731;VER;avvenire;3413;77493
digitali;822;3,80529307;641;ADJ;digitale;1259;52662
assicurarsi;822;3,80529307;764;VER;assicurarsi;13166;480993
marrone;821;3,804765052;601;NOM;marrone;1174;329759
Shepherd;0;3,804765052;192;NOM;<unknown>;4511888;308032
tac;0;3,804765052;409;NOM;<unknown>;4511888;257604
limousine;821;3,804765052;505;NOM;limousine;821;228937
karma;821;3,804765052;360;NOM;karma;4511888;380860
pubblicato;821;3,804765052;612;VER;pubblicare;2513;75746
trasferiti;820;3,804236391;702;VER;trasferire;9613;478491
alleanza;820;3,804236391;423;NOM;alleanza;897;503072
ripulire;820;3,804236391;720;VER;ripulire;2590;226083
99;0;3,804236391;576;NUM;@card@;412838;501082
ricercato;820;3,804236391;603;VER;ricercare;1061;285802
incantevole;820;3,804236391;653;ADJ;incantevole;896;461677
Lori;0;3,804236391;139;NOM;lori;778;299690
esistere;820;3,804236391;678;VER;esistere;15344;261059
scappi;820;3,804236391;719;VER;scappare;21788;77810
Sonny;0;3,804236391;143;NOM;<unknown>;4511888;378358
now;0;3,804236391;301;NOM;<unknown>;4511888;69629
'80;0;3,803707087;630;NOM;<unknown>;4511888;10521
Kansas;0;3,803707087;380;NPR;Kansas;4511888;312228
accettarlo;819;3,803707087;765;VER;accettare;15455;25586
blog;818;3,803177136;410;NOM;blog;4511888;320550
ammiro;818;3,803177136;727;VER;ammirare;2611;10594
cercarti;818;3,803177136;764;VER;cercare;103013;29844
mandano;818;3,803177136;731;VER;mandare;36513;340186
sanguinando;817;3,802646538;687;VER;sanguinare;2355;151850
approvazione;817;3,802646538;687;NOM;approvazione;823;213558
verbale;817;3,802646538;582;NOM;verbale;707;37694
finestrino;817;3,802646538;612;NOM;finestrino;1085;271680
stradale;817;3,802646538;630;ADJ;stradale;1041;312130
sbarre;817;3,802646538;666;NOM;sbarra;1142;205383
mandarmi;817;3,802646538;755;VER;mandare;36513;6741
Norman;0;3,802646538;229;NPR;Norman;817;265331
Corea;0;3,802646538;401;NOM;corea;763;8921
gennaio;817;3,802646538;591;NOM;gennaio;817;73182
attivato;817;3,802646538;586;VER;attivare;2932;131051
teso;816;3,802115291;713;ADJ;teso;2899;391958
vogliano;816;3,802115291;751;VER;volere;609883;297281
Renee;0;3,802115291;176;NPR;Renee;4511888;246378
Bush;0;3,802115291;286;NPR;Bush;816;93073
Stephanie;0;3,802115291;230;NPR;Stephanie;816;225942
tornò;816;3,802115291;644;VER;tornare;92785;347833
grandiosa;816;3,802115291;715;ADJ;grandioso;6098;350929
spot;815;3,801583393;367;NOM;spot;815;339970
prostitute;815;3,801583393;563;NOM;prostituta;2421;415749
Reese;0;3,801583393;150;NOM;<unknown>;4511888;16940
salita;815;3,801583393;709;NOM;salita;10328;437878
Delta;815;3,801583393;369;NOM;delta;807;264871
Olive;814;3,801050843;297;NOM;oliva;916;502787
scorre;814;3,801050843;678;VER;scorrere;1805;368906
veste;814;3,801050843;671;NOM;veste;721;329530
Cercatore;814;3,801050843;93;NOM;cercatore;886;281942
dipingere;814;3,801050843;512;VER;dipingere;2837;295000
Marines;0;3,801050843;310;NOM;marines;815;407144
possiate;814;3,801050843;744;VER;potere;676977;485031
contessa;814;3,801050843;210;NOM;contessa;818;297412
lotteria;814;3,801050843;497;NOM;lotteria;844;254169
generazioni;814;3,801050843;645;NOM;generazione;2057;235237
tasso;813;3,800517639;596;NOM;tasso;984;169003
eliminato;813;3,800517639;673;VER;eliminare;4507;226913
sollevato;813;3,800517639;724;VER;sollevare;3593;326550
roulotte;0;3,800517639;415;NOM;roulotte;813;18074
poeta;813;3,800517639;499;NOM;poeta;1031;128429
preghiamo;812;3,79998378;627;VER;pregare;40025;105993
Shelly;0;3,79998378;169;NOM;<unknown>;4511888;244804
giusti;812;3,79998378;702;ADJ;giusto;69649;260224
procede;812;3,79998378;723;VER;procedere;5237;474809
Stevie;0;3,79998378;231;NOM;<unknown>;4511888;227790
usava;812;3,79998378;704;VER;usare;48691;514004
trovò;811;3,799449264;653;VER;trovare;165912;443396
sosta;811;3,799449264;676;NOM;sosta;835;201500
esista;811;3,799449264;726;VER;esistere;15344;275748
scoprirò;811;3,799449264;752;VER;scoprire;35725;306752
sennò;811;3,799449264;588;ADV;sennò;811;130634
mantenuto;811;3,799449264;740;VER;mantenere;10347;168551
appeso;811;3,799449264;705;VER;appendere;2378;80557
etichetta;811;3,799449264;593;NOM;etichetta;1026;177355
voluti;811;3,799449264;764;VER;volere;609883;96466
Superman;0;3,799449264;300;NPR;Superman;4511888;282095
indiana;810;3,798914089;542;ADJ;indiano;2137;278543
saper;0;3,798914089;727;VER;sapere;499632;191005
danneggiato;810;3,798914089;693;VER;danneggiare;2106;455201
comunicato;810;3,798914089;659;NOM;comunicato;3325;380241
Kenneth;0;3,798914089;208;NPR;Kenneth;810;441442
smoking;810;3,798914089;537;NOM;smoking;810;72069
dozzine;810;3,798914089;689;NOM;dozzina;2327;253834
insetto;810;3,798914089;444;NOM;insetto;2197;342167
baciami;810;3,798914089;591;VER;baciare;9011;260794
omicida;810;3,798914089;628;NOM;omicida;847;434905
bellissime;809;3,798378253;708;ADJ;bellissimo;206355;308781
volti;809;3,798378253;656;NOM;volto;2898;261680
conduce;809;3,798378253;684;VER;condurre;5994;428103
Simpson;0;3,798378253;268;NPR;Simpson;809;371548
ndt;0;3,798378253;346;NOM;<unknown>;4511888;249955
Cristina;0;3,798378253;161;NPR;Cristina;4511888;243083
comunista;809;3,798378253;358;ADJ;comunista;983;396491
grigio;809;3,798378253;607;ADJ;grigio;1488;278227
consideri;809;3,798378253;760;VER;considerare;11570;98015
costretti;809;3,798378253;730;VER;costringere;7573;295137
Pan;0;3,798378253;302;NPR;Pan;809;318205
garantire;808;3,797841756;714;VER;garantire;3902;491871
precisa;808;3,797841756;730;ADJ;preciso;4357;251774
miglio;808;3,797841756;627;NOM;miglio;3638;397698
depresso;808;3,797841756;636;ADJ;depresso;1480;374441
capiti;0;3,797841756;738;VER;capire;130245;382400
respiri;807;3,797304595;594;NOM;respiro;3463;438061
continuerò;807;3,797304595;734;VER;continuare;33215;294452
tecnici;807;3,797304595;657;NOM;tecnico;860;154190
perderemo;807;3,797304595;709;VER;perdere;68537;324451
ripeti;807;3,797304595;682;VER;ripetere;8679;224906
concentrato;807;3,797304595;705;ADJ;concentrato;6306;33693
liscio;807;3,797304595;697;ADJ;liscio;1266;97705
salone;807;3,797304595;553;NOM;salone;875;216272
spirituale;807;3,797304595;592;ADJ;spirituale;954;2290
Francesca;0;3,797304595;131;NPR;Francesca;1069550;465404
vene;806;3,796766769;678;NOM;vena;1692;447570
compare;806;3,796766769;630;NOM;compare;891;154997
Potter;0;3,796766769;202;NPR;Potter;4511888;511620
accomodatevi;806;3,796766769;630;VER;accomodarsi;4169;67522
distante;806;3,796766769;694;ADJ;distante;1030;456661
pro;806;3,796766769;551;NOM;pro;431;223214
api;805;3,796228276;353;NOM;ape;1248;220416
ctu;0;3,796228276;90;NOM;<unknown>;4511888;51285
fuma;805;3,796228276;651;VER;fumare;6023;90202
partendo;805;3,796228276;700;VER;partire;15356;466570
soddisfazione;805;3,796228276;693;NOM;soddisfazione;885;301244
kg;805;3,796228276;554;ABR;kg;805;413645
intrappolato;804;3,795689115;664;VER;intrappolare;2227;114944
partecipato;804;3,795689115;716;VER;partecipare;4195;174366
terremo;804;3,795689115;730;VER;tenere;79315;69747
preavviso;804;3,795689115;725;NOM;preavviso;808;343216
+;0;3,795689115;215;SYM;+;804;20168
coltelli;804;3,795689115;568;NOM;coltello;5516;127443
ometto;0;3,795689115;568;NOM;ometto;850;361200
Lynn;0;3,795149283;200;NOM;<unknown>;4511888;501420
economica;803;3,795149283;569;ADJ;economico;2330;427707
incontreremo;803;3,795149283;714;VER;incontrare;27005;79358
Franco;0;3,79460878;354;NOM;franco;1339;135189
guardala;802;3,79460878;684;VER;guardare;111656;34074
attaccati;802;3,79460878;693;VER;attaccare;10651;12830
estraneo;802;3,79460878;672;ADJ;estraneo;913;116266
macchie;802;3,79460878;635;NOM;macchia;2274;511798
individuo;802;3,79460878;637;NOM;individuo;1328;303210
get;0;3,79460878;267;NOM;<unknown>;4511888;9591
avvertire;802;3,79460878;741;VER;avvertire;6677;143754
stupidaggini;802;3,79460878;708;NOM;stupidaggine;1350;45196
Giuseppe;0;3,79460878;276;NPR;Giuseppe;802;377759
intendeva;802;3,79460878;707;VER;intendere;26571;101806
spiegarti;802;3,79460878;737;VER;spiegare;19836;407518
addestrato;802;3,79460878;632;VER;addestrare;2133;170736
banana;802;3,79460878;525;NOM;banana;1215;162549
Calvin;0;3,794067603;195;NPR;Calvin;4511888;176166
mostrami;801;3,794067603;671;VER;mostrare;18023;368944
Pasquale;0;3,794067603;94;ADJ;pasquale;619;281657
scendo;801;3,794067603;695;VER;scendere;8016;12689
commento;801;3,794067603;661;NOM;commento;1667;279194
legittima;801;3,794067603;622;ADJ;legittimo;1365;125634
fermarli;801;3,794067603;702;VER;fermare;30904;308452
piacesse;800;3,79352575;751;VER;piacere;116765;11787
etero;0;3,79352575;402;ADJ;<unknown>;206355;152091
differenti;800;3,79352575;653;ADJ;differente;1521;125752
assoluta;800;3,79352575;681;ADJ;assoluto;1611;367971
sconfiggere;800;3,79352575;637;VER;sconfiggere;2954;509283
sentimentale;800;3,79352575;685;ADJ;sentimentale;828;103782
nere;800;3,79352575;585;ADJ;nero;14070;86444
Glee;0;3,79352575;105;NOM;<unknown>;4511888;109025
valida;799;3,792983221;714;ADJ;valido;2076;514563
falco;799;3,792983221;281;NOM;falco;903;395089
pagati;799;3,792983221;681;VER;pagare;31598;169066
peggiorare;799;3,792983221;729;VER;peggiorare;3116;482419
voluta;799;3,792983221;748;ADJ;voluto;609883;360052
obbligo;799;3,792983221;619;NOM;obbligo;1060;252276
sbagliare;799;3,792983221;715;VER;sbagliare;19439;239606
colto;798;3,792440014;726;VER;cogliere;2488;326401
ognuna;798;3,792440014;706;PRO;ognuno;5611;116231
Homer;0;3,792440014;126;NOM;<unknown>;4511888;107965
interessati;798;3,792440014;709;VER;interessare;18575;431576
pesa;797;3,791896126;663;VER;pesare;417;403996
toglimi;797;3,791896126;670;VER;togliere;24748;170812
costruendo;797;3,791896126;669;VER;costruire;10753;157769
pallottole;797;3,791896126;588;NOM;pallottola;2263;438173
porterai;797;3,791896126;725;VER;portare;115105;375265
Vaughn;0;3,791896126;126;NOM;<unknown>;4511888;441596
cittadina;797;3,791896126;607;NOM;cittadino;3009;292351
precisamente;796;3,791351556;725;ADV;precisamente;796;196192
convincente;796;3,791351556;719;ADJ;convincente;921;291941
abitudini;796;3,791351556;698;NOM;abitudine;2251;196462
innocenza;796;3,791351556;593;NOM;innocenza;796;31910
yoga;796;3,791351556;462;NOM;yoga;503;1960
crack;0;3,790806302;428;NOM;crack;795;132388
sospettati;795;3,790806302;594;VER;sospettare;5415;98856
alleati;795;3,790806302;525;NOM;alleato;935;335245
Gemma;0;3,790806302;194;NPR;gemma;879;241555
Baker;0;3,790806302;280;NPR;Baker;795;270253
Ava;0;3,790806302;141;NPR;Ava;4511888;170993
Brody;0;3,790806302;141;NPR;Brody;4511888;179443
telefonare;795;3,790806302;660;VER;telefonare;4191;391673
balle;794;3,790260363;589;NOM;balla;1658;180239
progresso;794;3,790260363;618;NOM;progresso;2293;432247
cominciano;794;3,790260363;717;VER;cominciare;29999;29854
ovvero;794;3,790260363;678;CON;ovvero;794;423929
Flynn;0;3,790260363;181;NPR;Flynn;794;148477
caviglia;794;3,790260363;556;NOM;caviglia;1172;296447
disperazione;793;3,789713737;662;NOM;disperazione;793;53636
teorie;793;3,789713737;609;NOM;teoria;5076;336564
agitato;793;3,789713737;674;ADJ;agitato;3028;457176
sudore;793;3,789713737;650;NOM;sudore;828;122597
Sofia;0;3,789166422;191;NPR;Sofia;792;32554
proprietari;792;3,789166422;603;NOM;proprietario;3821;353847
Scotty;0;3,789166422;185;NPR;Scotty;4511888;375630
Isabelle;0;3,789166422;114;NPR;Isabelle;4511888;329307
conquistare;792;3,789166422;647;VER;conquistare;2251;222846
Glenn;0;3,789166422;219;NOM;<unknown>;4511888;301456
naturali;792;3,789166422;663;ADJ;naturale;4550;294035
bisogni;792;3,789166422;675;NOM;bisogno;82604;186019
discuterne;792;3,789166422;724;VER;discutere;7409;380606
Nicholas;0;3,789166422;207;NOM;<unknown>;4511888;15810
tonnellate;792;3,789166422;578;NOM;tonnellata;1076;343768
er;0;3,789166422;236;VER;<unknown>;1069550;411634
treni;791;3,788618416;503;NOM;treno;7334;141646
Foster;0;3,788618416;246;NOM;<unknown>;4511888;165498
giocano;791;3,788618416;698;VER;giocare;27555;83363
toglie;791;3,788618416;729;VER;togliere;24748;297415
Picard;0;3,788618416;144;NPR;Picard;4511888;171998
potuta;790;3,788069718;726;VER;potere;676977;404030
gallina;790;3,788069718;518;NOM;gallina;1229;173271
giubbotto;790;3,788069718;551;NOM;giubbotto;924;386526
Dawson;0;3,788069718;141;NPR;Dawson;4511888;139244
contadino;789;3,787520326;496;NOM;contadino;1140;513311
leggerlo;789;3,787520326;669;VER;leggere;24226;296005
votare;789;3,787520326;511;VER;votare;2811;469332
orsi;789;3,787520326;387;NOM;orso;2793;312664
paure;789;3,787520326;607;NOM;paura;34480;139887
mancare;789;3,787520326;733;VER;mancare;21146;310649
sapevate;789;3,787520326;698;VER;sapere;499632;89500
carri;789;3,787520326;357;NOM;carro;2652;348137
conoscervi;789;3,787520326;705;VER;conoscere;92248;191225
alzata;788;3,786970238;670;NOM;alzata;12925;138791
negoziare;788;3,786970238;577;VER;negoziare;1254;485418
faro;788;3,786970238;447;NOM;faro;1119;257325
finanziario;788;3,786970238;558;ADJ;finanziario;1986;229175
cercarmi;788;3,786970238;711;VER;cercare;103013;331082
porteranno;788;3,786970238;710;VER;portare;115105;401580
Angie;0;3,786970238;221;NOM;<unknown>;4511888;301255
starebbe;788;3,786970238;730;VER;stare;648668;371444
riservata;788;3,786970238;691;VER;riservare;2081;412157
Dorothy;0;3,786419452;210;NPR;Dorothy;4511888;123431
terminato;787;3,786419452;709;VER;terminare;2443;353350
perdonatemi;787;3,786419452;568;VER;perdonare;11218;423506
roll;0;3,786419452;383;NOM;roll;4511888;452972
rimarrò;787;3,786419452;720;VER;rimanere;46342;148927
spariti;786;3,785867967;668;VER;sparire;11399;208143
ragionare;786;3,785867967;701;VER;ragionare;1708;273175
produrre;786;3,785867967;631;VER;produrre;3411;87065
sorso;786;3,785867967;614;NOM;sorso;851;242462
vendono;786;3,785867967;677;VER;vendere;19229;170283
significare;786;3,785867967;703;VER;significare;29587;66651
terrorizzato;786;3,785867967;694;VER;terrorizzare;2342;105683
presentimento;785;3,78531578;666;NOM;presentimento;839;134156
saltata;785;3,78531578;682;VER;saltare;16668;357448
nazisti;785;3,78531578;362;NOM;nazista;736;187977
elettrico;785;3,78531578;618;ADJ;elettrico;2816;149856
ucciderai;785;3,78531578;658;VER;uccidere;89873;162686
azzurro;784;3,784762891;494;ADJ;azzurro;1058;214381
Fargo;0;3,784762891;88;NOM;<unknown>;4511888;238738
alloggio;784;3,784762891;572;NOM;alloggio;1357;72699
disciplina;783;3,784209297;589;NOM;disciplina;817;171830
morisse;783;3,784209297;673;VER;morire;96820;475970
pirati;783;3,784209297;318;NOM;pirata;1220;358234
radici;783;3,784209297;626;NOM;radice;1228;182874
unirti;0;3,784209297;717;VER;unire;8491;90203
sbagliando;783;3,784209297;705;VER;sbagliare;19439;453219
Tanya;0;3,784209297;142;NOM;<unknown>;4511888;484717
piccoletto;783;3,784209297;587;NOM;piccoletto;4511888;367531
franchi;783;3,784209297;248;NOM;franco;1339;287969
javawarrior;0;3,784209297;605;ADJ;<unknown>;206355;256236
mosso;782;3,783654996;657;VER;muovere;32025;421924
urlo;782;3,783654996;585;NOM;urlo;3089;40746
salvarmi;782;3,783654996;702;VER;salvare;26667;146552
ciambelle;782;3,783654996;477;NOM;ciambella;1296;8336
gelosia;782;3,783654996;595;NOM;gelosia;809;166373
usciva;782;3,783654996;709;VER;uscire;67981;311794
bussare;781;3,783099987;675;VER;bussare;2067;447745
spiegazioni;781;3,783099987;700;NOM;spiegazione;3146;54842
bancone;781;3,783099987;632;NOM;bancone;794;299125
dirigere;781;3,783099987;633;VER;dirigere;8815;165816
scomparire;780;3,782544268;676;VER;scomparire;7774;148513
Philip;0;3,782544268;263;NPR;Philip;780;61022
necessariamente;780;3,782544268;726;ADV;necessariamente;780;316529
intimi;780;3,782544268;653;ADJ;intimo;2259;106144
toccarlo;780;3,782544268;663;VER;toccare;21210;299429
chiedergli;780;3,782544268;718;VER;chiedere;99913;410537
rintracciato;780;3,782544268;692;VER;rintracciare;4146;252104
33;0;3,782544268;554;NUM;@card@;412838;131276
notiziario;780;3,782544268;583;NOM;notiziario;1155;454620
butti;780;3,782544268;697;VER;buttare;15440;294130
venduta;779;3,781987837;636;VER;vendere;19229;137797
litri;779;3,781987837;504;NOM;litro;1111;259673
gettare;779;3,781987837;697;VER;gettare;6651;53594
lingue;779;3,781987837;582;NOM;lingua;6636;430950
approccio;779;3,781987837;674;NOM;approccio;822;64871
Alberto;0;3,781987837;126;NPR;Alberto;779;275603
trapianto;779;3,781987837;375;NOM;trapianto;1023;418211
protegge;779;3,781987837;678;VER;proteggere;16350;77481
rilascio;779;3,781987837;593;NOM;rilascio;811;119213
Lizzie;0;3,781430692;130;NOM;<unknown>;4511888;195584
affidabile;778;3,781430692;664;ADJ;affidabile;972;241674
protagonista;778;3,781430692;553;NOM;protagonista;998;515605
Marshal;0;3,781430692;170;NOM;<unknown>;4511888;4138
Marvin;0;3,781430692;225;NPR;Marvin;4511888;224840
reagire;778;3,781430692;693;VER;reagire;3223;382060
aeryn;0;3,781430692;74;NOM;<unknown>;4511888;380896
mutandine;778;3,781430692;500;NOM;mutandina;778;148204
settimo;777;3,780872831;588;ADJ;settimo;848;53512
dipendenza;777;3,780872831;515;NOM;dipendenza;946;490279
risata;777;3,780872831;554;NOM;risata;1874;15658
credetemi;777;3,780872831;715;VER;credere;185652;116542
colpevoli;777;3,780872831;592;NOM;colpevole;2151;320578
operare;777;3,780872831;576;VER;operare;2644;283205
riferito;777;3,780872831;707;VER;riferire;5655;435794
rimosso;777;3,780872831;667;VER;rimuovere;2875;388745
finendo;776;3,780314253;707;VER;finire;80815;26626
visioni;776;3,780314253;465;NOM;visione;3194;6431
creando;776;3,780314253;673;VER;creare;13494;375374
accompagnato;776;3,780314253;704;VER;accompagnare;8114;31567
fusione;776;3,780314253;375;NOM;fusione;817;134535
latino;775;3,779754956;533;NOM;latino;504;406555
gratitudine;775;3,779754956;660;NOM;gratitudine;776;200742
barche;775;3,779754956;488;NOM;barca;7543;182585
soffrendo;775;3,779754956;657;VER;soffrire;8182;400219
fumetti;775;3,779754956;402;NOM;fumetto;1219;346234
panchina;775;3,779754956;551;NOM;panchina;827;324479
impedisce;775;3,779754956;708;VER;impedire;5663;265715
Sylvia;0;3,779194937;170;NPR;Sylvia;4511888;292608
capiamo;774;3,779194937;714;VER;capire;1044;390177
leri;0;3,779194937;598;VER;<unknown>;1069550;92477
incontrarla;774;3,779194937;697;VER;incontrare;27005;327517
nastri;774;3,779194937;468;NOM;nastro;3292;263648
Hudson;0;3,779194937;307;NOM;<unknown>;4511888;319724
mettiamoci;774;3,779194937;728;VER;mettersi;124577;157176
portatemi;773;3,778634195;627;VER;portare;115105;128783
Lake;0;3,778634195;337;NOM;<unknown>;4511888;298513
italiana;773;3,778634195;587;ADJ;italiano;3727;279477
poltrona;773;3,778634195;500;NOM;poltrona;773;62710
ossessione;772;3,778072728;633;NOM;ossessione;844;439838
balli;772;3,778072728;604;NOM;ballo;7952;115753
riporto;772;3,778072728;696;VER;riportare;742;409643
Daphne;0;3,778072728;145;NPR;Daphne;4511888;201311
pecore;772;3,778072728;439;NOM;pecora;1340;374908
rara;772;3,778072728;663;ADJ;raro;2460;402905
meritano;772;3,778072728;678;VER;meritare;9022;35294
circolazione;772;3,778072728;655;NOM;circolazione;772;422650
rompe;772;3,778072728;670;VER;rompere;15925;1789
visitatori;771;3,777510535;449;NOM;visitatore;1091;49425
Australia;0;3,777510535;421;NPR;Australia;771;475165
stranamente;771;3,777510535;702;ADV;stranamente;771;384039
vulnerabile;771;3,777510535;684;ADJ;vulnerabile;1129;236219
Roman;0;3,777510535;140;NPR;Roman;771;265673
Jin;0;3,777510535;119;NOM;<unknown>;4511888;196335
cenere;771;3,777510535;533;NOM;cenere;1478;111868
cristiano;770;3,776947612;430;ADJ;cristiano;1426;473867
spettacolare;770;3,776947612;613;ADJ;spettacolare;922;365138
American;0;3,776947612;477;NPR;American;770;74590
democrazia;770;3,776947612;457;NOM;democrazia;784;485748
antenati;770;3,776947612;492;NOM;antenato;956;3749
musical;770;3,776947612;359;NOM;musical;770;69054
Elvis;0;3,776947612;318;NOM;<unknown>;4511888;469193
infantile;770;3,776947612;623;ADJ;infantile;946;376039
esclusiva;770;3,776947612;547;NOM;esclusiva;485;286957
tredici;0;3,776947612;531;NUM;@card@;539;411118
Isaac;0;3,77638396;186;NPR;Isaac;4511888;5159
just;0;3,77638396;299;NOM;<unknown>;4511888;510005
incredibili;769;3,77638396;679;ADJ;incredibile;10975;192079
jazz;769;3,77638396;404;NOM;jazz;769;271978
annullato;769;3,77638396;635;VER;annullare;2914;25325
Nikita;0;3,775819574;71;NPR;Nikita;4511888;128115
Finch;0;3,775819574;193;NPR;Finch;4511888;55960
pianoforte;768;3,775819574;430;NOM;pianoforte;837;443294
nascondiglio;768;3,775819574;603;NOM;nascondiglio;864;241624
cuccioli;768;3,775819574;390;NOM;cucciolo;2077;107484
Georgia;0;3,775254454;317;NPR;Georgia;767;347407
Wall;0;3,775254454;364;NPR;Wall;767;480298
immondizia;767;3,775254454;577;NOM;immondizia;788;219740
Shakespeare;0;3,775254454;465;NPR;Shakespeare;4511888;170135
Nell;0;3,775254454;376;NPR;Nell;767;332448
Winston;0;3,775254454;250;NPR;Winston;767;305355
canti;767;3,775254454;566;NOM;canto;2108;157141
scossa;767;3,775254454;594;NOM;scossa;635;259321
renderti;766;3,774688598;705;VER;rendere;31903;56321
37;0;3,774688598;585;NUM;@card@;412838;365829
sedie;766;3,774688598;588;NOM;sedia;5056;433466
impazzendo;766;3,774688598;676;VER;impazzire;8060;41575
Hugo;0;3,774688598;192;NPR;Hugo;4511888;305068
freni;766;3,774688598;440;NOM;freno;1449;35528
ricordarti;765;3,774122004;705;VER;ricordare;48841;223555
sfera;765;3,774122004;346;NOM;sfera;1031;456050
innanzitutto;765;3,774122004;695;ADV;innanzitutto;765;341382
arrendo;765;3,774122004;637;VER;arrendere;5306;515992
semi;765;3,774122004;516;NOM;seme;1366;430504
volpe;765;3,774122004;388;NOM;volpe;912;356777
liscia;765;3,774122004;666;ADJ;liscio;1266;97706
frattura;764;3,77355467;497;NOM;frattura;1111;142433
tubi;764;3,77355467;505;NOM;tubo;2469;470125
Chang;0;3,77355467;214;NPR;Chang;4511888;175290
onnipotente;764;3,77355467;575;ADJ;onnipotente;752;392941
bestiame;764;3,77355467;410;NOM;bestiame;764;122353
impedito;764;3,77355467;708;VER;impedire;5663;127481
or;0;3,772986593;340;ADV;or;763;158723
esagerare;763;3,772986593;694;VER;esagerare;3881;50441
iscritto;763;3,772986593;639;ADJ;iscritto;364;326202
avvisato;763;3,772986593;686;VER;avvisare;3273;147613
Nah;0;3,772986593;487;NOM;<unknown>;4511888;379559
cagare;763;3,772986593;570;VER;cagare;2078;298675
esposizione;763;3,772986593;565;NOM;esposizione;809;283356
finirò;763;3,772986593;700;VER;finire;80815;275182
inviare;762;3,772417772;638;VER;inviare;4934;208435
Sol;762;3,772417772;336;NOM;sol;856;99145
bambole;762;3,772417772;425;NOM;bambola;2321;137645
isole;762;3,772417772;460;NOM;isola;5606;230318
finiremo;762;3,772417772;696;VER;finire;80815;363734
rimesso;762;3,772417772;692;VER;rimmettere;8013;154844
imboscata;762;3,772417772;581;NOM;imboscata;651;285679
But;0;3,771848206;258;NOM;<unknown>;4511888;482090
vendendo;761;3,771848206;646;VER;vendere;19229;163128
inseguendo;761;3,771848206;637;VER;inseguire;4226;251797
web;761;3,771848206;549;NOM;web;4511888;68091
dramma;760;3,771277891;581;NOM;dramma;993;273156
rapida;760;3,771277891;655;ADJ;rapido;1811;9994
punito;760;3,771277891;617;VER;punire;3229;321292
toccata;760;3,771277891;645;NOM;toccata;21210;247341
terremoto;760;3,771277891;411;NOM;terremoto;984;357696
basterà;760;3,771277891;704;VER;bastare;43839;77641
pubblici;760;3,771277891;618;ADJ;pubblico;6938;211024
libretto;760;3,771277891;560;NOM;libretto;821;516440
lasceranno;760;3,771277891;669;VER;lasciare;153939;310640
Pacifico;760;3,771277891;536;ADJ;pacifico;697;121516
sufficienza;760;3,771277891;669;NOM;sufficienza;761;206298
altamente;759;3,770706827;656;ADV;altamente;759;485138
instabile;759;3,770706827;642;ADJ;instabile;890;448585
useremo;759;3,770706827;690;VER;usare;48691;436567
Saul;0;3,770706827;168;NPR;Saul;759;85622
procurato;759;3,770706827;704;VER;procurare;4574;283807
Reggie;0;3,770706827;147;NOM;<unknown>;4511888;48802
evoluzione;758;3,77013501;435;NOM;evoluzione;777;399642
comprerò;758;3,77013501;682;VER;comprare;26675;251485
bruciata;758;3,77013501;622;VER;bruciare;9293;418684
dispiaciuta;758;3,77013501;650;ADJ;dispiaciuto;72103;89495
sobrio;758;3,77013501;547;ADJ;sobrio;1187;264406
calendario;757;3,76956244;490;NOM;calendario;824;148786
Senato;757;3,76956244;326;NOM;senato;757;76172
incontra;757;3,76956244;656;VER;incontrare;27005;49859
Art;0;3,76956244;320;NOM;art;758;267221
straordinari;757;3,76956244;610;ADJ;straordinario;657;303077
volerci;757;3,76956244;706;VER;volere;609883;444156
violenta;757;3,76956244;641;ADJ;violento;2663;249342
strappo;756;3,768989114;610;NOM;strappo;665;476977
combinando;756;3,768989114;688;VER;combinare;4521;71730
critica;756;3,768989114;621;NOM;critica;784;315980
scappati;756;3,768989114;623;VER;scappare;21788;481445
cm;756;3,768989114;543;ABR;centimetro;4511888;406733
suggerito;756;3,768989114;699;VER;suggerire;5088;516301
caduti;756;3,768989114;628;VER;cadere;16313;400636
tirarti;755;3,76841503;710;VER;tirare;24696;164385
parlavamo;755;3,76841503;670;VER;parlare;204981;376609
Avery;0;3,76841503;145;NOM;<unknown>;4511888;68392
oscura;755;3,76841503;550;ADJ;oscuro;2923;91966
basato;755;3,76841503;627;VER;basare;3488;202341
ferire;755;3,76841503;671;VER;ferire;8863;143031
spade;755;3,76841503;400;NOM;spada;5122;222135
donato;755;3,76841503;593;VER;donare;2775;484029
vedesse;755;3,76841503;702;VER;vedere;328947;9932
Rudy;0;3,76841503;159;NPR;Rudy;4511888;421874
sputa;754;3,767840186;656;VER;sputare;2406;461333
caveau;0;3,767840186;217;NOM;caveau;4511888;343854
rimase;754;3,767840186;615;VER;rimanere;46342;274244
acquisto;754;3,767840186;615;NOM;acquisto;1217;356936
Harrison;0;3,767840186;234;NPR;Harrison;754;485247
manco;754;3,767840186;559;ADV;manco;2336;357006
Brent;0;3,767840186;144;NPR;Brent;754;21417
stessero;754;3,767840186;696;VER;stare;648668;353997
archivi;753;3,76726458;574;NOM;archivio;1727;61958
Jonah;0;3,76726458;122;NPR;Jonah;4511888;243735
esplosivi;753;3,76726458;493;NOM;esplosivo;716;305706
monitor;753;3,76726458;573;NOM;monitor;753;461473
suggerimento;752;3,766688211;652;NOM;suggerimento;1112;283136
decise;752;3,766688211;610;VER;decidere;25516;177762
scopriamo;752;3,766688211;683;VER;scoprire;35725;425322
rabb;0;3,766688211;87;NOM;<unknown>;4511888;269678
plotone;752;3,766688211;320;NOM;plotone;790;497519
gabinetto;752;3,766688211;508;NOM;gabinetto;849;267149
tenero;752;3,766688211;633;ADJ;tenero;1374;103309
Ndt;0;3,766688211;348;NOM;<unknown>;4511888;300188
offerte;752;3,766688211;592;NOM;offerta;5819;376772
47;0;3,766688211;558;NUM;@card@;412838;266185
Darren;0;3,766688211;148;NPR;Darren;4511888;267497
Federazione;751;3,766111075;229;NOM;federazione;759;27151
braccialetto;751;3,766111075;395;NOM;braccialetto;943;452633
odiare;751;3,766111075;646;VER;odiare;16947;453436
marciapiede;751;3,766111075;589;NOM;marciapiede;918;5469
stretti;751;3,766111075;643;ADJ;stretto;2376;125882
pullman;751;3,766111075;362;NOM;pullman;751;272339
scelgo;750;3,765533171;663;VER;scegliere;22585;44556
Svizzera;0;3,765533171;388;NOM;svizzera;793;511762
negato;750;3,765533171;618;VER;negare;3963;484403
eccetera;750;3,765533171;534;ADV;eccetera;750;276568
scritte;750;3,765533171;637;VER;scrivere;35110;194197
frena;750;3,765533171;518;VER;frenare;1191;35521
force;0;3,765533171;487;NOM;<unknown>;4511888;120560
offrendo;749;3,764954498;682;VER;offrire;16263;370451
alt;0;3,764954498;456;INT;alt;749;304703
sposarci;748;3,764375052;630;VER;sposare;27477;492292
malinteso;748;3,764375052;610;ADJ;malinteso;444;344080
divertita;748;3,764375052;664;VER;divertire;16856;482351
chiuda;748;3,764375052;660;VER;chiudere;30264;21324
tacchi;748;3,764375052;621;NOM;tacco;1039;213611
appartengono;748;3,764375052;665;VER;appartenere;6474;221556
fornire;748;3,764375052;670;VER;fornire;4166;452255
fantastiche;747;3,763794832;681;ADJ;fantastico;28024;444711
portale;747;3,763794832;404;NOM;portale;1216;251489
sacchi;747;3,763794832;530;NOM;sacco;22035;487524
propongo;747;3,763794832;650;VER;proporre;3672;14239
usciremo;746;3,763213836;627;VER;uscire;67981;371477
disponibili;746;3,763213836;675;ADJ;disponibile;2796;53813
perderà;746;3,763213836;666;VER;perdere;68537;340565
fallire;746;3,763213836;657;VER;fallire;4117;9306
Erin;0;3,763213836;195;NOM;<unknown>;4511888;263822
viaggiato;746;3,763213836;652;VER;viaggiare;4816;343203
staccato;746;3,763213836;645;ADJ;staccato;3255;468148
dimensione;746;3,763213836;510;NOM;dimensione;1791;236983
Orleans;0;3,763213836;289;NOM;<unknown>;4511888;358844
limone;746;3,763213836;540;NOM;limone;924;322494
studiando;746;3,763213836;659;VER;studiare;8066;372693
ricominciamo;746;3,763213836;664;VER;ricominciare;4852;228054
cervo;746;3,763213836;378;NOM;cervo;975;102370
immediato;746;3,763213836;654;ADJ;immediato;1382;405481
ni;0;3,763213836;222;VER;<unknown>;1069550;222707
lenti;745;3,762632062;534;NOM;lente|lento;398;286739
raramente;745;3,762632062;660;ADV;raramente;745;414484
scambiato;745;3,762632062;664;VER;scambiare;3732;375584
delusa;745;3,762632062;658;ADJ;deluso;4706;145199
Milo;0;3,762632062;119;NPR;Milo;1069550;424805
Kathy;0;3,762632062;198;NOM;<unknown>;4511888;462740
americane;745;3,762632062;549;ADJ;americano;11362;510621
Sullivan;0;3,762632062;272;NOM;<unknown>;4511888;192733
toglietevi;745;3,762632062;580;VER;togliersi;24748;454883
Oz;0;3,762632062;209;NOM;<unknown>;4511888;88298
faccende;744;3,762049507;621;NOM;faccenda;5631;304163
gialla;744;3,762049507;504;ADJ;giallo;2513;221804
attentato;744;3,762049507;410;NOM;attentato;748;437115
men;0;3,762049507;598;NOM;<unknown>;4511888;395142
vigilia;744;3,762049507;433;NOM;vigilia;750;135349
negativa;744;3,762049507;605;ADJ;negativo;2758;423623
cancelli;744;3,762049507;545;NOM;cancello;2465;188375
Willy;0;3,762049507;249;NPR;Willy;744;323036
benedetto;744;3,762049507;496;VER;benedire;3194;321765
procediamo;744;3,762049507;645;VER;procedere;5237;238058
seta;743;3,76146617;556;NOM;seta;743;513107
turisti;743;3,76146617;553;NOM;turista;1149;34277
goditi;742;3,760882048;690;VER;godersi;5867;46355
convincerlo;742;3,760882048;664;VER;convincere;13208;422193
silenzioso;742;3,760882048;655;ADJ;silenzioso;1428;48468
collegati;742;3,760882048;643;VER;collegare;5052;376404
manica;742;3,760882048;604;NOM;manica;1144;439454
sospetta;742;3,760882048;631;ADJ;sospetto;1827;120747
arrosto;742;3,760882048;563;ADJ;arrosto;434;312766
legate;742;3,760882048;672;ADJ;legato;1024;116424
stima;742;3,760882048;635;NOM;stima;735;239579
eccitata;741;3,76029714;622;VER;eccitare;3596;152413
posizioni;741;3,76029714;617;NOM;posizione;9802;395111
sopportarlo;741;3,76029714;675;VER;sopportare;7437;313992
palude;741;3,76029714;322;NOM;palude;943;463315
telegramma;740;3,759711442;379;NOM;telegramma;840;14598
grandezza;740;3,759711442;627;NOM;grandezza;749;295225
rivelare;740;3,759711442;669;VER;rivelare;4521;297313
batterie;740;3,759711442;494;NOM;batteria;2174;77163
Maurice;0;3,759711442;178;NOM;<unknown>;4511888;422539
bevuta;740;3,759711442;654;NOM;bevuta;603;265883
spaventati;740;3,759711442;647;VER;spaventare;13560;83109
Polo;740;3,759711442;362;NOM;polo;845;18364
4;0;3,759711442;691;NUM;@card@;412838;40703
soprannome;739;3,759124954;580;NOM;soprannome;876;135180
mais;739;3,759124954;358;NOM;mais;739;88078
provocare;739;3,759124954;675;VER;provocare;3936;205358
accadesse;739;3,759124954;680;VER;accadere;15731;367436
legalmente;739;3,759124954;639;ADV;legalmente;739;89422
Oriente;739;3,759124954;529;NOM;oriente;741;178772
Luigi;0;3,759124954;187;NPR;luigi;735;396414
legga;739;3,759124954;626;VER;leggere;24226;400265
farmacia;739;3,759124954;502;NOM;farmacia;817;219111
dichiarazioni;739;3,759124954;592;NOM;dichiarazione;3312;97007
permanente;738;3,758537673;615;ADJ;permanente;768;78633
Lena;0;3,758537673;104;NPR;Lena;728;233028
tantissime;738;3,758537673;628;ADJ;tantissimo;206355;491592
sciocchezza;738;3,758537673;620;NOM;sciocchezza;2794;481494
recenti;738;3,758537673;658;ADJ;recente;3616;327897
mini;737;3,757949596;383;ADJ;mini;677;428052
mina;737;3,757949596;303;NOM;mina;1191;428058
differente;737;3,757949596;613;ADJ;differente;1521;125759
tosse;737;3,757949596;441;NOM;tosse;793;18506
mortali;737;3,757949596;609;ADJ;mortale;2023;352614
punteggio;737;3,757949596;528;NOM;punteggio;882;230544
concordo;737;3,757949596;655;VER;concordare;1538;288424
manutenzione;737;3,757949596;519;NOM;manutenzione;743;414381
torace;737;3,757949596;501;NOM;torace;742;159923
signorine;737;3,757949596;530;NOM;signorina;19116;141748
derubato;737;3,757949596;553;VER;derubare;1999;425658
Wyatt;0;3,757949596;141;NPR;Wyatt;737;175315
fc;0;3,757949596;11;NOM;<unknown>;4511888;215776
carrello;737;3,757949596;533;NOM;carrello;829;48614
oo;0;3,757949596;307;NOM;<unknown>;4511888;158699
accompagnare;736;3,757360722;679;VER;accompagnare;8114;501009
tequila;736;3,757360722;503;NOM;tequila;736;145186
concentrarmi;736;3,757360722;661;VER;concentrarsi;6306;334123
modelli;736;3,757360722;529;NOM;modello;3290;384640
perla;736;3,757360722;306;NOM;perla;978;249753
alzarsi;736;3,757360722;654;VER;alzarsi;12925;206500
Hammond;0;3,757360722;127;NOM;<unknown>;4511888;123645
armate;735;3,756771049;566;ADJ;armato;2869;188695
incolpare;735;3,756771049;652;VER;incolpare;2239;8224
sottotitolati;735;3,756771049;429;ADJ;sottotitolato;206355;148278
tavoli;735;3,756771049;578;NOM;tavolo;7610;313709
scoppiare;735;3,756771049;626;VER;scoppiare;2537;125122
color;0;3,756180573;594;NOM;color;734;158471
sfruttare;734;3,756180573;678;VER;sfruttare;2155;293137
Central;0;3,756180573;449;NPR;Central;734;363334
decisi;734;3,756180573;592;VER;decidere;25516;177769
Harriet;0;3,756180573;148;NOM;<unknown>;4511888;2682
insistere;734;3,756180573;652;VER;insistere;3962;174722
sinceri;734;3,756180573;670;ADJ;sincero;4261;219272
Murray;0;3,756180573;215;NOM;<unknown>;4511888;410063
regolamento;734;3,756180573;550;NOM;regolamento;859;464095
chilo;733;3,755589294;529;NOM;chilo;3359;89088
Phoebe;0;3,755589294;114;NOM;<unknown>;4511888;499512
Martini;0;3,755589294;499;NOM;martino;733;252792
baracca;733;3,755589294;498;NOM;baracca;879;182920
tirati;733;3,755589294;633;VER;tirare;24696;404382
attualmente;733;3,755589294;624;ADV;attualmente;733;186081
Saint;0;3,754997209;426;NPR;Saint;732;285453
rallentare;732;3,754997209;627;VER;rallentare;3360;13901
ritrovo;732;3,754997209;653;VER;ritrovare;6966;111701
bontà;732;3,754997209;596;NOM;bontà;732;446611
guarito;732;3,754997209;548;VER;guarire;4168;69548
barzelletta;732;3,754997209;478;NOM;barzelletta;1027;96431
dessert;0;3,754997209;554;NOM;dessert;732;333753
tenerli;732;3,754997209;668;VER;tenere;79315;972
maglione;732;3,754997209;493;NOM;maglione;860;216794
voli;732;3,754997209;566;VER;volare;8171;79602
vescovo;731;3,754404315;236;NOM;vescovo;807;146199
Jacques;0;3,754404315;166;NPR;Jacques;731;299043
Capitan;0;3,754404315;357;NPR;Capitan;4511888;81220
devil;0;3,754404315;188;NOM;<unknown>;4511888;438399
Facebook;0;3,754404315;451;NPR;Facebook;4511888;129419
North;0;3,754404315;454;NPR;North;731;47514
Ash;0;3,754404315;166;NOM;<unknown>;4511888;290991
sciopero;730;3,753810611;297;NOM;sciopero;791;110598
registrata;730;3,753810611;615;VER;registrare;6017;387405
rivisto;730;3,753810611;660;VER;rivedere;10280;480898
riuniti;730;3,753810611;652;VER;riunire;2739;9380
audizione;730;3,753810611;327;NOM;audizione;952;506793
riempito;730;3,753810611;672;VER;riempire;4936;415681
creatore;730;3,753810611;450;NOM;creatore;788;221395
cavata;729;3,753216094;662;ADJ;cavato;5782;467978
brandy;729;3,753216094;349;NOM;brandy;729;90412
fumi;729;3,753216094;613;NOM;fumo;3857;90199
fammelo;729;3,753216094;675;VER;fare;1151883;386915
fingendo;729;3,753216094;632;VER;fingere;10806;236448
condizionata;729;3,753216094;527;ADJ;condizionato;617;115387
febbraio;728;3,752620763;505;NOM;febbraio;728;69238
cagnolino;728;3,752620763;510;NOM;cagnolino;4511888;14000
menu;728;3,752620763;537;NOM;menu;728;16563
interrogare;728;3,752620763;621;VER;interrogare;3629;161210
teletrasporto;728;3,752620763;234;NOM;teletrasporto;4511888;456434
proteggermi;727;3,752024614;664;VER;proteggersi;16350;249916
News;0;3,752024614;466;NOM;<unknown>;4511888;472942
Rocky;0;3,752024614;206;NPR;Rocky;4511888;109937
51;0;3,752024614;583;NUM;@card@;412838;238707
inganno;727;3,752024614;592;NOM;inganno;912;448125
morfina;727;3,752024614;419;NOM;morfina;728;70023
venute;727;3,752024614;648;VER;venire;229884;215436
steso;727;3,752024614;615;VER;stendere;2924;104870
provano;727;3,752024614;666;VER;provare;60980;98504
maleducato;726;3,751427645;603;ADJ;maleducato;910;373634
guarigione;726;3,751427645;553;NOM;guarigione;762;517506
disposti;726;3,751427645;652;VER;disporre;4427;26259
estrema;726;3,751427645;614;ADJ;estremo;1740;405944
Monroe;0;3,751427645;276;NPR;Monroe;206355;289239
tirar;0;3,751427645;678;VER;tirare;24696;469490
avvicinarsi;726;3,751427645;674;VER;avvicinarsi;10755;6645
schemi;726;3,751427645;484;NOM;schema;2150;296959
virtù;725;3,750829855;526;NOM;virtù;725;517394
portarli;725;3,750829855;648;VER;portare;115105;185956
tecniche;725;3,750829855;568;NOM;tecnica;1849;180352
picchiata;725;3,750829855;535;NOM;picchiata;6276;354190
imparando;725;3,750829855;655;VER;imparare;17229;54159
permetterci;725;3,750829855;665;VER;permettere;24109;421785
liberarsi;725;3,750829855;641;VER;liberarsi;10975;282072
automatico;725;3,750829855;529;ADJ;automatico;1349;466905
dispiaccia;725;3,750829855;662;VER;dispiacere;72103;494570
prestare;725;3,750829855;619;VER;prestare;4345;274684
metteranno;724;3,750231241;677;VER;mettere;124577;57355
griglia;724;3,750231241;501;NOM;griglia;763;212060
destinato;724;3,750231241;637;VER;destinare;1805;155487
prosciutto;724;3,750231241;491;NOM;prosciutto;786;260479
Powell;0;3,750231241;147;NOM;<unknown>;4511888;59323
oca;724;3,750231241;496;NOM;oca;942;189642
pasticcio;724;3,750231241;596;NOM;pasticcio;1078;295675
delinquente;723;3,749631801;546;NOM;delinquente;973;275232
opinioni;723;3,749631801;612;NOM;opinione;4127;339520
lava;723;3,749631801;483;VER;lavare;5927;268125
paranoico;723;3,749631801;550;ADJ;paranoico;955;248744
sasso;723;3,749631801;472;NOM;sasso;1098;249777
incrocio;723;3,749631801;561;NOM;incrocio;805;506036
Sophia;0;3,749631801;133;NPR;Sophia;4511888;413372
iniziativa;723;3,749631801;608;NOM;iniziativa;845;94681
edizione;723;3,749631801;539;NOM;edizione;828;38888
inserire;722;3,749031532;613;VER;inserire;3405;21017
je;0;3,749031532;180;NOM;<unknown>;4511888;477991
suicida;722;3,749031532;561;ADJ;suicida;746;186162
metterai;722;3,749031532;669;VER;mettere;124577;41553
deficiente;722;3,749031532;530;ADJ;deficiente;579;53585
delusione;722;3,749031532;648;NOM;delusione;875;362614
Joshua;0;3,749031532;164;NPR;Joshua;4511888;482503
gorilla;722;3,749031532;340;NOM;gorilla;722;376797
Watson;0;3,748430432;173;NPR;Watson;721;98369
tessera;721;3,748430432;507;NOM;tessera;838;280136
politiche;721;3,748430432;540;ADJ;politico;3384;460896
protetta;721;3,748430432;624;VER;proteggere;16350;463770
glieli;721;3,748430432;635;PRO;glieli;721;493982
renderlo;720;3,747828499;670;VER;rendere;31903;248076
volato;720;3,747828499;563;VER;volare;8566;344146
piccolino;720;3,747828499;571;NOM;piccolino;4511888;224139
tana;720;3,747828499;525;NOM;tana;822;218252
spiegherebbe;720;3,747828499;605;VER;spiegare;19836;455115
nipoti;720;3,747828499;564;NOM;nipote;4852;414169
distratto;720;3,747828499;629;VER;distrarre;3008;87273
scriverò;720;3,747828499;624;VER;scrivere;35110;313066
marca;719;3,747225731;564;NOM;marca;747;281155
Napoli;0;3,747225731;211;NPR;Napoli;719;307538
volontari;719;3,747225731;554;NOM;volontario;956;54374
profitto;718;3,746622125;545;NOM;profitto;1374;450316
Marta;0;3,746622125;203;NOM;<unknown>;4511888;107536
insopportabile;718;3,746622125;623;ADJ;insopportabile;791;347237
schifosa;718;3,746622125;595;ADJ;schifoso;2716;339817
siedo;718;3,746622125;634;VER;sedere;30364;26223
Claude;0;3,746622125;145;NPR;Claude;718;230005
scrittura;718;3,746622125;547;NOM;scrittura;996;103292
vederle;718;3,746622125;652;VER;vedere;328947;244901
arrestata;718;3,746622125;564;VER;arrestare;10230;441791
razzista;717;3,746017679;445;ADJ;razzista;803;360753
piccolina;717;3,746017679;590;NOM;piccolo;4511888;224135
blocca;716;3,74541239;649;VER;bloccare;9491;339750
rischia;716;3,74541239;646;VER;rischiare;5743;175920
medicinali;716;3,74541239;538;NOM;medicinale;632;377399
Marc;0;3,74541239;143;NPR;Marc;4511888;102213
esperta;716;3,74541239;642;NOM;esperto;3313;82265
chiedervi;716;3,74541239;628;VER;chiedere;99913;464298
tartaruga;716;3,74541239;384;NOM;tartaruga;1003;499146
perderti;716;3,74541239;648;VER;perdere;68537;349906
conoscessi;716;3,74541239;662;VER;conoscere;92248;272093
eletto;716;3,74541239;491;VER;eleggere;1073;168157
vincente;715;3,744806257;539;ADJ;vincente;717;38990
rimaniamo;715;3,744806257;630;VER;rimanere;46342;211326
precisi;715;3,744806257;663;ADJ;preciso;4357;251780
trasforma;715;3,744806257;634;VER;trasformare;7282;385963
editore;715;3,744806257;454;NOM;editore;539;280516
Fort;0;3,744806257;385;NOM;<unknown>;4511888;5099
software;715;3,744806257;422;NOM;software;715;294393
dimentico;714;3,744199276;645;ADJ;dimentico;977;243738
cercherà;714;3,744199276;667;VER;cercare;103013;94008
furia;714;3,744199276;552;NOM;furia;897;75118
rifare;714;3,744199276;643;VER;rifare;4092;404853
piccante;714;3,744199276;519;ADJ;piccante;918;217989
scommetterci;714;3,744199276;647;VER;scommettere;11976;399262
colpiti;714;3,744199276;610;VER;colpire;19652;357559
sostituto;714;3,744199276;511;NOM;sostituto;1016;187071
altare;714;3,744199276;535;NOM;altare;741;181968
Detroit;0;3,744199276;338;NPR;Detroit;714;290003
liberarmi;714;3,744199276;654;VER;liberare;10975;208866
completato;713;3,743591446;599;VER;completare;2423;375298
Luca;0;3,743591446;133;NPR;Luca;4511888;327182
vogliate;713;3,743591446;655;VER;volere;609883;293917
Suprema;713;3,743591446;426;NOM;<unknown>;4511888;410425
selvaggi;713;3,743591446;500;ADJ;selvaggio;1947;22654
ristoranti;713;3,743591446;558;NOM;ristorante;5783;13216
mariti;713;3,743591446;541;NOM;marito;23919;326339
Vicki;0;3,743591446;89;NOM;<unknown>;4511888;262095
meta;713;3,743591446;508;NOM;meta;753;448721
disegnare;713;3,743591446;503;VER;disegnare;2680;176606
pepe;712;3,742982764;468;NOM;pepe;712;166669
perdonarmi;712;3,742982764;639;VER;perdonare;11218;184110
nerd;712;3,742982764;403;NOM;nerd;4511888;86445
durare;712;3,742982764;643;VER;durare;5600;207853
gemella;711;3,742373228;471;ADJ;gemello;1399;502285
sponsor;711;3,742373228;389;NOM;sponsor;711;324110
grlda;0;3,742373228;79;VER;<unknown>;1069550;361512
proposto;711;3,742373228;641;VER;proporre;3672;445506
aiutarli;711;3,742373228;619;VER;aiutare;72590;151107
Won;0;3,742373228;174;NOM;<unknown>;4511888;282705
camminando;711;3,742373228;607;VER;camminare;10027;246396
Kane;0;3,742373228;103;NPR;Kane;4511888;421049
Baxter;0;3,742373228;127;NOM;<unknown>;4511888;424382
Hassan;0;3,742373228;75;NOM;<unknown>;4511888;393684
infilato;711;3,742373228;649;VER;infilare;3840;403156
residenza;711;3,742373228;522;NOM;residenza;746;135659
ammettilo;711;3,742373228;621;VER;ammettere;10048;263406
ucciderli;710;3,741762835;589;VER;uccidere;89873;43311
minori;710;3,741762835;587;ADJ;minore;2099;349750
right;0;3,741762835;227;NOM;<unknown>;4511888;371625
ow;0;3,741762835;328;NOM;<unknown>;4511888;158718
legna;709;3,741151583;469;NOM;legna;684;80641
iniziale;709;3,741151583;625;ADJ;iniziale;843;377119
afferrato;709;3,741151583;626;VER;afferrare;2774;425248
rilassarti;709;3,741151583;647;VER;rilassarsi;9394;217634
gravemente;709;3,741151583;611;ADV;gravemente;709;363837
occidentale;709;3,741151583;515;ADJ;occidentale;934;422239
disturbato;709;3,741151583;641;ADJ;disturbato;5668;236899
scadenza;709;3,741151583;531;NOM;scadenza;805;154770
When;0;3,741151583;233;NOM;<unknown>;4511888;510384
donatore;709;3,741151583;362;NOM;donatore;1118;480496
fidarci;708;3,74053947;625;VER;fidarsi;17163;381498
ricevimento;708;3,74053947;491;NOM;ricevimento;782;51263
scommesso;708;3,74053947;571;VER;scommettere;11976;258624
attraversando;708;3,74053947;644;VER;attraversare;5578;394326
fazzoletto;708;3,74053947;518;NOM;fazzoletto;951;402540
incontrarlo;708;3,74053947;643;VER;incontrare;27005;416174
parlarvi;708;3,74053947;603;VER;parlare;204981;109526
femmine;708;3,74053947;520;NOM;femmina;2546;69105
Jun;0;3,739926492;90;NOM;<unknown>;4511888;484156
nucleo;707;3,739926492;329;NOM;nucleo;784;271421
passava;707;3,739926492;627;VER;passare;65203;494160
spiacevole;707;3,739926492;610;ADJ;spiacevole;890;118441
pulizia;707;3,739926492;578;NOM;pulizia;1844;44202
piega;707;3,739926492;633;NOM;piega;591;153790
sparargli;707;3,739926492;606;VER;sparare;28892;501969
cognato;707;3,739926492;433;NOM;cognato;1142;476147
ceneri;707;3,739926492;424;NOM;cenere;1478;111865
batti;706;3,739312648;541;VER;battere;11216;61447
educato;706;3,739312648;628;ADJ;educato;1303;210521
tenersi;706;3,739312648;638;VER;tenersi;79315;158050
righe;706;3,739312648;564;NOM;riga;1750;371632
ricorderò;705;3,738697935;638;VER;ricordare;48841;469772
futura;705;3,738697935;588;ADJ;futuro;2484;404504
caverà;705;3,738697935;634;VER;cavare;5782;204825
borsetta;705;3,738697935;502;NOM;borsetta;794;331292
rilevato;705;3,738697935;587;VER;rilevare;2380;304676
balena;705;3,738697935;306;NOM;balena;1197;138798
cd;0;3,738697935;470;NOM;<unknown>;4511888;376640
carbone;705;3,738697935;445;NOM;carbone;850;299081
ringraziarla;705;3,738697935;637;VER;ringraziare;14154;335034
pulite;705;3,738697935;606;VER;pulire;10313;437692
addetto;705;3,738697935;527;NOM;addetto;1023;282562
coppa;705;3,738697935;417;NOM;coppa;828;504011
preparazione;705;3,738697935;594;NOM;preparazione;719;308690
romani;705;3,738697935;332;NOM;romano;684;267772
divertirti;704;3,738082351;641;VER;divertirsi;16856;283420
seguiamo;704;3,738082351;637;VER;seguire;25854;157737
corrispondenza;704;3,738082351;568;NOM;corrispondenza;751;323652
inizierà;704;3,738082351;641;VER;iniziare;33775;467053
permettersi;704;3,738082351;653;VER;permettersi;24109;39046
parlavi;704;3,738082351;654;VER;parlare;204981;320912
ricchezza;704;3,738082351;506;NOM;ricchezza;980;216721
freno;704;3,738082351;513;NOM;freno;1449;35522
premuto;704;3,738082351;592;VER;premere;3007;18685
risonanza;703;3,737465893;397;NOM;risonanza;756;10500
concentrazione;703;3,737465893;582;NOM;concentrazione;756;147976
'11;0;3,737465893;387;NOM;<unknown>;4511888;225801
proteggerla;703;3,737465893;628;VER;proteggere;16350;322088
muovermi;703;3,737465893;628;VER;muovere;32025;500045
Danielle;0;3,737465893;174;NOM;<unknown>;4511888;282238
missioni;703;3,737465893;491;NOM;missione;9107;320405
cristiani;703;3,737465893;374;NOM;cristiano;632;144309
stronzetto;703;3,737465893;553;NOM;stronzo;4511888;323005
attiva;703;3,737465893;601;ADJ;attivo;1551;288465
alimentare;703;3,737465893;563;ADJ;alimentare;505;49106
violenti;702;3,736848559;598;ADJ;violento;2663;249348
apparteneva;702;3,736848559;629;VER;appartenere;6474;77832
aumenta;702;3,736848559;599;VER;aumentare;3829;444719
definizione;702;3,736848559;610;NOM;definizione;753;106903
lite;702;3,736848559;551;NOM;lite;702;98717
disegnato;702;3,736848559;572;VER;disegnare;2680;86733
veterinario;702;3,736848559;360;NOM;veterinario;528;479955
misteriosa;702;3,736848559;572;ADJ;misterioso;1979;247774
geni;702;3,736848559;520;NOM;genio;694;464123
ferie;702;3,736848559;493;NOM;ferie;706;2046
avvicini;702;3,736848559;653;VER;avvicinare;10755;157694
piattaforma;701;3,736230346;374;NOM;piattaforma;789;437254
tradire;701;3,736230346;590;VER;tradire;7183;32534
surf;701;3,736230346;323;NOM;surf;701;336214
scherzavo;701;3,736230346;615;VER;scherzare;12662;225647
reporter;701;3,736230346;413;NOM;reporter;701;306800
Best;0;3,736230346;518;NOM;<unknown>;4511888;61127
resterai;701;3,736230346;632;VER;restare;38155;182989
sparando;701;3,736230346;560;VER;sparare;28892;43472
scendete;701;3,736230346;544;VER;scendere;8016;202197
vicine;701;3,736230346;615;ADJ;vicino;24347;291042
puttanella;701;3,736230346;533;NOM;puttanella;4511888;108527
violentata;700;3,735611252;404;VER;violentare;1732;401935
osserva;700;3,735611252;625;VER;osservare;4881;492837
chiamalo;700;3,735611252;599;VER;chiamare;133592;230208
spararmi;700;3,735611252;590;VER;sparare;28892;505425
difetto;700;3,735611252;550;NOM;difetto;1347;71779
tatuaggi;700;3,735611252;487;NOM;tatuaggio;2195;250000
vomitato;700;3,735611252;590;VER;vomitare;3125;141216
spiegherò;700;3,735611252;620;VER;spiegare;19836;327091
reni;700;3,735611252;428;NOM;rene;700;304125
Em;0;3,734991274;284;NOM;<unknown>;4511888;252681
Robinson;0;3,734991274;259;NPR;Robinson;699;90908
venivo;699;3,734991274;653;VER;venire;229884;337198
determinato;699;3,734991274;634;VER;determinare;1944;395316
attenzioni;699;3,734991274;603;NOM;attenzione;15768;402249
violato;699;3,734991274;587;VER;violare;1697;136779
evacuare;699;3,734991274;466;VER;evacuare;1296;300130
divertirci;0;3,734991274;632;VER;divertire;16856;125288
emotivo;699;3,734991274;585;ADJ;emotivo;1443;31918
end;0;3,734991274;510;NOM;<unknown>;4511888;286645
rubando;699;3,734991274;601;VER;rubare;19463;501469
assunta;699;3,734991274;494;VER;assumere;7947;209375
ragazzine;698;3,73437041;565;NOM;ragazzina;4511888;323345
riferisce;698;3,73437041;629;VER;riferire;5655;417158
Rio;698;3,73437041;301;NOM;rio;662;390320
mà;698;3,73437041;281;CON;ma;4511888;286680
adozione;698;3,73437041;427;NOM;adozione;817;126702
scambiare;698;3,73437041;619;VER;scambiare;3732;90873
Ioro;0;3,733748657;148;NOM;<unknown>;4511888;228365
nazionali;697;3,733748657;364;NOM;nazionale;379;270361
frutti;697;3,733748657;554;NOM;frutto;1650;107046
sceglie;697;3,733748657;606;VER;scegliere;22585;108327
Damian;0;3,733748657;74;NPR;Damian;4511888;25178
osare;697;3,733748657;614;VER;osare;4523;326495
cestino;697;3,733748657;524;NOM;cestino;809;367724
dimenticarlo;697;3,733748657;638;VER;dimenticare;28054;227450
Sms;697;3,733748657;519;NOM;SMS;4511888;66949
ubriacone;697;3,733748657;524;NOM;ubriacone;981;102844
passeggero;697;3,733748657;508;NOM;passeggero;1552;176845
terrorismo;697;3,733748657;445;NOM;terrorismo;697;117984
ignoto;697;3,733748657;321;ADJ;ignoto;797;48621
fragile;696;3,733126012;610;ADJ;fragile;915;279411
odiava;696;3,733126012;583;VER;odiare;16947;32392
privilegio;696;3,733126012;612;NOM;privilegio;1032;35213
cera;695;3,732502474;489;NOM;cera;712;365824
mosche;695;3,732502474;489;NOM;mosca;2579;115463
uva;695;3,732502474;479;NOM;uva;713;231478
divina;695;3,732502474;507;ADJ;divino;1478;195127
Ana;0;3,732502474;143;NPR;Ana;4511888;362361
caverna;695;3,732502474;387;NOM;caverna;1017;92034
trovavo;695;3,732502474;619;VER;trovare;165912;458370
riferisci;695;3,732502474;650;VER;riferire;5655;417155
inchiostro;695;3,732502474;481;NOM;inchiostro;695;449926
richiamare;695;3,732502474;630;VER;richiamare;5940;277960
scesa;695;3,732502474;581;VER;scendere;6406;383196
Conrad;695;3,732502474;181;NPR;Conrad;4511888;84963
vennero;694;3,731878039;548;VER;venire;229884;449553
rilassi;694;3,731878039;575;VER;rilassare;9394;186153
leoni;694;3,731878039;321;NOM;leone;2366;373559
Peggy;0;3,731878039;169;NPR;Peggy;4511888;131164
Hayes;0;3,731878039;192;NOM;<unknown>;4511888;202614
Ahh;694;3,731878039;406;INT;<unknown>;4511888;410247
conclusioni;694;3,731878039;587;NOM;conclusione;1926;210094
Valerie;0;3,731878039;138;NPR;Valerie;4511888;113876
Celeste;0;3,731878039;307;NOM;celeste;524;101884
occuperà;693;3,731252705;628;VER;occupare;25028;407816
Oxford;0;3,731252705;251;NPR;Oxford;694;508961
arabo;693;3,731252705;308;ADJ;arabo;579;296483
votato;693;3,731252705;492;VER;votare;2811;461862
facciate;693;3,731252705;630;VER;fare;1151883;263730
sottomarino;693;3,731252705;236;NOM;sottomarino;562;215884
fattore;693;3,731252705;521;NOM;fattore;1052;371587
malgrado;693;3,731252705;567;PRE;malgrado;665;467588
lampo;693;3,731252705;546;NOM;lampo;347;432572
31;0;3,731252705;547;NUM;@card@;412838;131283
cantando;692;3,730626469;507;VER;cantare;10702;447753
Gavin;0;3,730626469;156;NOM;<unknown>;4511888;391449
rovinata;692;3,730626469;595;VER;rovinare;11338;256037
tenebre;692;3,730626469;431;NOM;tenebra;740;214319
rovescia;692;3,730626469;508;VER;rovesciare;617;440888
decido;692;3,730626469;637;VER;decidere;25516;393039
rimaste;692;3,730626469;647;VER;rimanere;46342;466275
gridando;692;3,730626469;414;VER;gridare;4181;42898
mandiamo;692;3,730626469;616;VER;mandare;36513;108447
percentuale;692;3,730626469;565;NOM;percentuale;698;264622
5000;0;3,730626469;451;NUM;@card@;412838;138708
sirena;692;3,730626469;408;NOM;sirena;1179;114162
prendertela;692;3,730626469;651;VER;prendere;214434;156152
urlato;691;3,729999329;599;VER;urlare;6676;150805
contratti;691;3,729999329;531;NOM;contratto;5004;286255
Rufus;0;3,729999329;163;NPR;Rufus;4511888;456772
sostanze;691;3,729999329;524;NOM;sostanza;1796;123478
rientra;691;3,729999329;614;VER;rientrare;3810;352
toccherà;691;3,729999329;649;VER;toccare;21210;207730
nuoto;691;3,729999329;448;NOM;nuoto;708;418183
Mandy;0;3,729999329;173;NOM;<unknown>;4511888;418195
barriera;691;3,729999329;415;NOM;barriera;929;318116
letteratura;691;3,729999329;493;NOM;letteratura;702;100070
server;691;3,729999329;367;NOM;server;691;123385
Vivian;0;3,729371282;104;NOM;<unknown>;4511888;505892
mantiene;690;3,729371282;620;VER;mantenere;10347;57129
guardarla;690;3,729371282;612;VER;guardare;111656;157485
Broadway;0;3,729371282;419;NOM;<unknown>;4511888;101754
umile;690;3,729371282;574;ADJ;umile;750;170405
ringrazia;690;3,729371282;630;VER;ringraziare;14154;131756
arancia;690;3,729371282;481;NOM;arancia;977;484821
tirarlo;690;3,729371282;630;VER;tirare;24696;71647
gestisce;690;3,729371282;630;VER;gestire;6832;240610
difensore;690;3,729371282;475;NOM;difensore;509;214513
equipaggiamento;690;3,729371282;544;NOM;equipaggiamento;719;392691
organizzando;689;3,728742325;627;VER;organizzare;8274;450893
faremmo;689;3,728742325;646;VER;fare;1151883;310888
affinché;689;3,728742325;487;CON;affinché;689;201584
nucleari;689;3,728742325;379;ADJ;nucleare;2061;76175
scuro;689;3,728742325;568;ADJ;scuro;1651;465082
specialista;689;3,728742325;551;NOM;specialista;926;65762
soda;689;3,728742325;507;NOM;soda;528;335099
Cass;0;3,728112456;118;NOM;<unknown>;4511888;24836
nano;688;3,728112456;357;ADJ;nano;721;268050
water;0;3,728112456;433;NOM;water;688;449051
furba;688;3,728112456;587;ADJ;furbo;2568;194634
preparate;688;3,728112456;607;VER;preparare;21904;219508
crociera;688;3,728112456;391;NOM;crociera;749;237453
frammenti;688;3,728112456;428;NOM;frammento;1168;421022
ascia;688;3,728112456;426;NOM;ascia;742;397225
ostacolo;688;3,728112456;599;NOM;ostacolo;1205;307627
Arizona;0;3,727481673;392;NPR;Arizona;4511888;201492
Hills;0;3,727481673;415;NOM;<unknown>;4511888;319010
gamma;687;3,727481673;354;NOM;gamma;413;455720
Sal;0;3,727481673;198;NOM;<unknown>;4511888;51498
privo;687;3,727481673;601;ADJ;privo;1276;243291
attende;687;3,727481673;581;VER;attendere;3608;172705
zucca;687;3,727481673;436;NOM;zucca;871;430547
crescono;687;3,727481673;598;VER;crescere;14066;473057
gemelle;687;3,727481673;466;ADJ;gemello;1399;216059
tenetevi;686;3,726849971;570;VER;tenere;79315;239123
picnic;686;3,726849971;446;NOM;picnic;686;449834
Manuel;0;3,726849971;146;NPR;Manuel;686;435521
tedesca;686;3,726849971;413;ADJ;tedesco;3628;196170
competere;686;3,726849971;597;VER;competere;861;269645
tranquillamente;686;3,726849971;636;ADV;tranquillamente;686;39245
perdenti;686;3,726849971;519;NOM;perdente;1594;232527
fondazione;686;3,726849971;366;NOM;fondazione;712;155277
intima;686;3,726849971;585;ADJ;intimo;2259;106150
attrazione;686;3,726849971;512;NOM;attrazione;766;431289
fermarla;686;3,726849971;614;VER;fermare;30904;308458
cedere;686;3,726849971;616;VER;cedere;2675;428532
Ellis;0;3,72621735;192;NOM;<unknown>;4511888;432420
700;0;3,72621735;492;NUM;@card@;412838;492146
Pedro;0;3,72621735;187;NPR;Pedro;4511888;213392
Damien;0;3,72621735;154;NOM;<unknown>;4511888;120477
viaggia;685;3,72621735;580;VER;viaggiare;4816;266150
puô;685;3,72621735;91;VER;potere;4511888;150969
soddisfare;685;3,72621735;615;VER;soddisfare;3267;232378
consegne;685;3,72621735;526;NOM;consegna;2707;306875
turco;685;3,72621735;242;ADJ;turco;629;190920
scherza;685;3,72621735;600;VER;scherzare;12662;348378
jj;0;3,725583806;133;NOM;<unknown>;4511888;477988
mantieni;684;3,725583806;590;VER;mantenere;10347;57133
sacrifici;684;3,725583806;562;NOM;sacrificio;2085;311916
ei;684;3,725583806;240;INT;ei;684;279664
ricognizione;684;3,725583806;493;NOM;ricognizione;715;273534
dibattito;684;3,725583806;382;NOM;dibattito;795;228999
pubbliche;684;3,725583806;556;ADJ;pubblico;6938;485558
seguono;683;3,724949336;610;VER;seguire;25854;471559
ponti;683;3,724949336;517;NOM;ponte;683;260619
arrabbiati;683;3,724949336;585;ADJ;arrabbiato;14491;393233
permetterà;683;3,724949336;625;VER;permettere;24109;416796
Barnes;0;3,724949336;209;NOM;<unknown>;4511888;427057
verremo;683;3,724949336;616;VER;venire;229884;87135
Dante;0;3,724949336;132;NPR;Dante;657;372865
dovessimo;683;3,724949336;653;VER;dovere;548096;223887
domicilio;683;3,724949336;566;NOM;domicilio;686;108969
fumato;683;3,724949336;521;VER;fumare;6023;399534
sostituire;683;3,724949336;618;VER;sostituire;3134;247743
separazione;682;3,724313938;517;NOM;separazione;714;371473
attivare;682;3,724313938;481;VER;attivare;2932;275285
deriva;682;3,724313938;586;NOM;deriva;602;113803
riposati;682;3,724313938;611;VER;riposare;6308;424101
care;682;3,724313938;455;ADJ;caro;19323;37568
kung;0;3,724313938;191;NOM;<unknown>;4511888;296930
spacco;682;3,724313938;551;VER;spaccare;3033;94435
disperatamente;681;3,723677609;628;ADV;disperatamente;681;151837
udito;681;3,723677609;532;NOM;udito;370;395124
emozionante;681;3,723677609;587;ADJ;emozionante;727;437159
pericolose;681;3,723677609;614;ADJ;pericoloso;10016;385961
Denver;0;3,723677609;290;NPR;Denver;4511888;235978
Ìhai;0;3,723677609;291;NOM;<unknown>;4511888;514507
ca;0;3,723677609;322;VER;<unknown>;1069550;406737
Edith;0;3,723677609;105;NPR;Edith;681;292057
calze;681;3,723677609;442;NOM;calza;863;107493
amarti;681;3,723677609;538;VER;amare;46084;44278
cambiati;681;3,723677609;604;VER;cambiare;39212;504824
Donny;0;3,723040346;119;NOM;<unknown>;4511888;298554
got;0;3,723040346;239;NOM;<unknown>;4511888;286795
brutale;680;3,723040346;584;ADJ;brutale;835;217171
alzate;680;3,723040346;548;VER;alzare;12925;319843
notturno;680;3,723040346;504;ADJ;notturno;1548;184681
avergli;680;3,723040346;642;VER;avere;2620540;51070
ispirato;680;3,723040346;562;VER;ispirare;1678;325784
mamme;680;3,723040346;494;NOM;mamma;60023;448413
sospensione;680;3,723040346;495;NOM;sospensione;855;285856
succederebbe;679;3,722402147;618;VER;succedere;125771;462596
nude;0;3,722402147;587;ADJ;nudo;4657;395890
evitarlo;679;3,722402147;631;VER;evitare;9280;509358
facciamola;679;3,722402147;625;VER;fare;1151883;10415
cercavi;679;3,722402147;638;VER;cercare;103013;90829
rimorso;679;3,722402147;528;NOM;rimorso;696;324565
lavoretto;679;3,722402147;563;NOM;lavoretto;4511888;135139
avvicinarti;678;3,721763009;604;VER;avvicinarsi;10755;30475
ritornato;678;3,721763009;567;VER;ritornare;8097;191519
whiskey;678;3,721763009;420;NOM;whiskey;4511888;8995
ironia;678;3,721763009;598;NOM;ironia;694;272163
benessere;678;3,721763009;525;NOM;benessere;678;413991
para;678;3,721763009;128;VER;parare;1168;256818
vuoti;678;3,721763009;575;ADJ;vuoto;5065;165728
Obama;0;3,721763009;235;NPR;Obama;4511888;380786
fbl;0;3,721763009;169;NOM;<unknown>;4511888;263590
spiegarlo;678;3,721763009;623;VER;spiegare;19836;465836
cospirazione;678;3,721763009;490;NOM;cospirazione;772;27841
muovono;678;3,721763009;585;VER;muovere;32025;136943
Gabrielle;0;3,721763009;114;NPR;Gabrielle;4511888;102911
forbici;677;3,721122928;444;NOM;forbice;750;370721
Edgar;0;3,721122928;222;NPR;Edgar;677;472873
aspettative;677;3,721122928;564;NOM;aspettativa;968;179756
critico;677;3,721122928;537;ADJ;critico;1032;315976
chiederglielo;677;3,721122928;639;VER;chiedere;99913;10832
Chen;0;3,721122928;121;NOM;<unknown>;4511888;453504
Lola;0;3,721122928;137;NPR;Lola;4511888;365247
terrestre;677;3,721122928;410;ADJ;terrestre;779;331213
cambiarmi;677;3,721122928;627;VER;cambiare;39212;45775
tossico;677;3,721122928;471;ADJ;tossico;1205;499922
steroidi;677;3,721122928;314;NOM;steroide;688;325102
sballo;677;3,721122928;510;NOM;sballo;664;408057
osservando;676;3,720481903;592;VER;osservare;4881;474633
psicologia;676;3,720481903;511;NOM;psicologia;677;36881
feccia;676;3,720481903;506;NOM;feccia;685;6176
inviti;676;3,720481903;559;NOM;invito;2781;75313
abuso;676;3,720481903;551;NOM;abuso;1113;144729
65;0;3,720481903;513;NUM;@card@;412838;174749
risalire;676;3,720481903;602;VER;risalire;2248;395679
svegliare;676;3,720481903;578;VER;svegliare;14082;328127
pompino;676;3,720481903;399;NOM;pompino;1183;228306
34;0;3,720481903;537;NUM;@card@;412838;131300
approvato;676;3,720481903;546;ADJ;approvato;2534;7403
Jefferson;0;3,720481903;279;NPR;Jefferson;4511888;482805
bonus;675;3,71983993;417;NOM;bonus;675;183868
scopra;675;3,71983993;622;VER;scoprire;35725;306247
portarle;675;3,71983993;625;VER;portare;115105;185953
plancia;675;3,71983993;187;NOM;plancia;698;325244
allegro;675;3,71983993;515;ADJ;allegro;1692;2226
risorsa;675;3,71983993;503;NOM;risorsa;2585;117179
arteria;675;3,71983993;437;NOM;arteria;905;59584
Ernie;0;3,71983993;170;NOM;ernia;860;31212
atrio;675;3,71983993;539;NOM;atrio;675;182271
ratto;674;3,719197007;317;NOM;ratto;573;346944
privati;674;3,719197007;558;ADJ;privato;7208;34884
divertire;674;3,719197007;602;VER;divertire;16856;434249
intenso;674;3,719197007;598;ADJ;intenso;1433;127382
accosta;674;3,719197007;456;VER;accostare;1268;105391
Philadelphia;0;3,719197007;339;NPR;Philadelphia;4511888;231352
esplorare;674;3,719197007;572;VER;esplorare;1156;456634
defunto;674;3,719197007;541;ADJ;defunto;706;240377
musicista;673;3,718553131;462;NOM;musicista;1158;95532
bacon;673;3,718553131;402;NOM;bacon;673;177214
quarterback;673;3,718553131;325;NOM;quarterback;4511888;8521
aggredita;673;3,718553131;472;VER;aggredire;2818;229254
seguite;673;3,718553131;597;VER;seguire;25854;42187
sbrigare;673;3,718553131;613;VER;sbrigare;9927;513497
considero;673;3,718553131;622;VER;considerare;11570;98012
strizzacervelli;673;3,718553131;475;NOM;strizzacervello;4511888;363259
ribelle;672;3,717908299;465;ADJ;ribelle;752;243476
Tripp;0;3,717908299;103;NOM;<unknown>;4511888;49951
razzo;672;3,717908299;370;NOM;razzo;1048;402295
disturba;672;3,717908299;570;VER;disturbare;5668;456597
secchio;672;3,717908299;477;NOM;secchio;672;386754
fedeli;671;3,717262507;553;ADJ;fedele;2249;339732
gioventù;671;3,717262507;515;NOM;gioventù;671;323144
Capodanno;671;3,717262507;335;NOM;capodanno;630;272009
Batman;0;3,717262507;276;NOM;<unknown>;4511888;71842
divertirmi;671;3,717262507;608;VER;divertirsi;16856;364712
Ori;671;3,717262507;81;NOM;oro;8088;389554
presentata;671;3,717262507;602;VER;presentare;13800;433606
rispettabile;670;3,716615755;556;ADJ;rispettabile;820;388617
giornate;670;3,716615755;592;NOM;giornata;13647;86038
sfondo;670;3,716615755;529;NOM;sfondo;675;138311
rimedio;670;3,716615755;571;NOM;rimedio;791;419911
Mm-hmm;0;3,716615755;378;NOM;<unknown>;4511888;324207
duello;670;3,716615755;318;NOM;duello;732;304280
autografo;670;3,716615755;480;NOM;autografo;492;288689
scientifico;670;3,716615755;511;ADJ;scientifico;3370;346553
libreria;670;3,716615755;463;NOM;libreria;751;494788
Abed;0;3,716615755;76;NPR;Abed;4511888;106702
frequentato;670;3,716615755;609;VER;frequentare;4275;357589
salvati;670;3,716615755;551;VER;salvare;26667;169453
5;0;3,715968037;634;NUM;@card@;412838;40704
riguardano;669;3,715968037;609;VER;riguardare;11291;105217
corriere;669;3,715968037;399;NOM;corriere;669;324663
quarantena;669;3,715968037;300;NOM;quarantena;671;201272
Pearl;0;3,715968037;238;NOM;<unknown>;4511888;332368
marea;669;3,715968037;525;NOM;marea;771;278113
Irene;0;3,715968037;145;NPR;Irene;669;124791
scema;669;3,715968037;534;NOM;scemo;1896;10623
Worf;0;3,715968037;119;NPR;Worf;4511888;226175
segrete;669;3,715968037;526;ADJ;segreto;7952;60055
favori;669;3,715968037;583;NOM;favore;60363;420849
cosciente;668;3,715319352;582;ADJ;cosciente;744;172546
giganti;668;3,715319352;475;ADJ;gigante;1790;131885
divino;668;3,715319352;521;ADJ;divino;1478;195118
toast;668;3,715319352;462;NOM;toast;668;447048
pancake;668;3,715319352;355;NOM;pancake;668;265546
colline;668;3,715319352;472;NOM;collina;2005;216650
grotta;668;3,715319352;310;NOM;grotta;848;387671
parata;668;3,715319352;400;NOM;parata;635;382338
occupare;668;3,715319352;616;VER;occupare;25028;488076
mentali;668;3,715319352;547;ADJ;mentale;2472;27864
operativo;667;3,714669697;502;ADJ;operativo;1610;406346
insegno;667;3,714669697;588;VER;insegnare;12541;119376
pagate;667;3,714669697;571;VER;pagare;31598;458836
cocco;667;3,714669697;434;NOM;cocco;667;424045
cannoni;667;3,714669697;309;NOM;cannone;1569;318070
rilasciare;667;3,714669697;571;VER;rilasciare;3652;216700
graffio;666;3,714019068;583;NOM;graffio;957;23299
dovevate;666;3,714019068;596;VER;dovere;548096;59481
Buffy;0;3,714019068;274;NPR;Buffy;4511888;168570
narcotici;666;3,714019068;408;NOM;narcotico;554;300516
chiedermelo;665;3,713367464;631;VER;chiedere;99913;452099
Kay;0;3,713367464;154;NOM;<unknown>;4511888;298783
pallida;665;3,713367464;588;ADJ;pallido;1288;403514
Mama;0;3,713367464;214;NOM;<unknown>;4511888;393576
ingaggiato;665;3,713367464;509;VER;ingaggiare;1356;511672
estremo;665;3,713367464;569;ADJ;estremo;1740;168401
120;0;3,713367464;536;NUM;@card@;412838;475861
lavato;665;3,713367464;567;VER;lavare;5927;283884
passeremo;665;3,713367464;617;VER;passare;65203;13299
vendi;665;3,713367464;543;VER;vendere;19229;363507
romano;665;3,713367464;318;ADJ;romano;1026;267774
dormono;665;3,713367464;592;VER;dormire;30760;446718
lasciaci;664;3,71271488;587;VER;lasciare;153939;506112
correttamente;664;3,71271488;596;ADV;corretto;664;226822
salendo;664;3,71271488;578;VER;salire;10328;208168
profitti;664;3,71271488;491;NOM;profitto;1374;74803
Dominic;0;3,71271488;93;NOM;<unknown>;4511888;377140
aree;664;3,71271488;503;NOM;area;4697;441659
comico;664;3,71271488;377;ADJ;comico;600;150588
ordina;664;3,71271488;568;VER;ordinare;8894;100973
Daniels;0;3,71271488;236;NOM;<unknown>;4511888;51313
allegra;664;3,71271488;471;ADJ;allegro;1692;2219
moduli;663;3,712061314;525;NOM;modulo;1971;47674
barattolo;663;3,712061314;470;NOM;barattolo;866;144958
essenziale;663;3,712061314;580;ADJ;essenziale;889;363076
orgogliosi;663;3,712061314;571;ADJ;orgoglioso;4396;87646
sposerò;663;3,712061314;516;VER;sposare;27477;219277
sigaro;663;3,712061314;437;NOM;sigaro;1190;193720
spinge;663;3,712061314;598;VER;spingere;9365;354498
valsa;662;3,711406763;598;ADJ;valso;13943;302878
guasto;662;3,711406763;451;NOM;guasto;523;215623
Buck;0;3,711406763;133;NOM;<unknown>;4511888;227147
comprensibile;662;3,711406763;614;ADJ;comprensibile;698;496213
audio;662;3,711406763;498;NOM;audio;662;455789
continueremo;662;3,711406763;614;VER;continuare;33215;317309
agnello;662;3,711406763;429;NOM;agnello;795;94640
piacevano;662;3,711406763;591;VER;piacere;116765;242414
Laurie;0;3,710751224;140;NOM;<unknown>;4511888;502035
contabile;661;3,710751224;428;NOM;contabile;414;427822
procura;661;3,710751224;487;NOM;procura;513;75900
evacuazione;661;3,710751224;371;NOM;evacuazione;677;7566
Gil;0;3,710751224;131;NPR;Gil;661;249233
soggetti;661;3,710751224;440;NOM;soggetto;2853;5530
digitale;661;3,710751224;528;ADJ;digitale;1259;317393
Air;0;3,710094694;389;NPR;Air;660;24838
ucciderebbe;660;3,710094694;600;VER;uccidere;89873;162063
impiccato;660;3,710094694;427;VER;impiccare;2084;197140
celebrare;660;3,710094694;578;VER;celebrare;1546;442929
vivrà;660;3,710094694;586;VER;vivere;39609;363083
servivano;660;3,710094694;600;VER;servire;63151;185954
postazione;660;3,710094694;486;NOM;postazione;929;344990
Tammy;0;3,710094694;158;NOM;<unknown>;4511888;408245
descrivere;660;3,710094694;588;VER;descrivere;3386;296418
insignificante;659;3,70943717;565;ADJ;insignificante;876;203525
Shirley;0;3,70943717;241;NOM;<unknown>;4511888;294549
vapore;659;3,70943717;437;NOM;vapore;762;262556
vantaggi;659;3,70943717;602;NOM;vantaggio;3230;33439
costantemente;659;3,70943717;584;ADV;costantemente;659;434875
piombo;659;3,70943717;475;NOM;piombo;687;107245
caricare;658;3,708778649;546;VER;caricare;2613;395783
artificiale;658;3,708778649;460;ADJ;artificiale;877;72208
pagherai;658;3,708778649;577;VER;pagare;31598;492568
escluso;658;3,708778649;576;VER;escludere;2537;329784
portiera;658;3,708778649;429;NOM;portiera;708;320321
Riker;0;3,708778649;136;NOM;<unknown>;4511888;135006
resi;658;3,708778649;594;VER;rendere;31903;98159
risparmiato;658;3,708778649;607;VER;risparmiare;4979;501362
completare;658;3,708778649;591;VER;completare;2423;505475
chiacchierare;658;3,708778649;603;VER;chiacchierare;1335;94937
mutuo;657;3,708119128;450;NOM;mutuo;724;345872
Vincenzo;0;3,708119128;66;NPR;Vincenzo;657;201788
merci;0;3,708119128;423;NOM;merce;2032;181569
cancelliere;657;3,708119128;211;NOM;cancelliere;673;362568
Yuri;0;3,708119128;146;NPR;Yuri;4511888;490318
storico;657;3,708119128;524;ADJ;storico;1207;284010
espulso;657;3,708119128;440;VER;espellere;1473;123247
candidati;657;3,708119128;455;NOM;candidato;1778;85128
fritto;657;3,708119128;509;ADJ;fritto;937;113555
patetica;657;3,708119128;569;ADJ;patetico;2462;235210
integrità;656;3,707458604;535;NOM;integrità;656;4098
Jared;0;3,707458604;107;NOM;<unknown>;4511888;45573
ri;0;3,707458604;186;VER;<unknown>;1069550;484889
appartamenti;656;3,707458604;478;NOM;appartamento;9223;21565
discrezione;656;3,707458604;558;NOM;discrezione;656;291016
prendine;656;3,707458604;577;VER;prendere;214434;340205
cantiere;655;3,706797074;367;NOM;cantiere;765;127249
crollare;655;3,706797074;572;VER;crollare;2494;107850
immigrazione;655;3,706797074;377;NOM;immigrazione;673;314720
Gold;0;3,706797074;252;NPR;Gold;655;451949
utilizzare;655;3,706797074;562;VER;utilizzare;2785;94402
chiameremo;655;3,706797074;596;VER;chiamare;133592;115413
Sawyer;0;3,706797074;196;NPR;Sawyer;4511888;103138
sfigati;655;3,706797074;514;NOM;sfigato;1069550;435427
armatura;654;3,706134534;377;NOM;armatura;772;478978
meccanismo;654;3,706134534;497;NOM;meccanismo;795;267267
misero;654;3,706134534;566;ADJ;misero;124577;74530
particelle;654;3,706134534;330;NOM;particella;766;262971
respinta;654;3,706134534;446;NOM;respinta;272;237657
generosa;654;3,706134534;580;ADJ;generoso;1916;348792
ostile;654;3,706134534;525;ADJ;ostile;924;443590
perquisizione;654;3,706134534;481;NOM;perquisizione;718;165602
difetti;653;3,705470983;530;NOM;difetto;1347;71780
finocchio;653;3,705470983;391;NOM;finocchio;900;391798
zecca;653;3,705470983;531;NOM;zecca;719;501390
baia;653;3,705470983;385;NOM;baia;624;335249
tirata;653;3,705470983;576;NOM;tirata;24696;404380
Galactica;0;3,705470983;103;NPR;Galactica;4511888;119534
indossando;652;3,704806416;591;VER;indossare;11771;102418
chiudiamo;652;3,704806416;580;VER;chiudere;30264;410693
cartelle;652;3,704806416;436;NOM;cartella;1935;516435
promosso;652;3,704806416;512;VER;promuovere;1447;103771
talvolta;652;3,704806416;471;ADV;talvolta;652;367227
interruttore;652;3,704806416;448;NOM;interruttore;771;365450
Sonia;0;3,704806416;96;NPR;Sonia;4511888;307121
Cap;0;3,704806416;199;NPR;Cap;652;286137
cadendo;652;3,704806416;566;VER;cadere;16313;217542
vedessi;652;3,704806416;607;VER;vedere;328947;9939
parrucca;652;3,704806416;405;NOM;parrucca;820;475121
successiva;651;3,70414083;567;ADJ;successivo;1996;37685
Nash;0;3,70414083;113;NOM;<unknown>;4511888;75574
significava;651;3,70414083;560;VER;significare;29587;162119
Hugh;0;3,70414083;153;NPR;Hugh;651;305069
amavi;0;3,703474223;560;VER;amare;46084;476214
capitare;650;3,703474223;584;VER;capitare;5812;499156
descritto;650;3,703474223;583;VER;descrivere;3386;325355
Torres;0;3,702806591;226;NPR;Torres;649;252674
casuale;649;3,702806591;529;ADJ;casuale;938;175385
esserle;649;3,702806591;596;VER;essere;3507888;52777
rimarrai;649;3,702806591;603;VER;rimanere;46342;117121
identificazione;649;3,702806591;505;NOM;identificazione;670;507298
Phillip;0;3,702806591;182;NPR;Phillip;649;150437
mckay;0;3,702806591;107;NOM;<unknown>;4511888;330209
garantito;648;3,702137931;579;ADJ;garantito;3902;22581
Alec;0;3,702137931;116;NOM;<unknown>;4511888;114556
buffa;648;3,702137931;533;ADJ;buffo;2460;451975
boxe;648;3,702137931;289;NOM;boxe;648;83619
metterli;648;3,702137931;613;VER;mettere;124577;451013
finirla;648;3,702137931;579;VER;finire;80815;17878
bevete;648;3,702137931;500;VER;bere;31940;370431
portarvi;647;3,70146824;598;VER;portare;115105;463876
ramo;647;3,70146824;506;NOM;ramo;643;245772
fareste;647;3,70146824;591;VER;fare;1151883;369943
June;0;3,70146824;137;NPR;June;647;108602
Louie;0;3,70146824;162;NOM;<unknown>;4511888;142168
Lindsey;0;3,70146824;136;NPR;Lindsey;4511888;48758
sufficienti;647;3,70146824;576;ADJ;sufficiente;3236;25038
Glen;0;3,70146824;183;NPR;Glen;4511888;109020
nasconderti;647;3,70146824;572;VER;nascondere;21950;97777
affidato;646;3,700797515;584;VER;affidare;2691;262993
distributore;646;3,700797515;479;NOM;distributore;669;170336
facessimo;646;3,700797515;624;VER;fare;1151883;264033
Kara;0;3,700797515;144;NOM;<unknown>;4511888;325488
buttata;646;3,700797515;570;VER;buttare;15440;352369
@;0;3,700797515;523;NOM;<unknown>;4511888;270456
panna;646;3,700797515;485;NOM;panna;646;118399
creata;646;3,700797515;538;VER;creare;13494;285075
esse;646;3,700797515;516;PRO;esse;646;203935
spogliarellista;646;3,700797515;350;NOM;spogliarellista;959;412378
perda;646;3,700797515;605;VER;perdere;68537;441067
menta;646;3,700797515;534;NOM;menta;443;320763
sembravi;645;3,700125752;600;VER;sembrare;108715;297740
Cardinale;645;3,700125752;142;NOM;cardinale;699;280608
rispettato;645;3,700125752;589;VER;rispettare;6472;1576
autentico;645;3,700125752;510;ADJ;autentico;1196;150573
trasporti;645;3,700125752;458;NOM;trasporto;2113;4416
scappiamo;645;3,700125752;507;VER;scappare;21788;283714
invenzione;645;3,700125752;487;NOM;invenzione;828;450643
sposarlo;645;3,700125752;521;VER;sposare;27477;180321
Hughes;0;3,700125752;172;NPR;Hughes;645;504550
lesioni;645;3,700125752;465;NOM;lesione;1001;302842
chiederà;645;3,700125752;594;VER;chiedere;99913;38909
ripulito;644;3,699452949;583;VER;ripulire;2590;282120
Dunham;0;3,699452949;95;NPR;Dunham;4511888;313864
materiali;644;3,699452949;518;NOM;materiale;2660;493583
fatale;644;3,699452949;541;ADJ;fatale;714;309289
Totò;0;3,699452949;33;VER;<unknown>;1069550;417339
circolare;644;3,699452949;497;NOM;circolare;398;13889
vicepresidente;644;3,699452949;266;NOM;vicepresidente;660;378435
parcheggiato;644;3,699452949;565;VER;parcheggiare;2199;221316
vincerà;644;3,699452949;536;VER;vincere;25149;458641
metal;644;3,699452949;222;NOM;metal;4511888;189610
sacra;644;3,699452949;479;ADJ;sacro;2372;119994
furioso;644;3,699452949;558;ADJ;furioso;1078;187841
Freddie;0;3,699452949;140;NOM;<unknown>;4511888;241377
Chelsea;0;3,698779102;201;NPR;Chelsea;4511888;294439
Callen;0;3,698779102;74;NPR;Callen;4511888;459051
tornado;643;3,698779102;233;NOM;tornado;643;217667
piovere;643;3,698779102;487;VER;piovere;2826;223566
Open;0;3,698779102;467;NOM;open;620;78165
afferma;643;3,698779102;545;VER;affermare;1905;142240
contemporaneamente;643;3,698779102;570;ADV;contemporaneamente;643;361902
Pentagono;643;3,698779102;337;NOM;pentagono;647;245168
Fanny;0;3,698779102;140;NOM;<unknown>;4511888;435141
tienimi;642;3,698104207;564;VER;tenere;79315;108126
nonni;642;3,698104207;462;NOM;nonno;7459;125791
cagna;642;3,698104207;367;NOM;cagna;690;57451
ridotta;642;3,698104207;588;ADJ;ridotto;4580;9610
pentirai;642;3,698104207;568;VER;pentirsi;3004;471437
anatra;642;3,698104207;323;NOM;anatra;981;389536
bagaglio;642;3,698104207;464;NOM;bagaglio;2469;184998
frigorifero;642;3,698104207;512;NOM;frigorifero;551;47274
rilevante;642;3,698104207;514;ADJ;rilevante;788;223949
strip;642;3,698104207;397;NOM;strip;4511888;253693
solite;641;3,697428262;583;ADJ;solito;4674;261646
scopro;641;3,697428262;598;VER;scoprire;35725;306249
riflesso;641;3,697428262;535;NOM;riflesso;798;1371
Einstein;0;3,697428262;354;NPR;Einstein;4511888;266342
Klingon;0;3,697428262;135;NPR;Klingon;4511888;298410
tiralo;641;3,697428262;467;VER;tirare;24696;346795
rovini;641;3,697428262;598;VER;rovinare;11338;157888
primario;641;3,697428262;430;ADJ;primario;849;84937
messicani;641;3,697428262;353;NOM;messicano;574;39897
uccidiamo;641;3,697428262;513;VER;uccidere;89873;340967
lasciarli;641;3,697428262;565;VER;lasciare;153939;165368
immaginate;640;3,696751264;521;VER;immaginare;26564;401164
lenta;640;3,696751264;516;ADJ;lento;2222;286742
seppellire;640;3,696751264;558;VER;seppellire;3051;424487
cha;0;3,696751264;234;NOM;<unknown>;4511888;204593
fidato;640;3,696751264;558;VER;fidare;17163;152429
Ranger;0;3,696751264;271;NOM;ranger;628;20111
bastava;640;3,696751264;584;VER;bastare;43839;169616
assicurerò;640;3,696751264;599;VER;assicurare;13166;82325
prepararmi;640;3,696751264;599;VER;prepararsi;21904;27813
sedute;640;3,696751264;509;NOM;seduta;2249;345789
fregati;640;3,696751264;554;VER;fregare;12608;440016
arrivasse;640;3,696751264;604;VER;arrivare;85743;290007
Sanchez;0;3,696751264;193;NPR;Sanchez;640;293362
sushi;639;3,696073208;379;NOM;sushi;1069550;315410
patti;639;3,696073208;463;NOM;patto;3279;244758
doverlo;639;3,696073208;617;VER;dovere;548096;104258
píù;0;3,696073208;159;ADV;più;4511888;129890
fontana;639;3,696073208;357;NOM;fontana;736;224396
gestione;639;3,696073208;524;NOM;gestione;642;280466
uscirò;639;3,696073208;577;VER;uscire;67981;215700
peggiorando;639;3,696073208;575;VER;peggiorare;3116;239766
terrorizzata;639;3,696073208;558;VER;terrorizzare;2342;105684
sino;639;3,696073208;411;PRE;sino;639;319195
Gabe;0;3,696073208;111;NPR;Gabe;4511888;15836
allerta;639;3,696073208;482;NOM;allerta;639;280044
insisto;639;3,696073208;565;VER;insistere;3962;406262
dichiara;639;3,696073208;537;VER;dichiarare;5525;7160
veicoli;638;3,695394093;445;NOM;veicolo;2497;460120
balliamo;638;3,695394093;481;VER;ballare;8757;214105
legare;638;3,695394093;563;VER;legare;6498;68708
tolta;638;3,695394093;566;VER;togliere;24748;327016
offrirle;0;3,695394093;573;VER;offrire;16263;3708
Marge;0;3,695394093;139;NPR;Marge;4511888;418699
valvola;638;3,695394093;340;NOM;valvola;874;399258
rendendo;638;3,695394093;599;VER;rendere;31903;117150
Wes;0;3,695394093;119;NOM;<unknown>;4511888;5548
Francine;0;3,695394093;135;NOM;<unknown>;4511888;250825
adrenalina;638;3,695394093;492;NOM;adrenalina;712;5335
orologi;638;3,695394093;451;NOM;orologio;4672;63966
tenevo;638;3,695394093;575;VER;tenere;79315;199150
artificio;638;3,695394093;430;NOM;artificio;646;227835
caverai;638;3,695394093;564;VER;cavare;5782;393213
vicinanze;637;3,694713913;557;NOM;vicinanza;763;112985
Said;0;3,694713913;159;NOM;<unknown>;4511888;401771
frasi;637;3,694713913;548;NOM;frase;2755;342893
Marion;0;3,694713913;121;NPR;Marion;4511888;349295
bacino;637;3,694713913;465;NOM;bacino;674;26790
illegali;637;3,694713913;525;ADJ;illegale;2734;288942
dance;0;3,694713913;341;NOM;<unknown>;4511888;440752
fantasie;637;3,694713913;506;NOM;fantasia;2365;434668
Signoria;636;3,694032667;159;NOM;signoria;655;141078
stufato;636;3,694032667;527;NOM;stufato;744;460596
Kid;0;3,694032667;229;NOM;<unknown>;4511888;106860
stamani;636;3,694032667;509;ADV;stamani;636;475856
esposto;636;3,694032667;544;VER;esporre;2341;160992
grassi;636;3,694032667;448;ADJ;grasso;3198;506337
deprimente;635;3,69335035;541;ADJ;deprimente;702;14087
arachidi;635;3,69335035;426;NOM;arachide;675;284693
occuparti;635;3,69335035;597;VER;occupare;25028;109117
servisse;635;3,69335035;606;VER;servire;63151;291139
tirando;635;3,69335035;572;VER;tirare;24696;322387
padroni;635;3,69335035;474;NOM;padrone;5576;171145
http;635;3,69335035;385;ABR;http;4511888;266155
ch;0;3,69335035;269;NOM;<unknown>;4511888;406730
industriale;635;3,69335035;479;ADJ;industriale;810;508885
divertiremo;635;3,69335035;575;VER;divertire;16856;133355
lividi;634;3,69266696;502;NOM;livido;674;461106
pisello;634;3,69266696;420;NOM;pisello;4511888;56628
combatte;634;3,69266696;514;VER;combattere;13833;459381
noccioline;634;3,69266696;414;NOM;nocciolina;805;456856
Stewart;0;3,69266696;270;NPR;Stewart;634;189125
tabacco;634;3,69266696;371;NOM;tabacco;542;289746
Zoey;0;3,69266696;113;NPR;Zoey;4511888;24533
recinto;633;3,691982492;370;NOM;recinto;633;265227
Baltimora;0;3,691982492;264;NPR;Baltimora;4511888;32027
ricordarmi;633;3,691982492;582;VER;ricordare;48841;8232
bagnata;633;3,691982492;512;VER;bagnare;1996;311867
conigli;633;3,691982492;384;NOM;coniglio;2216;342854
Montgomery;0;3,691982492;240;NPR;Montgomery;635;494426
liberati;633;3,691982492;547;VER;liberare;10975;475262
tragico;633;3,691982492;561;ADJ;tragico;1136;296858
rapinato;633;3,691982492;439;VER;rapinare;1718;434149
basa;632;3,691296944;566;VER;basare;3488;345152
ipocrita;632;3,691296944;532;ADJ;ipocrita;497;110154
chiedertelo;632;3,691296944;599;VER;chiedere;99913;59219
unita;632;3,691296944;544;NOM;unita;8491;112231
scrisse;632;3,691296944;423;VER;scrivere;35110;275073
farfalla;632;3,691296944;357;NOM;farfalla;979;224148
uscirai;632;3,691296944;564;VER;uscire;67981;191152
cercheremo;632;3,691296944;596;VER;cercare;103013;457202
banale;631;3,690610313;541;ADJ;banale;778;474137
resteremo;631;3,690610313;556;VER;restare;38155;218424
aiutano;631;3,690610313;569;VER;aiutare;72590;498243
tradizionale;631;3,690610313;526;ADJ;tradizionale;845;293194
seppellito;631;3,690610313;520;VER;seppellire;3051;472663
mantello;631;3,690610313;396;NOM;mantello;679;27742
buttati;631;3,690610313;521;VER;buttarsi;15440;352375
capanno;631;3,690610313;332;NOM;capanno;655;427699
pressioni;631;3,690610313;543;NOM;pressione;6756;375741
spacciatori;631;3,690610313;426;NOM;spacciatore;1894;315583
chiamatemi;631;3,690610313;561;VER;chiamare;133592;33515
cominciate;631;3,690610313;557;VER;cominciare;29999;42476
beccati;630;3,689922594;543;VER;beccarsi;6929;448016
ammissione;630;3,689922594;469;NOM;ammissione;727;213811
Brett;0;3,689922594;129;NPR;Brett;4511888;414007
iyon;0;3,689922594;8;NOM;<unknown>;4511888;33595
battaglione;630;3,689922594;267;NOM;battaglione;679;302405
sistemo;630;3,689922594;565;VER;sistemare;12400;42317
doni;630;3,689922594;468;NOM;dono;3379;300938
sbagliati;630;3,689922594;580;VER;sbagliare;19439;382868
68;0;3,689922594;573;NUM;@card@;412838;17816
pagliaccio;630;3,689922594;412;NOM;pagliaccio;912;228275
beccare;630;3,689922594;561;VER;beccare;6929;74680
furti;630;3,689922594;434;NOM;furto;3264;204540
patrimonio;630;3,689922594;479;NOM;patrimonio;660;292348
uccidimi;629;3,689233784;433;VER;uccidere;89873;103074
terrificante;629;3,689233784;555;ADJ;terrificante;780;135103
ricevute;629;3,689233784;477;NOM;ricevuta;1409;444395
cambiamo;629;3,689233784;549;VER;cambiare;39212;470526
Timmy;0;3,689233784;189;NOM;<unknown>;4511888;38655
tradita;628;3,68854388;516;VER;tradire;7183;405248
Pablo;0;3,68854388;157;NPR;Pablo;4511888;409101
menzionato;628;3,68854388;557;VER;menzionare;1271;136719
Canyon;628;3,68854388;344;NOM;canyon;628;57637
cicatrici;628;3,68854388;478;NOM;cicatrice;1595;441662
indicazioni;628;3,68854388;529;NOM;indicazione;853;318077
Isabel;0;3,68854388;145;NPR;Isabel;628;154009
vaga;628;3,68854388;575;ADJ;vago;928;391668
jeep;627;3,687852878;327;NOM;jeep;627;110357
distrutti;627;3,687852878;540;VER;distruggere;16097;448543
guanto;627;3,687852878;351;NOM;guanto;1931;61850
Joanna;0;3,687852878;96;NPR;Joanna;4511888;417195
fogna;627;3,687852878;508;NOM;fogna;961;467890
falle;0;3,687852878;567;NOM;falla;1198;93874
Happy;0;3,687852878;366;NOM;<unknown>;4511888;193992
procedure;0;3,687852878;518;NOM;procedura;2509;44767
incaricato;627;3,687852878;543;VER;incaricare;777;61943
scriva;626;3,687160775;514;VER;scrivere;35110;271107
scoprirai;626;3,687160775;577;VER;scoprire;35725;501020
Rahl;0;3,687160775;34;NOM;<unknown>;4511888;429344
Celia;0;3,687160775;150;NPR;celia;716;1886
investire;626;3,687160775;517;VER;investire;3433;304744
precedenza;626;3,687160775;557;NOM;precedenza;630;255627
way;0;3,687160775;295;NOM;<unknown>;4511888;489670
Matteo;0;3,686467568;122;NOM;<unknown>;4511888;98608
conversazioni;625;3,686467568;545;NOM;conversazione;4563;9009
contenitore;625;3,686467568;447;NOM;contenitore;950;165710
meritato;625;3,686467568;582;ADJ;meritato;9022;407939
Bert;0;3,686467568;131;NOM;<unknown>;4511888;37270
esercitazione;625;3,686467568;336;NOM;esercitazione;778;260001
corna;625;3,686467568;450;NOM;corno;1245;177586
doveri;625;3,686467568;518;NOM;dovere;3866;443583
turbato;625;3,686467568;539;VER;turbare;1793;267987
stessimo;625;3,686467568;590;VER;stare;648668;321258
collegio;625;3,686467568;374;NOM;collegio;665;275452
menù;625;3,686467568;461;NOM;menù;625;16639
orchestra;624;3,685773252;363;NOM;orchestra;637;233988
aggressivo;624;3,685773252;547;ADJ;aggressivo;1247;65844
verdure;624;3,685773252;468;NOM;verdura;966;156981
fianchi;624;3,685773252;460;NOM;fianco;4681;382528
interruzione;624;3,685773252;571;NOM;interruzione;765;119108
giardiniere;624;3,685773252;322;NOM;giardiniere;634;466264
sella;624;3,685773252;464;NOM;sella;630;368221
aspetteremo;624;3,685773252;568;VER;aspettare;116636;420480
promettere;624;3,685773252;566;VER;promettere;19626;249473
rovinando;624;3,685773252;547;VER;rovinare;11338;11655
richiedere;624;3,685773252;554;VER;richiedere;7195;192905
scappate;624;3,685773252;464;VER;scappare;744;481442
suora;624;3,685773252;348;NOM;suora;1033;372130
diecimila;624;3,685773252;428;ADJ;diecimila;483;272571
comunisti;624;3,685773252;304;NOM;comunista;476;396488
reggere;624;3,685773252;567;VER;reggere;4774;144373
trascorrere;623;3,685077824;551;VER;trascorrere;2213;319748
riprenderà;623;3,685077824;567;VER;riprendere;11395;238618
Rich;0;3,685077824;179;NOM;<unknown>;4511888;53295
Woody;0;3,685077824;150;NPR;Woody;4511888;233523
Valley;0;3,685077824;402;NOM;<unknown>;4511888;247627
pugnalato;623;3,685077824;456;VER;pugnalare;1400;297814
odiavo;623;3,685077824;535;VER;odiare;16947;32387
Les;0;3,685077824;224;NPR;Les;623;20900
toccarla;623;3,685077824;522;VER;toccare;21210;299437
lavorerò;623;3,685077824;576;VER;lavorare;53195;23507
cavalleria;623;3,685077824;405;NOM;cavalleria;625;283628
fax;622;3,684381281;393;NOM;fax;622;116769
fata;622;3,684381281;250;NOM;fata;7529;401701
scritti;622;3,684381281;507;VER;scrivere;35110;194199
cominciata;622;3,684381281;563;VER;cominciare;29999;20150
aborto;622;3,684381281;368;NOM;aborto;747;388794
Eliot;0;3,684381281;135;NOM;<unknown>;4511888;312006
condiviso;622;3,684381281;550;VER;condividere;5074;344275
como;0;3,684381281;162;ADJ;<unknown>;206355;384505
clima;621;3,683683619;495;NOM;clima;676;463366
profeta;621;3,683683619;275;NOM;profeta;765;303110
biliardo;621;3,683683619;381;NOM;biliardo;636;452670
ceduto;621;3,683683619;552;VER;cedere;2675;509504
Lex;0;3,683683619;145;NPR;Lex;621;20905
irrilevante;621;3,683683619;526;ADJ;irrilevante;763;110253
Cat;0;3,683683619;140;NOM;<unknown>;4511888;286150
vetri;621;3,683683619;494;NOM;vetro;2802;160730
chiamò;621;3,683683619;486;VER;chiamare;133592;363248
43;0;3,683683619;480;NUM;@card@;412838;302584
normalità;620;3,682984835;518;NOM;normalità;620;11009
ya;0;3,682984835;168;NOM;<unknown>;4511888;38448
arriverò;620;3,682984835;569;VER;arrivare;85743;132190
Jon;0;3,682984835;152;NPR;Jon;4511888;340089
avventure;620;3,682984835;500;NOM;avventura;2224;273045
Eleanor;0;3,682984835;199;NPR;Eleanor;4511888;255397
corno;620;3,682984835;396;NOM;corno;1245;177577
bigliettoni;0;3,682984835;479;NOM;<unknown>;4511888;377258
canali;620;3,682984835;476;NOM;canale;2717;297651
compenso;620;3,682984835;521;NOM;compenso;669;179409
aiiora;0;3,682284924;104;VER;<unknown>;1069550;95007
straccio;619;3,682284924;537;NOM;straccio;773;101187
portaci;619;3,682284924;517;VER;portare;115105;505423
Sookie;0;3,682284924;69;NOM;<unknown>;4511888;308834
camino;619;3,682284924;430;NOM;camino;672;23401
Lynette;0;3,682284924;108;NOM;<unknown>;4511888;72561
fissando;619;3,682284924;536;VER;fissare;5169;80312
muoviamo;619;3,682284924;538;VER;muovere;32025;516058
aggressore;619;3,682284924;392;NOM;aggressore;761;297183
serbatoio;619;3,682284924;436;NOM;serbatoio;768;351741
assicurare;618;3,681583883;581;VER;assicurare;13166;270602
bussola;618;3,681583883;274;NOM;bussola;641;151823
balletto;618;3,681583883;356;NOM;balletto;682;170199
definire;617;3,680881709;552;VER;definire;3711;385068
ispezione;617;3,680881709;416;NOM;ispezione;726;202582
asino;617;3,680881709;404;NOM;asino;765;95070
lasciali;617;3,680881709;545;VER;lasciare;153939;13930
lasciatela;617;3,680881709;456;VER;lasciare;153939;510830
assaggiare;617;3,680881709;543;VER;assaggiare;2306;42884
rhe;0;3,680881709;10;NOM;<unknown>;4511888;151179
preservativo;617;3,680881709;394;NOM;preservativo;841;308150
midollo;617;3,680881709;372;NOM;midollo;619;22971
dorsale;616;3,680178398;487;ADJ;dorsale;571;79939
litigio;616;3,680178398;511;NOM;litigio;824;478326
colla;616;3,680178398;434;NOM;colla;536;134540
capanna;616;3,680178398;364;NOM;capanna;694;427695
grati;616;3,680178398;548;ADJ;grato;3350;374729
Wesley;0;3,680178398;125;NPR;Wesley;4511888;338431
levatevi;615;3,679473947;466;VER;levare;6256;287774
informata;615;3,679473947;556;VER;informare;5407;148791
pranzare;615;3,679473947;514;VER;pranzare;1482;95338
pasti;615;3,679473947;506;NOM;pasto;2373;144498
occupiamo;615;3,679473947;567;VER;occupare;25028;387468
country;0;3,679473947;389;NOM;<unknown>;4511888;32680
ugualmente;615;3,679473947;542;ADV;ugualmente;615;475329
capello;615;3,679473947;466;NOM;capello;12924;167634
aprilo;615;3,679473947;480;VER;aprire;33790;504540
occuperemo;614;3,67876835;550;VER;occupare;25028;477963
interrogatori;614;3,67876835;481;NOM;interrogatore|interrogatorio;448;474144
mucche;614;3,67876835;358;NOM;mucca;1769;224303
ui;0;3,67876835;55;NOM;<unknown>;4511888;293436
logico;614;3,67876835;517;ADJ;logico;1097;344682
nasce;614;3,67876835;509;VER;nascere;10737;292458
esercizi;614;3,67876835;469;NOM;esercizio;1917;262765
svegliarmi;614;3,67876835;533;VER;svegliarsi;14082;413037
Esther;0;3,67876835;121;NPR;Esther;4511888;458863
Taco;614;3,67876835;226;NOM;taco;4511888;455819
risale;614;3,67876835;561;VER;risalire;2248;206792
cartolina;614;3,67876835;448;NOM;cartolina;905;478933
Bridge;0;3,67876835;329;NOM;bridge;614;361197
tantino;614;3,67876835;535;ADV;tantino;412;390911
alzarmi;613;3,678061605;558;VER;alzarsi;12925;388118
anonima;613;3,678061605;492;ADJ;anonimo;1305;412704
moderno;613;3,678061605;507;ADJ;moderno;1917;259386
spray;613;3,678061605;423;NOM;spray;613;329315
gialli;613;3,678061605;428;ADJ;giallo;2513;299417
aprila;613;3,678061605;460;VER;aprire;33790;55710
orientale;613;3,678061605;506;ADJ;orientale;791;410052
permetto;613;3,678061605;543;VER;permettere;24109;56018
lavorarci;613;3,678061605;563;VER;lavorare;53195;260317
6;0;3,678061605;546;NUM;@card@;412838;40701
jag;0;3,677353709;111;NOM;<unknown>;4511888;67856
nascondermi;612;3,677353709;561;VER;nascondere;21950;179481
energie;612;3,677353709;541;NOM;energia;7028;220447
miliardo;612;3,677353709;414;NOM;miliardo;2709;359481
Garrett;0;3,677353709;135;NOM;<unknown>;4511888;299345
Life;0;3,677353709;328;NOM;<unknown>;4511888;319607
Summer;0;3,677353709;152;NOM;<unknown>;4511888;516826
cinture;612;3,677353709;470;NOM;cintura;2540;333563
mangerò;611;3,676644657;537;VER;mangiare;42515;142100
camminato;611;3,676644657;529;VER;camminare;10027;276264
marmellata;611;3,676644657;396;NOM;marmellata;646;293674
permettimi;611;3,676644657;558;VER;permettere;24109;214837
Evans;0;3,676644657;199;NPR;Evans;611;381247
drogata;611;3,676644657;453;VER;drogare;1921;3422
assurdità;611;3,676644657;517;NOM;assurdità;611;333731
cadono;611;3,676644657;514;VER;cadere;16313;64487
quaranta;0;3,676644657;498;NUM;quaranta;386;452585
farmelo;610;3,675934445;573;VER;fare;1151883;416284
intimità;610;3,675934445;488;NOM;intimità;610;416549
bruciando;610;3,675934445;499;VER;bruciare;9293;32039
dichiarare;610;3,675934445;511;VER;dichiarare;5525;184131
chimico;610;3,675934445;455;ADJ;chimico;1854;12900
pollici;610;3,675934445;440;NOM;pollice;1460;317415
Apollo;0;3,675934445;201;NPR;Apollo;611;202479
intelligence;0;3,675934445;384;NOM;<unknown>;4511888;450550
assicurarci;609;3,675223069;556;VER;assicurarsi;13166;346882
aspettavamo;609;3,675223069;553;VER;aspettare;116636;418596
psichiatrico;609;3,675223069;438;ADJ;psichiatrico;1066;186434
maschere;609;3,675223069;406;NOM;maschera;2893;445375
Elaine;0;3,675223069;152;NPR;Elaine;609;69352
Kappa;608;3,674510527;119;NOM;kappa;4511888;347951
lotto;608;3,674510527;381;NOM;lotto;765;203320
preoccupate;608;3,674510527;526;VER;preoccupare;43338;485438
ferrovia;608;3,674510527;258;NOM;ferrovia;835;507798
perle;608;3,674510527;363;NOM;perla;978;249751
tirarmi;608;3,674510527;562;VER;tirare;24696;395929
ciechi;608;3,674510527;459;ADJ;cieco;3548;86181
Brady;0;3,674510527;157;NPR;Brady;608;34988
dolcetto;608;3,674510527;311;NOM;dolcetto;1002;467398
voltare;607;3,673796814;509;VER;voltare;3117;498751
inventata;607;3,673796814;544;ADJ;inventato;5858;214141
odiato;607;3,673796814;541;VER;odiare;16947;80266
dateci;607;3,673796814;514;VER;dare;158901;10399
riceverà;607;3,673796814;554;VER;ricevere;25783;268723
44;0;3,673796814;437;NUM;@card@;412838;302581
Nino;0;3,673081925;89;NPR;Nino;606;389384
Brendan;0;3,673081925;70;NOM;<unknown>;4511888;206861
genetica;606;3,673081925;445;ADJ;genetico;1220;74272
Portland;0;3,673081925;258;NPR;Portland;4511888;391732
creativo;606;3,673081925;475;ADJ;creativo;1202;37181
uragano;606;3,673081925;307;NOM;uragano;719;148575
stringere;606;3,673081925;544;VER;stringere;5010;72607
noti;606;3,673081925;557;ADJ;noto;3249;49619
magro;605;3,672365859;502;ADJ;magro;1194;185640
Alfredo;0;3,672365859;71;NPR;Alfredo;605;10026
provviste;605;3,672365859;439;NOM;provvista;498;84563
religioso;605;3,672365859;486;ADJ;religioso;1577;265858
mentirmi;605;3,672365859;532;VER;mentire;18027;161945
proteggerlo;605;3,672365859;546;VER;proteggere;16350;225724
salverà;605;3,672365859;534;VER;salvare;26667;463559
immobile;605;3,672365859;518;ADJ;immobile;692;315358
restituito;605;3,672365859;537;VER;restituire;4971;174585
sani;604;3,671648609;528;ADJ;sano;3109;2076
arancione;604;3,671648609;424;ADJ;arancione;601;350785
splendore;604;3,671648609;499;NOM;splendore;613;502619
scendiamo;604;3,671648609;496;VER;scendere;8016;311911
bentornata;604;3,671648609;479;ADJ;bentornato;1852;463212
convivere;604;3,671648609;535;VER;convivere;1099;116106
eseguito;604;3,671648609;546;VER;eseguire;3122;155082
Ty;0;3,671648609;146;NOM;<unknown>;4511888;329682
tiriamo;604;3,671648609;542;VER;tirare;24696;323552
orecchini;603;3,670930173;409;NOM;orecchino;768;131328
Holt;0;3,670930173;107;NPR;Holt;4511888;221993
omosessuale;603;3,670930173;372;ADJ;omosessuale;589;81195
Sherman;0;3,670930173;179;NPR;Sherman;4511888;148780
manzo;603;3,670930173;435;NOM;manzo;664;55889
studia;603;3,670930173;514;VER;studiare;8066;350808
marziali;603;3,670930173;241;ADJ;marziale;1183;454500
perduta;603;3,670930173;475;ADJ;perduto;2667;72809
apriamo;603;3,670930173;545;VER;aprire;33790;15724
sparagli;603;3,670930173;392;VER;sparare;28892;392093
cosí;603;3,670930173;55;ADV;così;4511888;69305
convincermi;603;3,670930173;569;VER;convincere;13208;446419
Gaby;0;3,670930173;115;NPR;Gaby;4511888;15828
violino;603;3,670930173;269;NOM;violino;660;401898
bordello;603;3,670930173;404;NOM;bordello;706;130038
epidemia;602;3,670210546;371;NOM;epidemia;653;481032
riporti;602;3,670210546;543;VER;riportare;11084;409640
crollo;602;3,670210546;449;NOM;crollo;692;475481
enigma;602;3,670210546;433;NOM;enigma;709;77918
Raylan;0;3,670210546;40;NOM;<unknown>;4511888;84062
Reid;0;3,670210546;162;NOM;<unknown>;4511888;517271
ragazzone;602;3,670210546;495;NOM;ragazzone;4511888;264097
battaglie;602;3,670210546;483;NOM;battaglia;5742;402861
immaginarlo;602;3,670210546;561;VER;immaginare;26564;213178
nascoste;602;3,670210546;537;ADJ;nascosto;21950;491966
sonda;602;3,670210546;225;NOM;sonda;674;464349
mari;601;3,669489726;359;NOM;mare;7532;57856
determinare;601;3,669489726;511;VER;determinare;1944;78620
biologico;601;3,669489726;450;ADJ;biologico;1489;159526
Lilly;0;3,669489726;131;NOM;<unknown>;4511888;228396
robaccia;601;3,669489726;493;NOM;robaccia;4511888;386369
seme;601;3,669489726;438;NOM;seme;1366;837
riferisco;601;3,669489726;543;VER;riferire;5655;315472
finì;601;3,669489726;502;VER;finire;80815;187740
migliaio;601;3,669489726;530;NOM;migliaio;4220;303199
Ahia;601;3,669489726;413;INT;ahia;1069550;265066
sfugge;601;3,669489726;536;VER;sfuggire;3906;383105
facessero;601;3,669489726;571;VER;fare;1151883;51892
trofeo;601;3,669489726;404;NOM;trofeo;934;155341
Vicky;0;3,669489726;156;NOM;<unknown>;4511888;262103
rispetti;601;3,669489726;538;VER;rispettare;6472;77016
materasso;601;3,669489726;441;NOM;materasso;735;225513
baciata;601;3,669489726;443;VER;baciare;9011;92656
sfilata;601;3,669489726;288;NOM;sfilata;559;91633
pagando;600;3,668767706;536;VER;pagare;31598;435498
capsula;600;3,668767706;255;NOM;capsula;834;119089
evitando;600;3,668767706;521;VER;evitare;9280;288315
tener;0;3,668767706;519;VER;tenere;79315;248714
disprezzo;600;3,668767706;476;NOM;disprezzo;558;497628
ringraziarmi;599;3,668044485;569;VER;ringraziare;14154;358666
sessualmente;599;3,668044485;498;ADV;sessualmente;599;53775
alzatevi;599;3,668044485;418;VER;alzarsi;12925;27666
fascicoli;599;3,668044485;411;NOM;fascicolo;2012;142359
Arnold;0;3,668044485;221;NPR;Arnold;4511888;315701
banconote;599;3,668044485;376;NOM;banconota;838;70203
caserma;599;3,668044485;289;NOM;caserma;665;455484
asciugamani;599;3,668044485;464;NOM;asciugamano;1486;480858
favolosa;599;3,668044485;508;ADJ;favoloso;1953;185947
unire;599;3,668044485;537;VER;unire;8491;64611
55;0;3,668044485;454;NUM;@card@;412838;238703
maggioranza;599;3,668044485;465;NOM;maggioranza;599;97919
lucido;599;3,668044485;503;ADJ;lucido;779;309894
chiedilo;599;3,668044485;532;VER;chiedere;99913;7560
andavi;599;3,668044485;545;VER;andare;641883;140433
72;0;3,668044485;481;NUM;@card@;412838;110996
Chan;0;3,668044485;143;NOM;<unknown>;4511888;32417
controllata;599;3,668044485;534;VER;controllare;28942;1489
alzarti;599;3,668044485;536;VER;alzarsi;12925;7121
rubate;598;3,667320057;458;VER;rubare;19463;198686
spaccio;598;3,667320057;441;NOM;spaccio;637;71968
sopravvissuta;598;3,667320057;517;VER;sopravvivere;6855;183584
Egitto;0;3,667320057;279;NPR;Egitto;598;312611
Val;0;3,667320057;185;NPR;Val;598;187182
avvicinato;598;3,667320057;550;VER;avvicinare;10755;202032
cercavano;598;3,667320057;525;VER;cercare;103013;270430
originali;598;3,667320057;486;ADJ;originale;2677;123493
saprebbe;598;3,667320057;547;VER;sapere;499632;517512
chiedeva;598;3,667320057;524;VER;chiedere;99913;134287
Center;0;3,667320057;358;NPR;Center;598;350364
scendendo;598;3,667320057;523;VER;scendere;8016;148894
trattenere;598;3,667320057;540;VER;trattenere;5235;508655
svenuta;597;3,666594418;483;VER;svenire;2562;57880
sacca;597;3,666594418;417;NOM;sacca;757;10778
fedina;597;3,666594418;497;NOM;fedina;619;8477
alito;597;3,666594418;504;NOM;alito;592;496157
minestra;597;3,666594418;383;NOM;minestra;616;200009
regolarmente;597;3,666594418;537;ADV;regolarmente;597;34136
bimbi;597;3,666594418;441;NOM;bimbo;3526;295042
evitato;597;3,666594418;551;VER;evitare;9280;70552
nelia;0;3,666594418;101;NOM;<unknown>;4511888;223180
see;0;3,666594418;233;NOM;<unknown>;4511888;18641
pellicola;597;3,666594418;316;NOM;pellicola;710;475875
corretta;597;3,666594418;537;ADJ;corretto;787;279526
If;0;3,665867565;210;NPR;If;596;503569
comprende;596;3,665867565;538;VER;comprendere;5580;313622
apprezzare;596;3,665867565;552;VER;apprezzare;7338;465749
neonato;596;3,665867565;427;ADJ;neonato;412;287349
rum;596;3,665867565;350;NOM;rum;596;281214
chilometro;596;3,665867565;511;NOM;chilometro;3768;470172
chiesi;596;3,665867565;460;VER;chiedere;99913;443550
impulsi;595;3,665139494;421;NOM;impulso;1764;296707
chiedigli;595;3,665139494;511;VER;chiedere;99913;117274
spedire;595;3,665139494;529;VER;spedire;4320;210459
capolavoro;595;3,665139494;458;NOM;capolavoro;674;230472
Ginger;0;3,665139494;224;NOM;<unknown>;4511888;322896
Callie;0;3,665139494;133;NPR;Callie;4511888;410734
liberamente;595;3,665139494;526;ADV;liberamente;595;211837
muffin;595;3,665139494;336;NOM;muffin;4511888;181382
reati;595;3,665139494;461;NOM;reato;2115;431007
have;0;3,665139494;226;NOM;<unknown>;4511888;327382
minacciando;595;3,665139494;519;VER;minacciare;5013;503551
miserabile;594;3,6644102;499;ADJ;miserabile;581;357133
strike;0;3,6644102;288;NOM;<unknown>;4511888;484686
ridammi;594;3,6644102;492;VER;ridare;3816;338584
bande;594;3,6644102;368;NOM;banda;3832;481206
Richie;0;3,6644102;157;NPR;Richie;4511888;205033
poterci;593;3,663679679;567;VER;potere;676977;373025
alloggi;593;3,663679679;412;NOM;alloggio;1357;129057
laureato;593;3,663679679;521;NOM;laureato;1135;221220
immortale;593;3,663679679;404;ADJ;immortale;802;445301
dirla;593;3,663679679;554;VER;dire;636417;331387
youre;0;3,663679679;191;NOM;<unknown>;4511888;267158
Raj;0;3,663679679;131;NOM;<unknown>;4511888;256670
impiego;593;3,663679679;458;NOM;impiego;688;268959
mon;0;3,663679679;270;NOM;<unknown>;4511888;252074
seminario;593;3,663679679;381;NOM;seminario;699;181990
mandarlo;593;3,663679679;554;VER;mandare;36513;499948
critiche;592;3,662947928;513;NOM;critica;784;143895
checca;592;3,662947928;372;NOM;checca;749;346145
fartelo;0;3,662947928;559;VER;fare;1151883;383527
astronauta;592;3,662947928;334;NOM;astronauta;926;357724
soffro;592;3,662947928;531;VER;soffrire;8182;173937
sgradevole;592;3,662947928;513;ADJ;sgradevole;729;246145
sportivo;592;3,662947928;457;ADJ;sportivo;1446;87018
allergico;591;3,662214941;458;ADJ;allergico;1179;113665
piantato;591;3,662214941;514;VER;piantare;5067;344594
considerata;591;3,662214941;545;VER;considerare;11570;12576
collaterali;591;3,662214941;450;ADJ;collaterale;869;371237
psicologo;591;3,662214941;429;NOM;psicologo;952;270900
tonno;591;3,662214941;386;NOM;tonno;626;243021
rana;591;3,662214941;324;NOM;rana;728;173447
abbattere;591;3,662214941;505;VER;abbattere;2479;247458
ricostruire;591;3,662214941;520;VER;ricostruire;1315;251301
Darryl;0;3,662214941;127;NOM;<unknown>;4511888;113587
cammini;591;3,662214941;523;NOM;cammino;2334;294592
stalla;591;3,662214941;395;NOM;stalla;882;100839
sporche;590;3,661480715;527;ADJ;sporco;4659;274438
tosto;590;3,661480715;464;ADJ;tosto;1500;90127
cí;0;3,661480715;179;NOM;<unknown>;4511888;406811
bunker;590;3,661480715;289;NOM;bunker;590;148815
sofferenze;590;3,661480715;501;NOM;sofferenza;2035;65875
vivrò;590;3,661480715;507;VER;vivere;39609;363095
avvicinamento;590;3,661480715;407;NOM;avvicinamento;593;70768
Ichi;0;3,661480715;29;NOM;<unknown>;4511888;145527
Sherlock;0;3,661480715;226;NOM;<unknown>;4511888;103039
perte;0;3,661480715;231;VER;<unknown>;1069550;57995
Susie;0;3,661480715;161;NPR;Susie;4511888;128911
timore;590;3,661480715;509;NOM;timore;712;497107
Wong;0;3,661480715;121;NOM;<unknown>;4511888;130043
esaurito;590;3,661480715;533;VER;esaurire;1254;272894
appassionato;589;3,660745246;526;ADJ;appassionato;1225;214292
rj;0;3,660745246;38;NOM;<unknown>;4511888;484890
Giulia;0;3,660745246;100;NPR;Giulia;589;323914
dipinti;589;3,660745246;347;NOM;dipinto;1190;415085
diviso;589;3,660745246;520;VER;dividere;5373;400527
architetto;589;3,660745246;350;NOM;architetto;695;350391
controllano;589;3,660745246;505;VER;controllare;28942;373962
assaggio;589;3,660745246;512;NOM;assaggio;705;451562
inseguito;589;3,660745246;517;VER;inseguire;4226;29678
cantato;589;3,660745246;470;ADJ;cantato;10702;117502
indovinate;588;3,660008529;524;VER;indovinare;5761;12545
fortezza;588;3,660008529;306;NOM;fortezza;619;479783
camper;588;3,660008529;232;NOM;camper;588;238762
capii;588;3,660008529;474;VER;capire;130245;45249
osa;588;3,660008529;444;VER;osare;4523;323798
immunità;588;3,660008529;332;NOM;immunità;588;272347
finali;587;3,65927056;448;ADJ;finale;3482;272443
elettorale;587;3,65927056;337;ADJ;elettorale;738;447804
How;0;3,65927056;302;NOM;<unknown>;4511888;114504
doverti;587;3,65927056;553;VER;dovere;548096;46714
paramedici;587;3,65927056;432;NOM;paramedico;693;387477
cappella;587;3,65927056;359;NOM;cappella;598;46237
Naruto;0;3,65927056;60;NPR;Naruto;206355;55215
ansioso;587;3,65927056;535;ADJ;ansioso;969;242903
discesa;586;3,658531336;442;NOM;discesa;575;473657
difese;586;3,658531336;473;NOM;difesa;5877;127064
definitiva;586;3,658531336;533;ADJ;definitivo;1074;23902
Mah;586;3,658531336;379;INT;mah;511;236929
temporanea;586;3,658531336;507;ADJ;temporaneo;1265;328322
solletico;586;3,658531336;459;NOM;solletico;585;98750
Pasqua;586;3,658531336;372;NOM;pasqua;587;25569
orfanotrofio;586;3,658531336;310;NOM;orfanotrofio;623;211950
portatela;585;3,65779085;504;VER;portare;115105;104960
pony;585;3,65779085;349;NOM;pony;585;368929
guidava;585;3,65779085;483;VER;guidare;14289;392229
saggia;585;3,65779085;529;ADJ;saggio;1848;266023
tremenda;585;3,65779085;525;ADJ;tremendo;1698;70718
Roland;0;3,65779085;143;NPR;Roland;585;420937
muovo;585;3,65779085;499;VER;muovere;32025;166483
Toni;0;3,65779085;229;NOM;tono;2066;178065
lunghezza;584;3,6570491;438;NOM;lunghezza;678;275204
definito;584;3,6570491;532;VER;definire;3711;17495
tenta;584;3,6570491;528;VER;tentare;9206;358027
anziana;584;3,6570491;462;ADJ;anziano;1902;423860
bien;0;3,6570491;156;NOM;<unknown>;4511888;246746
telegiornale;584;3,6570491;480;NOM;telegiornale;734;112625
squali;583;3,656306081;326;NOM;squalo;1657;412955
orrendo;583;3,656306081;515;ADJ;orrendo;1257;485676
costosa;583;3,656306081;517;ADJ;costoso;2275;301356
ripartire;583;3,656306081;504;VER;ripartire;1304;84023
abile;583;3,656306081;511;ADJ;abile;735;95547
ratti;583;3,656306081;325;NOM;ratto;605;346941
Dawn;0;3,656306081;155;NOM;<unknown>;4511888;263031
calmarti;0;3,656306081;526;VER;calmare;12847;232062
Gilbert;0;3,656306081;162;NPR;Gilbert;4511888;284803
pittore;583;3,656306081;314;NOM;pittore;782;141301
spaventosa;582;3,655561789;493;ADJ;spaventoso;2325;119045
lordthul;0;3,655561789;528;NOM;<unknown>;4511888;390670
Yankee;582;3,655561789;284;NOM;yankee;550;299546
riposa;582;3,655561789;500;VER;riposare;6308;425772
at;0;3,655561789;318;NOM;<unknown>;4511888;17981
grana;582;3,655561789;436;NOM;grana;751;298832
farina;582;3,655561789;373;NOM;farina;583;444786
provincia;582;3,655561789;434;NOM;provincia;677;191647
pratico;582;3,655561789;519;ADJ;pratico;1136;133032
lavorate;582;3,655561789;526;VER;lavorare;53195;412380
scattato;582;3,655561789;485;VER;scattare;3288;24031
Santità;581;3,654816219;174;NOM;santità;581;252455
comprate;581;3,654816219;457;VER;comprare;26675;35662
89;0;3,654816219;519;NUM;@card@;412838;47438
nobili;581;3,654816219;384;ADJ;nobile;1859;239188
concorrenza;581;3,654816219;473;NOM;concorrenza;581;512857
mazzo;581;3,654816219;455;NOM;mazzo;646;5225
religiosa;581;3,654816219;432;ADJ;religioso;1577;265842
serviti;581;3,654816219;537;ADJ;servito;364;93043
ottieni;581;3,654816219;529;VER;ottenere;14689;262290
Tate;0;3,654816219;190;NPR;Tate;1544;345752
baciarmi;581;3,654816219;486;VER;baciare;9011;120220
Bass;0;3,654816219;143;NOM;<unknown>;4511888;389535
sollevare;581;3,654816219;529;VER;sollevare;3593;360121
gii;0;3,654816219;125;VER;gire;1130;238829
Hardison;0;3,654816219;71;NOM;<unknown>;4511888;382455
Janice;0;3,654069367;152;NOM;<unknown>;4511888;90956
marziale;580;3,654069367;335;ADJ;marziale;1183;114766
94;0;3,654069367;495;NUM;@card@;412838;501093
marchese;580;3,654069367;96;NOM;marchese;769;460703
ricordano;580;3,654069367;534;VER;ricordare;48841;369871
quelia;0;3,654069367;98;NOM;<unknown>;4511888;452317
manovra;580;3,654069367;457;NOM;manovra;806;194298
giurare;580;3,654069367;508;VER;giurare;5210;491516
Ops;0;3,653321228;483;NOM;<unknown>;4511888;284938
interferire;579;3,653321228;520;VER;interferire;1370;27156
distruggendo;579;3,653321228;522;VER;distruggere;16097;465697
vergogni;579;3,653321228;489;VER;vergognarsi;4108;101670
bancomat;579;3,653321228;364;NOM;bancomat;579;380969
aiuterebbe;579;3,653321228;543;VER;aiutare;72590;467249
Margherita;579;3,653321228;122;NOM;margherita;678;297285
network;579;3,653321228;323;NOM;network;579;505414
trattano;579;3,653321228;530;VER;trattare;28375;172623
esibizione;579;3,653321228;418;NOM;esibizione;648;44132
litigando;579;3,653321228;490;VER;litigare;5809;515994
diversivo;579;3,653321228;467;ADJ;diversivo;409;72617
volando;579;3,653321228;470;VER;volare;8566;62903
brindiamo;579;3,653321228;473;VER;brindare;1238;350183
offri;579;3,653321228;531;VER;offrire;16263;6383
sensazioni;579;3,653321228;472;NOM;sensazione;5387;127727
confidenza;578;3,652571798;502;NOM;confidenza;671;481586
automobile;578;3,652571798;371;NOM;automobile;615;345174
Hiro;0;3,652571798;85;NPR;Hiro;4511888;130655
toccate;578;3,652571798;489;VER;toccare;21210;385120
convinti;578;3,652571798;538;VER;convincere;13208;33386
dormiva;578;3,652571798;512;VER;dormire;30760;314748
Cruz;0;3,652571798;173;NOM;<unknown>;4511888;355712
tentazione;578;3,652571798;491;NOM;tentazione;736;210068
verifica;578;3,652571798;477;NOM;verifica;476;504470
eccone;578;3,652571798;531;INT;ecco;4511888;379036
baule;578;3,652571798;335;NOM;baule;625;269725
Pietro;0;3,652571798;245;NPR;Pietro;578;172716
aggiornato;578;3,652571798;520;VER;aggiornare;2350;297648
Agnes;0;3,652571798;107;NPR;Agnes;578;467644
vendicarsi;578;3,652571798;520;VER;vendicarsi;2331;350662
attraversa;578;3,652571798;508;VER;attraversare;5578;36294
dategli;578;3,652571798;510;VER;dare;158901;275144
Luis;0;3,652571798;185;NPR;Luis;578;87772
allontanare;578;3,652571798;536;VER;allontanare;6848;41180
maledettamente;578;3,652571798;495;ADV;maledettamente;578;175588
orlo;578;3,652571798;515;NOM;orlo;581;240881
paghiamo;577;3,651821073;514;VER;pagare;31598;261946
rientro;577;3,651821073;457;NOM;rientro;742;353
assistenti;577;3,651821073;469;NOM;assistente;4038;145373
vivevo;577;3,651821073;531;VER;vivere;39609;150268
traduttori;576;3,651069048;330;NOM;traduttore;806;49162
schiaffo;576;3,651069048;435;NOM;schiaffo;976;238604
puzzle;576;3,651069048;389;NOM;puzzle;576;255247
puzzi;576;3,651069048;488;VER;puzzare;680;383284
95;0;3,651069048;452;NUM;@card@;412838;501092
comprati;576;3,651069048;511;VER;comprare;26675;436361
supponiamo;576;3,651069048;449;VER;supporre;8063;109212
umiliante;576;3,651069048;516;ADJ;umiliante;613;67232
elicotteri;576;3,651069048;374;NOM;elicottero;2877;26543
trattasse;576;3,651069048;536;VER;trattare;28375;262322
trattenuto;576;3,651069048;527;VER;trattenere;5235;221651
Grecia;0;3,651069048;259;NPR;Grecia;576;462293
cio;576;3,651069048;226;PRO;ciò;1069550;228837
costituzione;575;3,650315718;376;NOM;costituzione;577;279576
chiare;575;3,650315718;526;ADJ;chiaro;13981;387388
presentati;575;3,650315718;535;VER;presentare;13800;503365
hm;575;3,650315718;237;INT;hm;4511888;88392
cucchiaio;575;3,650315718;394;NOM;cucchiaio;757;92754
Franz;0;3,650315718;283;NPR;Franz;575;131464
protesta;575;3,650315718;428;NOM;protesta;762;215441
incirca;575;3,650315718;520;ADV;incirca;575;22981
was;0;3,650315718;222;NOM;<unknown>;4511888;489674
annuale;575;3,650315718;499;ADJ;annuale;622;155352
richiami;575;3,650315718;513;VER;richiamare;5940;145637
campane;575;3,650315718;328;NOM;campana;1126;445413
trattata;574;3,649561079;514;VER;trattare;28375;29341
conferenze;574;3,649561079;465;NOM;conferenza;2442;301732
prendili;574;3,649561079;457;VER;prendere;214434;292554
montare;574;3,649561079;461;VER;montare;1969;255437
corta;574;3,649561079;480;ADJ;corto;4125;34258
principalmente;574;3,649561079;519;ADV;principalmente;574;444406
arbitro;573;3,648805127;312;NOM;arbitro;580;387853
comprendo;573;3,648805127;506;VER;comprendere;5580;313626
terapista;573;3,648805127;356;NOM;terapista;4511888;19754
Camille;0;3,648805127;122;NOM;<unknown>;4511888;76114
beneficio;573;3,648805127;510;NOM;beneficio;942;323949
foro;573;3,648805127;398;NOM;foro;880;268423
entrerà;573;3,648805127;531;VER;entrare;59544;278201
entrarci;573;3,648805127;528;VER;entrare;59544;291266
Omega;573;3,648805127;160;NOM;omega;573;222150
cavalcare;573;3,648805127;412;VER;cavalcare;1571;432605
contributo;573;3,648805127;499;NOM;contributo;747;164854
Herr;0;3,648805127;126;VER;<unknown>;1069550;350970
suonava;572;3,648047856;456;VER;suonare;13259;269612
Golden;0;3,648047856;313;NOM;<unknown>;4511888;234809
Coop;0;3,648047856;163;NPR;Coop;572;397373
Sabrina;0;3,648047856;102;NPR;Sabrina;4511888;324679
popcorn;572;3,648047856;398;NOM;popcorn;4511888;438870
incastrare;572;3,648047856;471;VER;incastrare;4328;434024
good;0;3,648047856;306;NOM;<unknown>;4511888;511599
formidabile;572;3,648047856;464;ADJ;formidabile;630;212614
staccare;571;3,647289263;512;VER;staccare;3255;94521
significano;571;3,647289263;512;VER;significare;29587;289354
individui;571;3,647289263;451;NOM;individuo;1328;303211
Jonas;0;3,647289263;146;NPR;Jonas;571;65929
parlavano;571;3,647289263;505;VER;parlare;204981;305316
accennato;571;3,647289263;524;VER;accennare;792;372900
Drive;571;3,647289263;390;NOM;drive;572;73390
buffone;571;3,647289263;434;NOM;buffone;724;447436
lavandino;571;3,647289263;444;NOM;lavandino;611;274417
scoprono;570;3,646529343;515;VER;scoprire;35725;289288
home;570;3,646529343;363;NOM;home;570;201227
patrigno;570;3,646529343;351;NOM;patrigno;581;113948
facciamoci;570;3,646529343;506;VER;fare;1151883;273704
Humphrey;0;3,646529343;145;NOM;<unknown>;4511888;40532
povere;570;3,646529343;532;ADJ;povero;8282;175459
plasma;570;3,646529343;334;NOM;plasma;555;279146
Ferrari;0;3,646529343;211;NPR;Ferrari;570;415343
grammi;570;3,646529343;377;NOM;grammo;766;171938
scorte;570;3,646529343;447;NOM;scorta;2096;218296
tenerci;569;3,64576809;532;VER;tenere;79315;24854
tenuti;569;3,64576809;512;VER;tenere;79315;257051
frequenti;569;3,64576809;526;ADJ;frequente;612;33321
Sherry;569;3,64576809;187;NOM;sherry;569;319795
delegato;569;3,64576809;365;ADJ;delegato;288;52282
fondamentalmente;569;3,64576809;469;ADV;fondamentalmente;569;481614
manderà;569;3,64576809;526;VER;mandare;36513;56426
rasoio;569;3,64576809;432;NOM;rasoio;640;495515
stregone;569;3,64576809;250;NOM;stregone;728;371675
Penelope;0;3,64576809;166;NPR;Penelope;4511888;460000
7;0;3,64576809;515;NUM;@card@;412838;40702
guancia;568;3,645005501;432;NOM;guancia;865;161541
sincerità;568;3,645005501;494;NOM;sincerità;568;160264
idraulico;568;3,645005501;386;ADJ;idraulico;638;445239
rendermi;568;3,645005501;545;VER;rendere;31903;224057
distinguere;568;3,645005501;515;VER;distinguere;1415;347241
imminente;568;3,645005501;483;ADJ;imminente;617;3954
pecora;568;3,645005501;336;NOM;pecora;1340;374914
perderlo;568;3,645005501;531;VER;perdere;68537;421764
impaziente;568;3,645005501;516;ADJ;impaziente;699;468413
racconterò;568;3,645005501;512;VER;raccontare;16051;446663
afferra;567;3,64424157;445;VER;afferrare;2774;405540
rifarlo;567;3,64424157;521;VER;rifare;4092;390729
riflettuto;567;3,64424157;520;VER;riflettere;3349;163947
permettete;567;3,64424157;447;VER;permettere;24109;43896
dona;567;3,64424157;480;VER;donare;2775;300933
bam;0;3,64424157;384;INT;bam;4511888;315277
riserve;567;3,64424157;425;NOM;riserva;2305;436128
artiglieria;567;3,64424157;354;NOM;artiglieria;569;506559
talyn;0;3,64424157;26;NOM;<unknown>;4511888;263409
meraviglie;566;3,643476293;424;NOM;meraviglia;2236;484354
copre;566;3,643476293;518;VER;coprire;9248;217375
affittato;566;3,643476293;478;VER;affittare;1729;244781
pi;0;3,643476293;198;NOM;pi;528;95063
provoca;566;3,643476293;495;VER;provocare;3936;306285
nostalgia;566;3,643476293;449;NOM;nostalgia;571;160140
fortemente;566;3,643476293;510;ADV;forte;566;218280
Wu;0;3,643476293;134;NOM;<unknown>;4511888;138154
starmi;566;3,643476293;528;VER;stare;648668;54188
concedo;566;3,643476293;538;VER;concedere;4735;33740
amate;566;3,643476293;428;VER;amare;1507;7384
polli;565;3,642709666;373;NOM;pollo;4264;162585
Foreman;0;3,642709666;150;NOM;<unknown>;4511888;251977
Langley;0;3,642709666;245;NPR;Langley;4511888;461669
pazzesca;565;3,642709666;510;ADJ;pazzesco;2987;319116
insiste;565;3,642709666;506;VER;insistere;3962;373917
bizzarro;565;3,642709666;496;ADJ;bizzarro;1057;366764
corro;565;3,642709666;479;VER;correre;18695;82109
cartone;565;3,642709666;452;NOM;cartone;965;409052
yacht;564;3,641941682;332;NOM;yacht;564;174082
sbrighiamoci;564;3,641941682;498;VER;sbrigarsi;9927;511238
dovessero;564;3,641941682;521;VER;dovere;548096;295183
esemplare;564;3,641941682;479;ADJ;esemplare;416;307499
Colorado;0;3,641941682;293;NOM;<unknown>;4511888;158258
disturbarti;564;3,641941682;524;VER;disturbare;5668;413747
maturo;564;3,641941682;478;ADJ;maturo;1141;19018
balcone;564;3,641941682;413;NOM;balcone;594;346698
controllerò;564;3,641941682;525;VER;controllare;28942;282227
here;0;3,641941682;194;NOM;<unknown>;4511888;306803
ergastolo;564;3,641941682;430;NOM;ergastolo;607;405879
giura;564;3,641941682;474;VER;giurare;5210;107136
prevedere;564;3,641941682;501;VER;prevedere;3938;484738
Joyce;0;3,641941682;165;NPR;Joyce;564;174980
Alaska;0;3,641941682;280;NPR;Alaska;564;336801
cantano;564;3,641941682;425;VER;cantare;10702;201409
week-end;564;3,641941682;398;NOM;week-end;564;1228
sprecando;564;3,641941682;520;VER;sprecare;4029;109034
valutare;564;3,641941682;502;VER;valutare;1434;371967
direttrice;563;3,641172338;304;NOM;direttore;381;287770
ncis;0;3,641172338;162;NOM;<unknown>;4511888;174628
gocce;563;3,641172338;452;NOM;goccia;1542;495923
operativa;563;3,641172338;407;ADJ;operativo;1610;406349
inseguire;563;3,641172338;508;VER;inseguire;4226;499080
teme;563;3,641172338;495;VER;temere;11202;306640
poster;563;3,641172338;418;NOM;poster;563;228817
incontrarmi;563;3,641172338;520;VER;incontrare;27005;303835
alzo;563;3,641172338;489;VER;alzare;12925;234471
spaziali;563;3,641172338;290;ADJ;spaziale;2056;56042
produce;563;3,641172338;489;VER;produrre;3411;327919
ringraziamo;563;3,641172338;486;VER;ringraziare;14154;12787
Square;0;3,641172338;398;NOM;<unknown>;4511888;240889
coraggiosi;563;3,641172338;473;ADJ;coraggioso;3607;299775
ricorderà;562;3,640401629;505;VER;ricordare;48841;469764
nu;0;3,640401629;112;NOM;<unknown>;4511888;222731
disgraziato;562;3,640401629;375;ADJ;disgraziato;557;302348
Martinez;0;3,640401629;140;NPR;Martinez;562;116253
Mona;0;3,640401629;127;NOM;<unknown>;4511888;276257
periferia;562;3,640401629;478;NOM;periferia;591;378657
tondo;562;3,640401629;433;NOM;tondo;364;482609
corrono;562;3,640401629;503;VER;correre;18695;140348
liberarti;562;3,640401629;514;VER;liberarsi;10975;243019
atleta;562;3,640401629;423;NOM;atleta;971;154194
antidoto;562;3,640401629;243;NOM;antidoto;580;269651
cappelli;562;3,640401629;412;NOM;cappello;4656;46230
superficiale;562;3,640401629;459;ADJ;superficiale;654;423321
eco;562;3,640401629;339;NOM;eco;617;23466
dinamite;562;3,640401629;309;NOM;dinamite;562;392371
galla;562;3,640401629;504;NOM;galla;551;95670
sotterraneo;562;3,640401629;366;ADJ;sotterraneo;693;301499
sentii;562;3,640401629;438;VER;sentire;192280;209657
fanciulla;561;3,63962955;353;NOM;fanciulla;485;79646
siede;561;3,63962955;518;VER;sedere;30364;177959
rimetti;561;3,63962955;504;VER;rimettere;8013;147531
inventare;561;3,63962955;507;VER;inventare;5858;82283
salga;561;3,63962955;472;VER;salire;10328;491381
generali;561;3,63962955;389;ADJ;generale;11089;415364
culla;561;3,63962955;377;NOM;culla;570;378247
aprirla;561;3,63962955;468;VER;aprire;33790;113544
liberazione;561;3,63962955;422;NOM;liberazione;563;378794
distrugge;561;3,63962955;498;VER;distruggere;16097;97963
preservativi;561;3,63962955;377;NOM;preservativo;841;308148
origini;561;3,63962955;465;NOM;origine;1993;421306
Lucia;0;3,63962955;129;NPR;Lucia;561;397513
attratto;561;3,63962955;455;VER;attrarre;1805;283596
durato;561;3,63962955;521;VER;durare;5600;256228
obbligata;561;3,63962955;512;ADJ;obbligato;3297;116470
ingenuo;560;3,638856096;477;ADJ;ingenuo;933;28165
tessuti;560;3,638856096;459;NOM;tessuto;1653;391178
notturna;560;3,638856096;469;ADJ;notturno;1548;77582
soliti;560;3,638856096;528;ADJ;solito;4674;261648
libere;560;3,638856096;478;ADJ;libero;18952;51019
vinco;560;3,638856096;469;VER;vincere;400;39780
tiratore;560;3,638856096;347;NOM;tiratore;846;335465
raccontando;560;3,638856096;522;VER;raccontare;16051;301964
verrete;560;3,638856096;507;VER;venire;229884;427920
morsi;560;3,638856096;450;NOM;morso;1350;164007
dalia;560;3,638856096;137;NOM;dalia;4511888;222904
festeggiamo;560;3,638856096;477;VER;festeggiare;4529;123335
astuto;560;3,638856096;482;ADJ;astuto;864;152825
pancetta;559;3,638081261;400;NOM;pancetta;561;330763
abbattuto;559;3,638081261;439;VER;abbattere;2479;231695
salsiccia;559;3,638081261;399;NOM;salsiccia;1011;210964
marcio;559;3,638081261;477;ADJ;marcio;977;134944
stupisce;559;3,638081261;514;VER;stupire;2394;242209
matita;559;3,638081261;411;NOM;matita;797;331833
tentativi;559;3,638081261;504;NOM;tentativo;3730;257347
segna;559;3,638081261;425;VER;segnare;2837;186441
basata;559;3,638081261;468;ADJ;basato;3488;202333
capezzoli;559;3,638081261;400;NOM;capezzolo;4511888;68449
calmare;559;3,638081261;508;VER;calmare;12847;118643
adesivo;559;3,638081261;447;ADJ;adesivo;538;95101
postino;559;3,638081261;311;NOM;postino;594;275440
presentarmi;558;3,637305042;522;VER;presentarsi;13800;218671
corsia;558;3,637305042;354;NOM;corsia;649;235091
rapire;558;3,637305042;443;VER;rapire;4649;287321
riportarlo;558;3,637305042;489;VER;riportare;11084;93
volano;558;3,637305042;457;NOM;volano;435;200553
tí;0;3,637305042;152;NOM;<unknown>;4511888;356728
sapessero;558;3,637305042;515;VER;sapere;499632;60075
Dillon;0;3,637305042;102;NOM;<unknown>;4511888;478641
vinceremo;558;3,637305042;421;VER;vincere;25149;427969
pratiche;558;3,637305042;458;ADJ;pratico;1136;294108
accampamento;558;3,637305042;307;NOM;accampamento;612;346853
vicinato;558;3,637305042;474;NOM;vicinato;561;445692
Tessa;0;3,636527433;74;NPR;Tessa;4511888;205591
accendino;557;3,636527433;360;NOM;accendino;605;304162
piû;0;3,636527433;29;ADV;più;4511888;189028
nuvola;557;3,636527433;384;NOM;nuvola;1239;22403
pompe;557;3,636527433;329;NOM;pompa;1324;332932
erezione;557;3,636527433;379;NOM;erezione;607;51363
razionale;557;3,636527433;428;ADJ;razionale;601;315312
Israele;0;3,636527433;224;NPR;Israele;557;394187
inaccettabile;557;3,636527433;483;ADJ;inaccettabile;600;206029
perfette;557;3,636527433;484;ADJ;perfetto;16859;18159
Kaylie;0;3,63574843;35;NPR;Kaylie;4511888;205843
iniziali;556;3,63574843;440;NOM;iniziale;422;377124
pisolino;556;3,63574843;481;NOM;pisolino;562;404773
soffitta;556;3,63574843;340;NOM;soffitta;564;477994
Polly;0;3,63574843;107;NOM;<unknown>;4511888;480171
ridono;556;3,63574843;356;VER;ridere;556;459715
operato;556;3,63574843;463;VER;operare;2644;330976
verginità;555;3,634968026;403;NOM;verginità;555;117509
accettate;555;3,634968026;492;VER;accettare;15455;310539
ln;0;3,634968026;342;VER;<unknown>;1069550;349977
Beta;555;3,634968026;228;NOM;beta;522;453914
sostituito;555;3,634968026;488;VER;sostituire;3134;103730
gliele;555;3,634968026;495;PRO;gliele;555;513590
aziendale;555;3,634968026;433;ADJ;aziendale;719;270407
sistemata;555;3,634968026;520;ADJ;sistemato;12400;44617
harm;0;3,634968026;91;NOM;<unknown>;4511888;495194
yogurt;555;3,634968026;339;NOM;yogurt;555;419938
reggimento;555;3,634968026;287;NOM;reggimento;595;469112
fuso;555;3,634968026;460;VER;fondere;862;4764
temporaneo;555;3,634968026;454;ADJ;temporaneo;1265;421307
Skipper;555;3,634968026;232;NOM;skipper;4511888;122555
pompiere;555;3,634968026;276;NOM;pompiere;1433;419547
spugna;555;3,634968026;409;NOM;spugna;555;227310
graziosa;555;3,634968026;443;ADJ;grazioso;1126;449777
intrappolati;555;3,634968026;459;VER;intrappolare;2227;114943
Movie;0;3,634186217;413;NOM;<unknown>;4511888;292953
comodi;554;3,634186217;495;ADJ;comodo;3555;278901
sapersi;554;3,634186217;521;VER;sapersi;499632;203639
banchetto;554;3,634186217;372;NOM;banchetto;627;352891
trasformata;554;3,634186217;480;VER;trasformare;7282;435337
emotivamente;554;3,634186217;486;ADV;emotivamente;554;272016
dopodichè;554;3,634186217;506;ADV;dopodichè;554;388574
riposi;554;3,634186217;510;VER;riposare;6308;490236
Rush;0;3,633402999;117;NOM;rush;553;110593
Georgie;0;3,633402999;142;NPR;Georgie;4511888;347410
Kat;0;3,633402999;140;NOM;<unknown>;4511888;298781
torturato;553;3,633402999;434;VER;torturare;2284;411435
Lucky;0;3,633402999;201;NOM;<unknown>;4511888;349754
documentazione;553;3,633402999;464;NOM;documentazione;595;156482
servita;553;3,633402999;515;VER;servire;63151;93037
mostrarmi;553;3,633402999;523;VER;mostrare;18023;500850
metteva;553;3,633402999;493;VER;mettere;124577;91522
stuprata;553;3,633402999;290;VER;stuprare;1397;89998
duecento;0;3,633402999;467;NUM;@card@;553;97423
municipio;553;3,633402999;373;NOM;municipio;559;455071
molestie;553;3,633402999;382;NOM;molestia;669;124867
offensivo;553;3,633402999;459;ADJ;offensivo;818;378834
prigioniera;553;3,633402999;433;NOM;prigioniero;1581;12247
Evelyn;0;3,633402999;158;NPR;Evelyn;4511888;305111
cugini;553;3,633402999;416;NOM;cugino;5395;513267
box;0;3,632618366;313;NOM;box;552;267525
degna;552;3,632618366;502;ADJ;degno;1701;101136
sparite;552;3,632618366;480;VER;sparire;11399;208146
ignorato;552;3,632618366;500;VER;ignorare;4370;365612
ricatto;552;3,632618366;408;NOM;ricatto;651;298457
Tau;551;3,631832312;88;NOM;tau;4511888;194308
Yale;0;3,631832312;259;NOM;<unknown>;4511888;428855
telecomando;551;3,631832312;388;NOM;telecomando;586;146758
perdona;551;3,631832312;470;VER;perdonare;11218;431184
piazzato;551;3,631832312;485;VER;piazzare;1884;268650
Oswald;0;3,631832312;136;NPR;Oswald;4511888;260739
attaccano;551;3,631832312;482;VER;attaccare;10651;385420
solitaria;551;3,631832312;394;ADJ;solitario;1617;60050
striscia;551;3,631832312;346;NOM;striscia;1024;490917
Price;0;3,631832312;162;NOM;<unknown>;4511888;264913
estrarre;551;3,631832312;463;VER;estrarre;2192;495103
abbastanea;0;3,631044833;269;ADJ;<unknown>;206355;110336
Enrico;0;3,631044833;193;NPR;Enrico;550;136473
assai;550;3,631044833;402;ADV;assai;541;91429
analizzato;550;3,631044833;482;VER;analizzare;2613;438565
lontanamente;550;3,631044833;517;ADV;lontanamente;550;467499
granata;550;3,631044833;342;NOM;granata;638;7473
allenamenti;550;3,631044833;402;NOM;allenamento;2238;235062
Download;550;3,631044833;424;NOM;download;4511888;398153
funebre;550;3,631044833;397;ADJ;funebre;999;287093
interpretare;550;3,631044833;463;VER;interpretare;2146;421018
Clayton;0;3,631044833;121;NPR;Clayton;4511888;245406
suv;550;3,631044833;303;NOM;SUV;4511888;401099
Aidan;0;3,631044833;63;NOM;<unknown>;4511888;52713
decollo;550;3,631044833;351;NOM;decollo;569;151032
fastidioso;549;3,630255924;490;ADJ;fastidioso;1000;32267
dimora;549;3,630255924;421;NOM;dimora;555;184861
casetta;549;3,630255924;424;NOM;casa;4511888;302373
hangar;549;3,630255924;278;NOM;hangar;549;422716
cassette;549;3,630255924;345;NOM;cassetta;2976;325280
Roberto;0;3,630255924;147;NPR;Roberto;549;234686
rispetta;549;3,630255924;497;VER;rispettare;6472;77022
Brasile;0;3,630255924;287;NPR;Brasile;549;81903
aspirina;549;3,630255924;435;NOM;aspirina;702;342003
affermativo;548;3,629465579;416;ADJ;affermativo;570;84231
beccata;548;3,629465579;483;NOM;beccata;6929;448011
solitamente;548;3,629465579;494;ADV;solitamente;548;445711
nottata;548;3,629465579;490;NOM;nottata;603;422717
portello;548;3,629465579;238;NOM;portello;667;375884
stupidaggine;548;3,629465579;475;NOM;stupidaggine;1350;7538
metafora;548;3,629465579;443;NOM;metafora;709;334203
tare;548;3,629465579;69;NOM;tara;1956;180120
magliette;548;3,629465579;410;NOM;maglietta;2701;243369
mío;0;3,629465579;152;NOM;<unknown>;4511888;240563
giocava;548;3,629465579;472;VER;giocare;27555;166388
visivo;547;3,628673793;439;ADJ;visivo;909;492341
dadi;547;3,628673793;276;NOM;dado;732;76872
cucinato;547;3,628673793;466;VER;cucinare;4280;349265
vagabondo;547;3,628673793;340;NOM;vagabondo;656;23131
stupefacente;547;3,628673793;463;ADJ;stupefacente;460;110207
accolta;547;3,628673793;358;ADJ;accolto;340;414150
zampa;547;3,628673793;321;NOM;zampa;1460;16081
improvvisa;547;3,628673793;487;ADJ;improvviso;4334;487635
beva;547;3,628673793;450;VER;bere;31940;413155
grembo;547;3,628673793;444;NOM;grembo;551;19693
Hastings;0;3,628673793;144;NPR;Hastings;4511888;326137
Francesco;0;3,628673793;155;NPR;Francesco;547;465403
trovarne;547;3,628673793;512;VER;trovare;165912;109308
definitivamente;546;3,627880561;499;ADV;definitivamente;546;396039
ignorante;546;3,627880561;452;ADJ;ignorante;504;37642
credibile;546;3,627880561;470;ADJ;credibile;633;307467
Rico;0;3,627880561;189;NOM;<unknown>;4511888;14628
povertà;546;3,627880561;429;NOM;povertà;546;99451
trovassi;546;3,627880561;518;VER;trovare;165912;475777
sbrighi;546;3,627880561;498;VER;sbrigare;9927;296834
credevano;546;3,627880561;469;VER;credere;185652;243098
dirigente;546;3,627880561;383;NOM;dirigente;893;76736
strette;546;3,627880561;494;NOM;stretta;681;125888
armonia;545;3,627085877;395;NOM;armonia;563;80136
Cross;0;3,627085877;190;NOM;cross;547;43021
delinquenti;0;3,627085877;443;NOM;delinquente;973;275240
irritante;545;3,627085877;454;ADJ;irritante;616;21049
centri;545;3,627085877;422;NOM;centro;10427;386441
Hamilton;0;3,627085877;184;NPR;Hamilton;4511888;128657
flebo;545;3,627085877;407;NOM;flebo;545;339370
magra;544;3,626289737;442;ADJ;magro;1194;185634
adori;544;3,626289737;504;VER;adorare;14766;29029
spavento;544;3,626289737;455;NOM;spavento;582;275339
denunciare;544;3,626289737;469;VER;denunciare;3335;293847
caverò;544;3,626289737;502;VER;cavare;5782;197601
chiudendo;544;3,626289737;490;VER;chiudere;30264;133866
dividiamo;544;3,626289737;492;VER;dividere;5373;402923
riguardi;543;3,625492134;500;VER;riguardare;11291;64517
sapresti;543;3,625492134;512;VER;sapere;499632;253197
Dino;0;3,625492134;71;NOM;<unknown>;4511888;419370
avermelo;543;3,625492134;514;VER;avere;2620540;124211
Sierra;0;3,625492134;209;NOM;sierra;542;454971
giudicato;543;3,625492134;485;VER;giudicare;4662;176189
dirvelo;543;3,625492134;502;VER;dire;636417;444743
suicidato;543;3,625492134;408;VER;suicidarsi;2163;388685
Bates;0;3,625492134;126;NOM;<unknown>;4511888;258650
nazista;543;3,625492134;291;ADJ;nazista;626;97396
guardaroba;543;3,625492134;432;NOM;guardaroba;543;96888
bacchetta;543;3,625492134;308;NOM;bacchetta;732;382329
lavaggio;543;3,625492134;388;NOM;lavaggio;566;414605
cadrà;543;3,625492134;458;VER;cadere;16313;57009
scatenato;543;3,625492134;501;ADJ;scatenato;1885;510912
complotto;543;3,625492134;364;NOM;complotto;630;336608
abituati;543;3,625492134;490;VER;abituare;4803;289777
mentono;543;3,625492134;469;VER;mentire;18027;61951
donazione;542;3,624693064;395;NOM;donazione;847;515594
bottino;542;3,624693064;406;NOM;bottino;572;496948
Mara;0;3,624693064;64;NPR;Mara;4511888;102212
ritornerà;542;3,624693064;456;VER;ritornare;8097;332101
puntuale;542;3,624693064;488;ADJ;puntuale;683;339074
selvaggia;542;3,624693064;422;ADJ;selvaggio;1947;500895
avuti;542;3,624693064;505;VER;avere;2620540;31648
Tiffany;0;3,624693064;198;NOM;<unknown>;4511888;437935
dominio;542;3,624693064;427;NOM;dominio;606;83192
setta;541;3,623892521;299;NOM;setta;541;386833
trascinare;541;3,623892521;508;VER;trascinare;3937;91159
Ohh;541;3,623892521;294;INT;oh;4511888;342555
opportuno;541;3,623892521;489;ADJ;opportuno;632;84776
feloreena;0;3,623892521;523;VER;<unknown>;1069550;438832
ritrovi;541;3,623892521;511;VER;ritrovare;6966;111695
coinvolgimento;541;3,623892521;465;NOM;coinvolgimento;564;309609
Billie;0;3,623892521;93;NOM;<unknown>;4511888;233358
Golfo;541;3,623892521;320;NOM;golfo;532;18869
combattiamo;541;3,623892521;416;VER;combattere;13833;272566
comunale;541;3,623892521;342;ADJ;comunale;629;400089
presentarsi;541;3,623892521;495;VER;presentarsi;13800;336882
schifezza;540;3,623090499;470;NOM;schifezza;922;406798
analista;540;3,623090499;334;NOM;analista;662;124959
fieri;540;3,623090499;485;ADJ;fiero;3997;461605
rivedrò;540;3,623090499;482;VER;rivedere;10280;221227
finanziaria;540;3,623090499;410;ADJ;finanziario;1986;229176
tango;540;3,623090499;250;NOM;tango;372;501341
incendi;540;3,623090499;327;NOM;incendio;3559;303230
damigella;540;3,623090499;294;NOM;damigella;723;368777
Palm;0;3,623090499;268;NOM;<unknown>;4511888;143755
tic;540;3,623090499;293;NOM;tic;540;448927
stoffa;540;3,623090499;437;NOM;stoffa;602;196526
frego;540;3,623090499;411;VER;fregare;667;384184
Hart;0;3,623090499;117;NOM;<unknown>;4511888;22713
nascondono;540;3,623090499;487;VER;nascondere;21950;201407
delie;0;3,623090499;101;NOM;<unknown>;4511888;101845
insinuando;540;3,623090499;455;VER;insinuare;1192;446677
motto;540;3,623090499;452;NOM;motto;558;8667
pareva;540;3,623090499;476;VER;parere;17314;50909
subire;540;3,623090499;489;VER;subire;1512;349434
back;0;3,622286994;289;NOM;<unknown>;4511888;479237
arrivino;539;3,622286994;498;VER;arrivare;85743;275742
profezia;539;3,622286994;251;NOM;profezia;698;477747
diciotto;0;3,622286994;434;ADJ;diciotto;426;372843
dirsi;539;3,622286994;505;VER;dire;636417;364908
sanitaria;539;3,622286994;410;ADJ;sanitario;971;207744
meeeo;0;3,622286994;244;NOM;<unknown>;4511888;415122
biologia;539;3,622286994;378;NOM;biologia;539;451486
marinai;539;3,622286994;320;NOM;marinaio;1375;55464
vendiamo;539;3,622286994;471;VER;vendere;19229;514223
viventi;539;3,622286994;398;ADJ;vivente;1444;130754
sviluppare;539;3,622286994;467;VER;sviluppare;2443;106709
complicazioni;539;3,622286994;454;NOM;complicazione;734;432620
guarderò;538;3,621482;497;VER;guardare;111656;270082
mandarti;538;3,621482;514;VER;mandare;36513;307977
prepararti;538;3,621482;513;VER;prepararsi;21904;61501
essenza;538;3,621482;431;NOM;essenza;567;112211
poverino;538;3,621482;464;NOM;poverino;574;419156
operatore;538;3,621482;370;NOM;operatore;322;450135
affar;0;3,621482;465;VER;affarsi;3452;327578
cellula;538;3,621482;318;NOM;cellula;1793;159134
Old;0;3,621482;315;NOM;<unknown>;4511888;438440
aziende;538;3,621482;373;NOM;azienda;3674;259257
inseguimento;538;3,621482;425;NOM;inseguimento;618;351187
comandare;537;3,62067551;468;VER;comandare;2703;321563
giovinezza;537;3,62067551;381;NOM;giovinezza;537;359229
permetterti;537;3,62067551;499;VER;permettere;24109;436045
nanna;537;3,62067551;411;NOM;nanna;552;411250
accidentalmente;537;3,62067551;471;ADV;accidentalmente;537;85121
quattordici;0;3,62067551;421;NUM;quattordici;406;464042
cochrane;0;3,62067551;372;NOM;<unknown>;4511888;16861
indossato;537;3,62067551;491;VER;indossare;11771;511714
fesso;537;3,62067551;357;ADJ;fesso;421;343541
Donnie;0;3,61986752;105;NOM;<unknown>;4511888;343555
want;0;3,61986752;180;NOM;<unknown>;4511888;114206
carogna;536;3,61986752;330;NOM;carogna;682;316222
stupratore;536;3,61986752;267;NOM;stupratore;713;391529
argomenti;536;3,61986752;458;NOM;argomento;3261;276148
Sterling;0;3,61986752;146;NPR;Sterling;536;344525
corti;536;3,61986752;423;ADJ;corto;4125;34254
Sky;0;3,61986752;178;NOM;<unknown>;4511888;194777
vulcano;536;3,61986752;269;NOM;vulcano;659;46043
infernale;536;3,61986752;465;ADJ;infernale;607;174590
vorrete;535;3,619058024;474;VER;volere;609883;71234
inaugurazione;535;3,619058024;351;NOM;inaugurazione;559;66909
indicare;535;3,619058024;493;VER;indicare;3273;870
scartoffie;535;3,619058024;463;NOM;scartoffia;554;165737
Iris;535;3,619058024;110;NOM;iris;540;265380
Prue;0;3,619058024;25;NOM;prua;870;296377
negativi;535;3,619058024;415;ADJ;negativo;2758;423620
pagarmi;535;3,619058024;474;VER;pagare;31598;481736
giurisdizione;535;3,619058024;435;NOM;giurisdizione;551;214500
filmati;534;3,618247016;392;NOM;filmato;1378;334366
solido;534;3,618247016;464;ADJ;solido;1069;127274
catastrofe;534;3,618247016;425;NOM;catastrofe;599;62010
souvenir;534;3,618247016;445;NOM;souvenir;534;375883
avanzato;534;3,618247016;465;ADJ;avanzato;2267;160348
Phyllis;0;3,618247016;174;NOM;<unknown>;4511888;200050
allontani;534;3,618247016;462;VER;allontanare;6848;440709
riuscirei;534;3,618247016;496;VER;riuscire;84728;271245
sfortunato;534;3,618247016;473;ADJ;sfortunato;1012;489122
carbonio;534;3,618247016;313;NOM;carbonio;534;460454
starete;534;3,618247016;486;VER;stare;648668;9942
banditi;534;3,618247016;298;NOM;bandito;763;194265
Hetty;0;3,618247016;78;NPR;Hetty;4511888;330988
ahm;0;3,617434491;57;NOM;<unknown>;4511888;399886
trovai;533;3,617434491;434;VER;trovare;165912;89133
resistito;533;3,617434491;491;VER;resistere;6017;409905
godere;533;3,617434491;464;VER;godere;5867;231473
conquista;533;3,617434491;440;NOM;conquista;686;27442
conservato;533;3,617434491;479;VER;conservare;2821;235315
pallido;533;3,617434491;460;ADJ;pallido;1288;403512
mettici;533;3,617434491;493;VER;mettere;124577;370503
modesto;533;3,617434491;463;ADJ;modesto;869;36451
Stanton;0;3,617434491;119;NOM;<unknown>;4511888;508522
popolari;533;3,617434491;376;ADJ;popolare;2008;444833
funzionava;533;3,617434491;471;VER;funzionare;27030;224682
pestato;533;3,617434491;447;VER;pestare;1386;214222
spazi;533;3,617434491;448;NOM;spazio;8306;415447
scattata;533;3,617434491;439;VER;scattare;3288;24032
siti;533;3,617434491;413;NOM;sito;2173;100092
boccone;532;3,616620443;462;NOM;boccone;560;418565
avvicinatevi;532;3,616620443;448;VER;avvicinarsi;10755;172041
bollette;532;3,616620443;438;NOM;bolletta;871;81715
ragioniere;532;3,616620443;143;NOM;ragioniere;572;341557
Dude;0;3,616620443;370;ADJ;<unknown>;206355;85817
venirmi;532;3,616620443;505;VER;venire;229884;163643
internazionali;532;3,616620443;400;ADJ;internazionale;1917;415561
gelatina;532;3,616620443;372;NOM;gelatina;631;193128
ascoltarlo;532;3,616620443;466;VER;ascoltare;55142;124783
montaggio;532;3,616620443;334;NOM;montaggio;538;254836
Ziva;0;3,616620443;65;NOM;<unknown>;4511888;129160
mandami;532;3,616620443;494;VER;mandare;36513;316573
lottando;532;3,616620443;467;VER;lottare;4266;245925
Karev;0;3,616620443;118;NPR;Karev;4511888;303272
puó;532;3,616620443;72;VER;potere;4511888;150976
Nixon;0;3,615804867;186;NPR;Nixon;4511888;82689
sepolta;531;3,615804867;415;ADJ;sepolto;1760;191260
traditori;531;3,615804867;398;NOM;traditore;1968;157217
chiodo;531;3,615804867;371;NOM;chiodo;910;140072
code;0;3,615804867;286;NOM;coda;2765;83499
Pope;0;3,615804867;136;NOM;pope;531;113713
stazioni;531;3,615804867;401;NOM;stazione;5699;298576
Doris;0;3,615804867;166;NPR;Doris;531;214102
sessione;531;3,615804867;441;NOM;sessione;704;449110
mackenzie;0;3,615804867;117;NOM;<unknown>;4511888;356970
bloccate;531;3,615804867;460;VER;bloccare;9491;458119
millimetri;531;3,615804867;381;NOM;millimetro;634;25743
ditegli;531;3,615804867;440;VER;dire;636417;187829
pettegolezzi;531;3,615804867;417;NOM;pettegolezzo;753;382912
raccontarmi;531;3,615804867;503;VER;raccontare;16051;195032
officina;531;3,615804867;350;NOM;officina;572;287733
annunciare;531;3,615804867;464;VER;annunciare;2053;470009
stanea;0;3,614987755;208;ADJ;<unknown>;206355;37639
nodi;530;3,614987755;302;NOM;nodo;1052;432708
cuscini;530;3,614987755;389;NOM;cuscino;1649;36934
apparso;530;3,614987755;478;VER;apparire;4192;91467
vedano;530;3,614987755;493;VER;vedere;328947;172620
abbigliamento;530;3,614987755;475;NOM;abbigliamento;533;112494
abbandono;530;3,614987755;448;NOM;abbandono;614;193649
dammene;530;3,614987755;431;VER;dare;1069550;238455
sicure;530;3,614987755;481;ADJ;sicuro;59725;511359
ricordatevi;530;3,614987755;469;VER;ricordare;48841;337027
accetterò;530;3,614987755;491;VER;accettare;15455;376983
misericordia;530;3,614987755;396;NOM;misericordia;530;269041
meravigliosi;530;3,614987755;477;ADJ;meraviglioso;8698;211703
bolle;529;3,614169104;403;NOM;bolla;908;123676
compresa;529;3,614169104;493;VER;comprendere;5580;227369
corrispondono;529;3,614169104;454;VER;corrispondere;2466;124494
Hospital;0;3,614169104;350;NOM;<unknown>;4511888;164474
tenetelo;529;3,614169104;417;VER;tenere;79315;229271
fritte;529;3,614169104;425;ADJ;fritto;937;113560
eccovi;529;3,614169104;486;INT;ecco;4511888;435865
gentiluomini;529;3,614169104;404;NOM;gentiluomo;2154;313753
supera;529;3,614169104;459;VER;superare;7819;63903
Burton;0;3,614169104;166;NOM;<unknown>;4511888;91830
atteso;529;3,614169104;461;VER;attendere;3608;89035
strisce;529;3,614169104;431;NOM;striscia;1024;326348
dirigendo;529;3,614169104;481;VER;dirigere;8815;459992
soffia;529;3,614169104;387;VER;soffiare;1504;468446
necessari;528;3,613348906;483;ADJ;necessario;9229;72200
vincono;528;3,613348906;434;VER;vincere;25149;10549
Hola;0;3,613348906;300;NOM;<unknown>;4511888;222009
adottato;528;3,613348906;419;VER;adottare;1735;38214
ironico;528;3,613348906;466;ADJ;ironico;666;304209
prof;528;3,613348906;258;ABR;professore;4511888;510299
farsa;528;3,613348906;451;NOM;farsa;542;234603
abbracci;528;3,613348906;423;NOM;abbraccio;1660;63086
richiamami;528;3,613348906;454;VER;richiamare;5940;109950
uniformi;528;3,613348906;397;NOM;uniforme;1197;94847
Google;0;3,613348906;438;NPR;Google;4511888;115075
ostacoli;528;3,613348906;464;NOM;ostacolo;1205;307629
condotti;528;3,613348906;403;VER;condurre;5994;180679
pericoli;528;3,613348906;460;NOM;pericolo;7940;186319
Stewie;0;3,613348906;92;NPR;Stewie;4511888;259284
succedeva;528;3,613348906;488;VER;succedere;125771;47837
metterei;528;3,613348906;504;VER;mettere;124577;462829
amerò;527;3,612527157;430;VER;amare;46084;134166
scenario;527;3,612527157;434;NOM;scenario;672;279099
grido;527;3,612527157;429;NOM;grido;497;132432
esplosa;527;3,612527157;424;ADJ;esploso;5071;217430
avanzata;527;3,612527157;454;ADJ;avanzato;2267;160355
organismo;527;3,612527157;391;NOM;organismo;689;302720
spettacoli;527;3,612527157;394;NOM;spettacolo;7300;348034
Wolf;0;3,612527157;212;NPR;Wolf;527;82578
levi;527;3,612527157;326;VER;levare;6256;514706
cristiana;527;3,612527157;355;ADJ;cristiano;1426;164507
Shaun;0;3,612527157;55;NPR;Shaun;527;380321
sigari;527;3,612527157;356;NOM;sigaro;1190;193721
informare;527;3,612527157;474;VER;informare;5407;5839
conservare;527;3,612527157;464;VER;conservare;2821;378582
vigili;527;3,612527157;369;NOM;vigile;608;463330
darlo;527;3,612527157;483;VER;dare;158901;359413
Devon;0;3,61170385;133;NPR;Devon;526;299022
distruggerà;526;3,61170385;472;VER;distruggere;16097;383508
cotone;526;3,61170385;378;NOM;cotone;528;502311
Turtle;0;3,61170385;87;NOM;<unknown>;4511888;450866
disturbarla;526;3,61170385;491;VER;disturbare;5668;472130
intuizione;526;3,61170385;402;NOM;intuizione;612;418666
ritrovata;526;3,61170385;479;VER;ritrovare;6966;193645
passerai;526;3,61170385;492;VER;passare;65203;512111
bibita;526;3,61170385;412;NOM;bibita;894;371317
ricordavo;526;3,61170385;493;VER;ricordare;48841;44948
fermerò;526;3,61170385;490;VER;fermare;30904;314539
scuri;526;3,61170385;435;ADJ;scuro;1651;465084
Atlanta;0;3,61170385;283;NPR;Atlanta;526;218588
Ariel;0;3,61170385;91;NPR;Ariel;4511888;499676
ripulita;525;3,610878979;498;ADJ;ripulito;438;282123
dette;525;3,610878979;452;VER;dare;636417;358182
discutendo;525;3,610878979;479;VER;discutere;7409;36662
gestito;525;3,610878979;485;VER;gestire;6832;77885
preliminare;525;3,610878979;446;ADJ;preliminare;1001;59713
decida;525;3,610878979;485;VER;decidere;25516;393032
pugile;525;3,610878979;219;NOM;pugile;681;294989
migliorato;525;3,610878979;478;VER;migliorare;4370;484701
rivolto;525;3,610878979;491;VER;rivolgere;3540;158602
tifo;525;3,610878979;404;NOM;tifo;520;269287
diventate;525;3,610878979;497;VER;diventare;46915;155379
commovente;525;3,610878979;458;ADJ;commovente;555;233462
anteriore;524;3,610052538;416;ADJ;anteriore;670;99344
Hewes;0;3,610052538;56;NOM;<unknown>;4511888;149783
Alexis;0;3,610052538;125;NPR;Alexis;4511888;55356
produttori;524;3,610052538;367;NOM;produttore;1771;502347
andiate;524;3,610052538;478;VER;andare;641883;188778
tabulati;524;3,610052538;385;NOM;tabulato;553;306036
Richmond;0;3,610052538;182;NPR;Richmond;4511888;195456
copro;524;3,610052538;459;VER;coprire;9248;291971
tombe;524;3,610052538;367;NOM;tomba;3179;333733
intestino;524;3,610052538;354;NOM;intestino;246;327107
Giuda;0;3,610052538;259;NPR;Giuda;384;291279
lasciava;524;3,610052538;476;VER;lasciare;153939;193775
grigia;523;3,609224521;423;ADJ;grigio;1488;476970
urrà;523;3,609224521;311;INT;urrà;523;318255
ringraziarvi;523;3,609224521;479;VER;ringraziare;14154;479031
aggiornamento;523;3,609224521;455;NOM;aggiornamento;796;170040
preparata;523;3,609224521;479;VER;preparare;21904;219505
Archie;0;3,609224521;149;NOM;<unknown>;4511888;265161
granché;523;3,609224521;451;ADV;granché;523;464846
fato;523;3,609224521;370;NOM;fato;540;152539
truffatore;523;3,609224521;372;NOM;truffatore;813;156381
spacca;523;3,609224521;443;VER;spaccare;3033;94437
indovinato;522;3,608394923;466;VER;indovinare;5761;12553
malvagia;522;3,608394923;379;ADJ;malvagio;1762;104725
Napoleone;0;3,608394923;221;NOM;napoleone;526;468540
nodo;522;3,608394923;372;NOM;nodo;1052;432706
furbi;522;3,608394923;466;ADJ;furbo;2568;194639
finisse;522;3,608394923;492;VER;finire;80815;88146
insensibile;522;3,608394923;459;ADJ;insensibile;616;89690
organo;522;3,608394923;348;NOM;organo;1844;6496
sigillo;522;3,608394923;265;NOM;sigillo;676;460677
recitazione;522;3,608394923;328;NOM;recitazione;522;240775
eccole;522;3,608394923;469;INT;ecco;4511888;445855
troupe;522;3,608394923;309;NOM;troupe;522;62168
spegnete;522;3,608394923;400;VER;spegnere;2530;325119
agitata;521;3,607563737;449;ADJ;agitato;3028;159249
anonimo;521;3,607563737;413;ADJ;anonimo;1305;412712
Zane;0;3,607563737;87;NOM;zana;483;151337
formare;521;3,607563737;445;VER;formare;2501;197687
osservato;521;3,607563737;464;VER;osservare;4881;197177
insegni;521;3,607563737;460;VER;insegnare;12541;119372
granchio;521;3,607563737;303;NOM;granchio;812;105310
possiedo;521;3,607563737;463;VER;possedere;5007;287848
contenere;521;3,607563737;446;VER;contenere;3513;499828
cotto;521;3,607563737;437;VER;cuocere;1209;402306
antincendio;521;3,607563737;372;ADJ;antincendio;521;202888
scenda;521;3,607563737;420;VER;scendere;8016;12695
Echo;0;3,607563737;131;NOM;<unknown>;4511888;335567
intensiva;521;3,607563737;350;ADJ;intensivo;623;381910
canadese;521;3,607563737;319;ADJ;canadese;650;138999
prudenza;520;3,606730958;451;NOM;prudenza;520;296231
Giorgio;0;3,606730958;148;NPR;Giorgio;520;309843
binario;520;3,606730958;314;NOM;binario;1039;24666
caricato;520;3,606730958;454;VER;caricare;2613;348002
possedere;520;3,606730958;481;VER;possedere;5007;331371
Camelot;0;3,606730958;75;NPR;Camelot;4511888;447883
trasmettere;520;3,606730958;440;VER;trasmettere;2735;375719
proceda;520;3,606730958;405;VER;procedere;5237;474810
continente;520;3,606730958;392;NOM;continente;635;66235
Jessie;0;3,606730958;134;NPR;Jessie;4511888;263372
allontanato;520;3,606730958;475;VER;allontanare;6848;510939
Tree;0;3,606730958;200;NOM;<unknown>;4511888;464880
visitato;519;3,605896578;474;VER;visitare;3226;97580
scoperti;519;3,605896578;459;VER;scoprire;35725;303417
capitata;519;3,605896578;471;VER;capitare;5812;124986
tai;0;3,605896578;159;ADJ;<unknown>;206355;257610
esploso;519;3,605896578;440;VER;esplodere;5071;217423
secret;0;3,605896578;387;NOM;<unknown>;4511888;479061
menzogne;519;3,605896578;427;NOM;menzogna;1390;239457
convento;519;3,605896578;248;NOM;convento;535;368255
binari;519;3,605896578;332;NOM;binario;1039;292232
guardatemi;519;3,605896578;441;VER;guardare;111656;133776
migliorando;519;3,605896578;468;VER;migliorare;4370;458398
cue;0;3,605896578;14;VER;<unknown>;1069550;393938
elettronica;519;3,605896578;428;ADJ;elettronico;968;203991
formato;519;3,605896578;450;NOM;formato;2501;341463
Walsh;0;3,605896578;157;NPR;Walsh;4511888;423665
guidatore;518;3,605060592;390;NOM;guidatore;616;455689
gra;0;3,605060592;425;VER;<unknown>;1069550;224782
allontanatevi;518;3,605060592;416;VER;allontanarsi;6848;71191
folli;518;3,605060592;464;ADJ;folle;2613;162342
frequenta;518;3,605060592;473;VER;frequentare;4275;33326
individuato;518;3,605060592;455;VER;individuare;1456;513338
mettetelo;518;3,605060592;452;VER;mettere;124577;512827
passavo;518;3,605060592;475;VER;passare;65203;494154
vocale;518;3,605060592;378;ADJ;vocale;714;198739
decine;518;3,605060592;436;NOM;decina;939;466517
assomigli;518;3,605060592;470;VER;assomigliare;3416;423558
scherzetto;518;3,605060592;270;NOM;scherzetto;4511888;461723
Cappie;0;3,605060592;58;NOM;<unknown>;4511888;315806
aliena;518;3,605060592;316;ADJ;alieno;2068;97702
lesbiche;518;3,605060592;321;NOM;lesbica;1690;437158
Ciccio;518;3,605060592;211;NOM;<unknown>;4511888;354475
quartieri;518;3,605060592;418;NOM;quartiere;4204;279984
combini;518;3,605060592;474;VER;combinare;4521;245948
contesto;518;3,605060592;416;NOM;contesto;491;465086
prenotazione;518;3,605060592;407;NOM;prenotazione;672;101598
dopodomani;518;3,605060592;427;ADV;dopodomani;488;470499
portar;0;3,605060592;462;VER;portare;115105;173804
perlomeno;518;3,605060592;471;ADV;perlomeno;518;497148
sensibilità;517;3,604222994;451;NOM;sensibilità;517;98327
scoperte;517;3,604222994;440;NOM;scoperta;1189;303422
ormoni;517;3,604222994;392;NOM;ormone;608;360007
trent;0;3,604222994;107;NOM;<unknown>;4511888;141658
sottoterra;517;3,604222994;407;ADJ;sottoterra;368;87644
Lennox;0;3,604222994;95;NPR;Lennox;4511888;297053
Ida;0;3,604222994;98;NPR;Ida;517;259426
consigliato;517;3,604222994;459;VER;consigliare;2474;145768
proveniente;517;3,604222994;473;ADJ;proveniente;938;12949
separate;517;3,604222994;448;ADJ;separato;683;449942
vali;517;3,604222994;472;VER;valere;13943;90522
invidia;517;3,604222994;442;NOM;invidia;468;306596
vizio;517;3,604222994;451;NOM;vizio;694;103639
Venezia;0;3,604222994;205;NPR;Venezia;517;69848
vaccino;517;3,604222994;217;NOM;vaccino;639;337646
tromba;517;3,604222994;328;NOM;tromba;641;172541
Group;0;3,604222994;403;NPR;Group;517;334846
ricordata;516;3,603383777;474;VER;ricordare;48841;92687
necessarie;516;3,603383777;468;ADJ;necessario;9229;179758
sacrificare;516;3,603383777;457;VER;sacrificare;2092;455994
dicesti;516;3,603383777;418;VER;dire;636417;158011
rispose;516;3,603383777;380;VER;rispondere;27544;217165
altoparlante;516;3,603383777;237;NOM;altoparlante;626;323936
Parlamento;516;3,603383777;276;NOM;parlamento;520;368998
altrui;516;3,603383777;477;ADJ;altrui;516;153199
Archer;0;3,603383777;94;NOM;<unknown>;4511888;494984
formale;516;3,603383777;454;ADJ;formale;615;283795
mattoni;516;3,603383777;340;NOM;mattone;688;12444
Moon;0;3,603383777;194;NOM;<unknown>;4511888;252319
Jax;0;3,603383777;65;NOM;<unknown>;4511888;5287
Hayley;0;3,603383777;87;NOM;<unknown>;4511888;394722
Ave;0;3,603383777;299;VER;<unknown>;1069550;170990
piacerti;0;3,603383777;482;VER;piacere;116765;127990
rompi;516;3,603383777;456;VER;rompere;15925;1791
agitare;515;3,602542936;451;VER;agitare;3028;505601
allergica;515;3,602542936;396;ADJ;allergico;1179;113672
straniera;515;3,602542936;429;ADJ;straniero;2101;291858
inizieremo;515;3,602542936;488;VER;iniziare;33775;83732
atterrato;515;3,602542936;442;VER;atterrare;2683;31520
introdotto;515;3,602542936;450;VER;introdurre;1556;2337
ordinanza;515;3,602542936;355;NOM;ordinanza;547;379692
Cook;0;3,602542936;166;NOM;<unknown>;4511888;320823
informati;515;3,602542936;462;VER;informare;5407;148795
Henderson;0;3,602542936;145;NPR;Henderson;4511888;289595
zhaan;0;3,602542936;60;NOM;<unknown>;4511888;370301
Lionel;0;3,602542936;147;NPR;Lionel;4511888;459390
Horatio;0;3,602542936;97;NOM;<unknown>;4511888;84618
invidio;515;3,602542936;443;VER;invidiare;856;306593
ga;0;3,602542936;119;VER;<unknown>;1069550;151714
Eden;0;3,602542936;212;NPR;Eden;515;19922
rispondono;515;3,602542936;445;VER;rispondere;27544;480213
profondi;515;3,602542936;440;ADJ;profondo;4676;42969
pomodori;514;3,601700463;328;NOM;pomodoro;996;204300
make;0;3,601700463;221;NOM;<unknown>;4511888;375057
Lightman;0;3,601700463;49;NOM;<unknown>;4511888;414751
aldilà;514;3,601700463;366;ADV;aldilà;514;303944
tassista;514;3,601700463;286;NOM;tassista;573;151893
traiettoria;514;3,601700463;369;NOM;traiettoria;566;235103
ciambella;514;3,601700463;342;NOM;ciambella;1296;8338
wo;0;3,601700463;94;NOM;<unknown>;4511888;165525
intensa;514;3,601700463;468;ADJ;intenso;1433;127384
apocalisse;514;3,601700463;308;NOM;apocalisse;515;111274
gallo;514;3,601700463;269;NOM;gallo;510;95682
figuri;514;3,601700463;462;VER;figurare;2693;13255
Amsterdam;0;3,601700463;207;NPR;Amsterdam;514;380361
etica;514;3,601700463;383;NOM;etica;319;323532
puzzolente;514;3,601700463;411;ADJ;puzzolente;697;192721
adorato;513;3,600856353;467;VER;adorare;14766;202831
ombrello;513;3,600856353;320;NOM;ombrello;573;80467
vivevano;513;3,600856353;444;VER;vivere;39609;11863
passaporti;513;3,600856353;299;NOM;passaporto;1929;88673
inizierò;513;3,600856353;477;VER;iniziare;33775;467065
scanner;513;3,600856353;338;NOM;scanner;513;67976
Montana;0;3,600856353;259;NPR;Montana;4511888;358555
incrociato;513;3,600856353;457;VER;incrociare;1775;396702
spionaggio;513;3,600856353;361;NOM;spionaggio;513;201633
interiore;513;3,600856353;396;ADJ;interiore;573;231844
Vance;0;3,600856353;139;NOM;<unknown>;4511888;245227
cimice;513;3,600856353;271;NOM;cimice;878;47854
Crowley;0;3,600856353;95;NPR;Crowley;513;238073
spezzare;512;3,600010599;420;VER;spezzare;4239;333065
trappole;512;3,600010599;366;NOM;trappola;4042;178976
accompagna;512;3,600010599;482;VER;accompagnare;8114;348725
muscolo;512;3,600010599;412;NOM;muscolo;1737;218685
collegata;512;3,600010599;476;VER;collegare;5052;376407
esservi;512;3,600010599;479;VER;essere;3507888;490076
dessi;512;3,600010599;490;VER;dare;158901;297585
incazzata;512;3,600010599;437;ADJ;incazzato;3565;69014
quadra;0;3,600010599;464;ADJ;quadro;875;170677
prevede;512;3,600010599;466;VER;prevedere;3938;454876
scoprì;512;3,600010599;448;VER;scoprire;35725;287970
padrino;511;3,599163195;270;NOM;padrino;541;230921
ebrea;511;3,599163195;285;ADJ;ebreo;2442;13076
trasmesso;511;3,599163195;446;VER;trasmettere;2735;280344
mine;0;3,599163195;260;NOM;mina;1191;428060
indipendenza;511;3,599163195;354;NOM;indipendenza;512;297763
convincerla;511;3,599163195;482;VER;convincere;13208;422190
orgasmo;511;3,599163195;318;NOM;orgasmo;664;124984
riprendendo;511;3,599163195;464;VER;riprendere;11395;241737
pannello;511;3,599163195;385;NOM;pannello;740;481449
spettatori;511;3,599163195;358;NOM;spettatore;676;308905
pienamente;511;3,599163195;479;ADV;pienamente;511;513247
Luther;0;3,599163195;196;NPR;Luther;4511888;69881
taglie;511;3,599163195;257;NOM;taglia;2659;338681
not;0;3,599163195;223;NOM;<unknown>;4511888;69626
cogliere;511;3,599163195;465;VER;cogliere;2488;256764
obbedire;510;3,598314134;430;VER;obbedire;1669;508673
regge;510;3,598314134;468;VER;reggere;391;440341
intuito;510;3,598314134;451;NOM;intuito;750;37679
aviazione;510;3,598314134;292;NOM;aviazione;510;284720
barbone;510;3,598314134;357;NOM;barbone;717;84531
ricevete;510;3,598314134;266;VER;ricevere;25783;411702
chiamala;510;3,598314134;409;VER;chiamare;133592;230204
discreto;510;3,598314134;456;ADJ;discreto;957;101458
pupazzo;510;3,598314134;304;NOM;pupazzo;678;434022
crederti;510;3,598314134;473;VER;credere;185652;448113
salgo;510;3,598314134;454;VER;salire;10328;491386
gomito;510;3,598314134;412;NOM;gomito;700;292757
promette;510;3,598314134;469;VER;promettere;19626;403870
preparativi;510;3,598314134;457;NOM;preparativo;470;71332
maratona;510;3,598314134;321;NOM;maratona;552;17324
3000;0;3,598314134;380;NUM;@card@;412838;421077
masticare;509;3,59746341;410;VER;masticare;1099;341777
panorama;509;3,59746341;439;NOM;panorama;540;16952
noleggio;509;3,59746341;395;NOM;noleggio;524;311608
Gerald;0;3,59746341;165;NOM;<unknown>;4511888;300352
sharingfreelive;0;3,59746341;122;NOM;<unknown>;4511888;252225
confesso;509;3,59746341;437;VER;confessare;783;378705
sacrificato;509;3,59746341;437;VER;sacrificare;2092;82784
affamati;509;3,59746341;443;ADJ;affamato;1465;14698
cessate;509;3,59746341;289;VER;cessare;1393;329582
avvisare;509;3,59746341;464;VER;avvisare;3273;291711
Point;0;3,59746341;307;NPR;Point;509;472458
lamenti;509;3,59746341;435;NOM;lamento;451;191633
Irlanda;0;3,59746341;282;NPR;Irlanda;509;307609
spettro;509;3,59746341;319;NOM;spettro;815;244130
Fletcher;0;3,59746341;107;NPR;Fletcher;4511888;322212
Qué;0;3,59746341;50;ADJ;<unknown>;206355;400039
ottimista;509;3,59746341;452;NOM;ottimista;617;149176
testardo;509;3,59746341;459;ADJ;testardo;767;308194
bancarotta;509;3,59746341;362;NOM;bancarotta;509;357615
Maureen;0;3,59746341;132;NOM;<unknown>;4511888;154110
Helena;0;3,596611017;102;NPR;Helena;508;203063
patata;508;3,596611017;309;NOM;patata;2142;138551
bacia;508;3,596611017;413;VER;baciare;9011;225337
noci;508;3,596611017;351;NOM;noce;860;386113
monta;508;3,596611017;401;VER;montare;376;423490
porci;508;3,596611017;386;NOM;porco;1050;386123
dintorni;508;3,596611017;463;NOM;dintorno;508;88958
Dex;0;3,596611017;102;NOM;Dex;4511888;286336
detenzione;508;3,596611017;390;NOM;detenzione;517;492179
voltati;508;3,596611017;390;VER;voltarsi;3117;354256
take;0;3,596611017;233;NOM;<unknown>;4511888;145128
National;0;3,596611017;334;NPR;National;508;246516
modus;507;3,595756947;355;NOM;modus;4511888;89600
Iavoro;0;3,595756947;117;NOM;<unknown>;4511888;10289
Dom;0;3,595756947;162;NOM;<unknown>;4511888;429881
fuggita;507;3,595756947;412;VER;fuggire;6713;68922
Lisbon;0;3,595756947;65;NOM;<unknown>;4511888;161399
vivete;507;3,595756947;460;VER;vivere;39609;198267
field;0;3,595756947;438;NOM;<unknown>;4511888;413067
Queen;0;3,595756947;296;NOM;<unknown>;4511888;230057
Ade;0;3,595756947;123;NOM;<unknown>;4511888;507050
aids;0;3,595756947;248;NOM;aids;574;8372
goccio;507;3,595756947;439;NOM;goccio;507;10435
assente;507;3,595756947;446;ADJ;assente;430;394446
Jr;0;3,595756947;288;NOM;<unknown>;4511888;450510
fotta;0;3,595756947;412;VER;fottere;16297;47313
interpretazione;507;3,595756947;417;NOM;interpretazione;586;82387
medie;507;3,595756947;417;NOM;media;2691;215252
osato;507;3,595756947;441;ADJ;osato;4523;278761
perbacco;506;3,594901194;329;INT;perbacco;506;288796
proprietaria;506;3,594901194;391;NOM;proprietario;3821;365117
piccioni;506;3,594901194;351;NOM;piccione;838;363071
smettete;506;3,594901194;437;VER;smettere;39551;183361
ospitalità;506;3,594901194;440;NOM;ospitalità;506;42824
difeso;506;3,594901194;447;VER;difendere;5864;127061
disgustosa;506;3,594901194;451;ADJ;disgustoso;3176;8831
caldi;506;3,594901194;438;ADJ;caldo;9172;193424
Moran;0;3,594901194;115;NPR;Moran;506;484255
preti;506;3,594901194;296;NOM;prete;3162;310193
irlandesi;506;3,594901194;273;NOM;irlandese;392;203450
pubblicare;506;3,594901194;385;VER;pubblicare;2513;123344
audace;506;3,594901194;432;ADJ;audace;636;51667
Preston;0;3,594901194;153;NOM;<unknown>;4511888;154324
tornasse;506;3,594901194;465;VER;tornare;92785;509412
biondo;506;3,594901194;348;ADJ;biondo;1822;3559
stereo;506;3,594901194;371;NOM;stereo;344;378344
Abigail;0;3,594901194;134;NOM;<unknown>;4511888;303610
celle;505;3,594043751;349;NOM;cella;3825;314629
acconsentito;505;3,594043751;452;VER;acconsentire;1002;346891
over;0;3,594043751;322;NOM;over;505;319014
squillo;505;3,594043751;368;NOM;squillo;619;231732
signorino;505;3,594043751;281;NOM;signorino;520;454203
incastrata;505;3,594043751;423;VER;incastrare;4328;60794
Obsidian;0;3,594043751;325;NOM;<unknown>;4511888;298620
riuscì;505;3,594043751;434;VER;riuscire;84728;406436
raggiunge;505;3,594043751;439;VER;raggiungere;11803;255667
simulazione;505;3,594043751;257;NOM;simulazione;621;267450
sentirò;505;3,594043751;475;VER;sentire;192280;340418
pila;505;3,594043751;404;NOM;pila;738;106181
tipica;504;3,593184612;452;ADJ;tipico;2133;245260
affrontarlo;504;3,593184612;456;VER;affrontare;9039;287266
ballando;504;3,593184612;404;VER;ballare;8757;182838
limitato;504;3,593184612;457;ADJ;limitato;2359;244311
Boone;0;3,593184612;99;NOM;<unknown>;4511888;97880
rivediamo;504;3,593184612;473;VER;rivedere;10280;224362
caramella;504;3,593184612;297;NOM;caramella;1741;493977
donare;504;3,593184612;377;VER;donare;2775;108712
emotiva;504;3,593184612;436;ADJ;emotivo;1443;31920
rappresentare;504;3,593184612;437;VER;rappresentare;4518;58550
mascalzone;504;3,593184612;373;NOM;mascalzone;644;102596
identico;504;3,593184612;456;ADJ;identico;1533;144069
dure;504;3,593184612;434;ADJ;duro;15910;318686
greci;504;3,593184612;213;NOM;greco;704;262115
Olimpiadi;504;3,593184612;271;NOM;olimpiade;529;493028
celibato;504;3,593184612;240;NOM;celibato;504;273898
39;0;3,593184612;403;NUM;@card@;412838;365821
istruttore;503;3,592323771;342;NOM;istruttore;420;419863
figuriamoci;503;3,592323771;482;INT;figurarsi;2693;461592
indirizzi;503;3,592323771;400;NOM;indirizzo;6036;500048
svolgere;503;3,592323771;464;VER;svolgere;2183;243539
Bon;0;3,592323771;354;NOM;<unknown>;4511888;194389
71;0;3,592323771;256;NUM;@card@;412838;110997
cadde;503;3,592323771;413;VER;cadere;16313;458139
dama;503;3,592323771;327;NOM;dama;820;361372
poveretto;503;3,592323771;433;NOM;poveretto;458;439709
Cate;0;3,592323771;39;NOM;<unknown>;4511888;471454
sciroppo;503;3,592323771;337;NOM;sciroppo;520;397484
Kensi;0;3,592323771;73;NOM;<unknown>;4511888;495283
mannaro;503;3,592323771;195;ADJ;mannaro;816;134076
respinto;503;3,592323771;442;VER;respingere;1683;211425
aiutaci;502;3,591461219;416;VER;aiutare;72590;377602
9;0;3,591461219;465;NUM;@card@;412838;40707
sanguigno;502;3,591461219;368;ADJ;sanguigno;942;129028
aiutiamo;502;3,591461219;457;VER;aiutare;72590;115763
giocate;502;3,591461219;428;VER;giocare;27555;214335
caratteristiche;502;3,591461219;427;NOM;caratteristica;715;180303
benefici;502;3,591461219;426;NOM;beneficio;942;125526
portali;502;3,591461219;434;NOM;portale;1216;475503
unirmi;502;3,591461219;451;VER;unire;8491;8898
sintomo;502;3,591461219;338;NOM;sintomo;2134;268783
ritenuto;501;3,590596952;458;VER;ritenere;4800;445958
prendervi;501;3,590596952;468;VER;prendere;214434;385322
Hale;0;3,590596952;127;NOM;<unknown>;4511888;453465
aglio;501;3,590596952;333;NOM;aglio;1119;8544
sembrata;501;3,590596952;469;VER;sembrare;108715;249996
depressa;0;3,590596952;412;VER;deprimere;1480;374443
operandi;501;3,590596952;351;NOM;operando;522;270523
turbata;501;3,590596952;435;VER;turbare;1793;267989
Gregory;0;3,590596952;175;NOM;<unknown>;4511888;290006
bandito;501;3,590596952;313;NOM;bandito;763;194263
bip;501;3,590596952;257;NOM;bip;4511888;123356
Scofield;0;3,590596952;90;NOM;<unknown>;4511888;276722
liquore;500;3,58973096;356;NOM;liquore;993;449048
balene;500;3,58973096;173;NOM;balena;1197;108830
aggeggio;500;3,58973096;430;NOM;aggeggio;668;255774
Mars;0;3,58973096;120;NOM;Mars;4511888;99360
uccisione;500;3,58973096;423;NOM;uccisione;766;249638
inappropriato;500;3,58973096;423;ADJ;inappropriato;678;444462
Bank;0;3,58973096;278;NOM;bank;501;403537
cattolica;500;3,58973096;352;ADJ;cattolico;993;148576
Lisina;500;3,58973096;456;NOM;lisina;4511888;47739
fermatelo;500;3,58973096;360;VER;fermare;30904;468863
escludere;500;3,58973096;441;VER;escludere;2537;349057
Brooks;0;3,58973096;161;NOM;<unknown>;4511888;455297
draghi;500;3,58973096;160;NOM;drago;1872;492949
spaccato;500;3,58973096;450;VER;spaccare;3033;240793
significherebbe;500;3,58973096;473;VER;significare;29587;284063
modalità;499;3,588863239;371;NOM;modalità;499;461588
consiste;499;3,588863239;458;VER;consistere;708;395029
urina;499;3,588863239;347;NOM;urina;738;101923
Vega;0;3,588863239;86;NOM;<unknown>;4511888;110994
colpirmi;499;3,588863239;429;VER;colpire;19652;234666
scelti;499;3,588863239;401;VER;scegliere;22585;106164
Dora;0;3,588863239;213;NOM;<unknown>;4511888;383176
Frost;0;3,588863239;117;NOM;<unknown>;4511888;224214
imbroglione;499;3,588863239;388;NOM;imbroglione;654;122598
guardiamarina;499;3,588863239;151;NOM;guardiamarina;499;493555
clone;498;3,58799378;213;NOM;clone;498;320004
chiederei;498;3,58799378;470;VER;chiedere;99913;321037
suonando;498;3,58799378;434;VER;suonare;13259;195100
Michigan;0;3,58799378;309;NPR;Michigan;4511888;1348
marchi;498;3,58799378;192;NOM;marchio;490;111182
Hicks;0;3,58799378;89;NOM;<unknown>;4511888;41808
muto;498;3,58799378;310;ADJ;muto;652;325980
ott;0;3,58799378;161;NOM;<unknown>;4511888;443502
investitori;498;3,58799378;295;NOM;investitore;661;246135
gioiello;498;3,58799378;370;NOM;gioiello;2356;145533
pulisci;498;3,58799378;416;VER;pulire;10313;293504
togliersi;498;3,58799378;463;VER;togliere;24748;479891
eccesso;498;3,58799378;439;NOM;eccesso;600;53925
cast;498;3,58799378;314;NOM;cast;498;13752
registratore;498;3,58799378;390;NOM;registratore;386;137929
furgoncino;498;3,58799378;302;NOM;furgone;522;226761
potenziali;498;3,58799378;441;ADJ;potenziale;878;461003
sportello;498;3,58799378;376;NOM;sportello;599;396243
messaggero;498;3,58799378;338;NOM;messaggero;428;207834
Flint;0;3,58799378;53;NOM;flint;505;448737
pa;0;3,58799378;196;VER;<unknown>;1069550;56049
saliva;497;3,587122577;383;NOM;saliva;343;486145
Wheeler;0;3,587122577;98;NOM;<unknown>;4511888;368660
Philippe;0;3,587122577;77;NPR;Philippe;497;359455
schiava;497;3,587122577;326;NOM;schiava;1851;405541
credevamo;497;3,587122577;467;VER;credere;185652;140339
suicidi;497;3,587122577;339;NOM;suicidio;274;186167
chiesta;497;3,587122577;457;NOM;chiesta;99913;277308
bersagli;497;3,587122577;380;NOM;bersaglio;3155;400461
controllarlo;497;3,587122577;440;VER;controllare;28942;65618
comprando;497;3,587122577;432;VER;comprare;26675;329312
Patricia;0;3,587122577;165;NPR;Patricia;497;162471
lattina;497;3,587122577;308;NOM;lattina;776;47036
trovasse;497;3,587122577;470;VER;trovare;165912;337346
deputato;497;3,587122577;169;NOM;deputato;457;473540
traguardo;497;3,587122577;307;NOM;traguardo;540;132834
residui;497;3,587122577;366;NOM;residuo;584;462306
centimetro;497;3,587122577;430;NOM;centimetro;1803;189411
labirinto;497;3,587122577;258;NOM;labirinto;527;91132
Hodgins;0;3,587122577;83;NPR;Hodgins;4511888;221950
soddisfatta;496;3,586249623;441;VER;soddisfare;3267;235525
portafortuna;496;3,586249623;371;NOM;portafortuna;496;184601
ictus;496;3,586249623;287;NOM;ictus;496;489284
arena;496;3,586249623;211;NOM;arena;491;70477
britannico;496;3,586249623;310;ADJ;britannico;1102;26958
rapine;496;3,586249623;316;NOM;rapina;3302;232315
domestici;496;3,586249623;390;ADJ;domestico;1500;68732
alimenti;496;3,586249623;370;NOM;alimento;546;250771
amarmi;496;3,586249623;423;VER;amare;46084;11969
Nico;0;3,586249623;78;NPR;Nico;4511888;317896
svenire;496;3,586249623;436;VER;svenire;2562;210641
entrava;496;3,586249623;462;VER;entrare;59544;393427
rimessa;496;3,586249623;381;NOM;rimessa;281;154840
Lux;0;3,586249623;43;NOM;lux;497;154083
Magnus;0;3,586249623;68;NOM;<unknown>;4511888;162796
considerati;495;3,585374911;456;VER;considerare;11570;12572
imprese;495;3,585374911;371;NOM;impresa;2232;483652
pertanto;495;3,585374911;397;ADV;pertanto;495;422994
pensarlo;495;3,585374911;459;VER;pensare;271765;236649
Mar;0;3,585374911;334;NPR;Mar;485;236915
tesori;495;3,585374911;358;NOM;tesoro;38966;510605
facemmo;495;3,585374911;347;VER;fare;1151883;330902
concentrarti;495;3,585374911;457;VER;concentrarsi;6306;483268
salmone;495;3,585374911;336;NOM;salmone;557;419532
Cliff;0;3,585374911;113;NOM;<unknown>;4511888;414418
Deeks;0;3,585374911;53;NOM;<unknown>;4511888;200662
ambizione;495;3,585374911;408;NOM;ambizione;767;414196
pass;0;3,585374911;354;NOM;<unknown>;4511888;324855
barbiere;494;3,584498433;280;NOM;barbiere;533;205847
accusare;494;3,584498433;449;VER;accusare;6009;197677
riprendiamo;494;3,584498433;444;VER;riprendere;11395;152894
Venere;494;3,584498433;199;NOM;venere;502;274764
Dalton;0;3,584498433;107;NPR;Dalton;4511888;503635
attico;494;3,584498433;311;NOM;attico;505;34963
insegnerò;494;3,584498433;439;VER;insegnare;12541;311444
presti;494;3,584498433;444;VER;prestare;4345;137371
impressionato;494;3,584498433;448;VER;impressionare;1412;167845
risparmia;494;3,584498433;458;VER;risparmiare;4979;485811
troll;494;3,584498433;110;NOM;troll;4511888;453325
Eureka;494;3,584498433;149;INT;eureka;4511888;419035
gradirei;494;3,584498433;445;VER;gradire;2408;251384
picchia;494;3,584498433;399;VER;picchiare;6276;41469
vediamoci;493;3,583620183;448;VER;vedere;328947;344345
imparerai;493;3,583620183;448;VER;imparare;17229;272669
ammalato;493;3,583620183;396;ADJ;ammalato;1732;425016
scompare;493;3,583620183;453;VER;scomparire;7774;419903
ricevendo;493;3,583620183;444;VER;ricevere;25783;33866
teatrale;493;3,583620183;356;ADJ;teatrale;600;302932
drogati;493;3,583620183;397;NOM;drogato;1457;3416
soglia;493;3,583620183;425;NOM;soglia;523;278114
assicuratevi;493;3,583620183;454;VER;assicurarsi;13166;234082
lobo;493;3,583620183;246;NOM;lobo;557;43618
agenzie;493;3,583620183;385;NOM;agenzia;3403;251781
buonissimo;493;3,583620183;455;ADJ;buono;960;192912
mappe;493;3,583620183;357;NOM;mappa;2953;9881
mozione;493;3,583620183;282;NOM;mozione;539;426401
antidolorifici;493;3,583620183;376;NOM;antidolorifico;627;368335
riconosciuta;493;3,583620183;430;VER;riconoscere;10336;398299
liquori;493;3,583620183;387;NOM;liquore;993;111101
kikka_fata;0;3,583620183;142;NOM;<unknown>;4511888;43774
prestiti;492;3,582740154;292;NOM;prestito;3534;453658
musulmani;492;3,582740154;208;NOM;musulmano;482;286749
localizzato;492;3,582740154;425;VER;localizzare;1509;494631
fighetta;492;3,582740154;264;NOM;fighetta;4511888;280361
torri;492;3,582740154;248;NOM;torre;2747;252462
penseremo;492;3,582740154;447;VER;pensare;271765;56631
rito;492;3,582740154;369;NOM;rito;679;438339
ricomincia;492;3,582740154;453;VER;ricominciare;4852;451404
scivolare;492;3,582740154;422;VER;scivolare;2056;30559
Giove;0;3,582740154;227;NOM;Giove;493;333671
Josie;0;3,582740154;87;NPR;Josie;4511888;283751
pentola;492;3,582740154;381;NOM;pentola;630;406909
Banks;0;3,582740154;110;NOM;<unknown>;4511888;78209
erbe;492;3,582740154;349;NOM;erba;4125;514978
conquistato;492;3,582740154;407;VER;conquistare;2251;174757
risarcimento;492;3,582740154;368;NOM;risarcimento;524;509095
8;0;3,581858337;463;NUM;@card@;412838;40706
culi;491;3,581858337;373;NOM;culo;17289;484628
metterle;491;3,581858337;462;VER;mettere;124577;247322
voilà;491;3,581858337;404;INT;voilà;4511888;415060
assicurazioni;491;3,581858337;331;NOM;assicurazione;3131;508246
sparl;0;3,581858337;96;NOM;<unknown>;4511888;308317
fibre;491;3,581858337;331;NOM;fibra;835;404595
estivo;491;3,581858337;370;ADJ;estivo;1060;209551
insulto;491;3,581858337;417;NOM;insulto;828;88466
ballerino;491;3,581858337;367;NOM;ballerino;474;393394
Piper;0;3,581858337;74;ABR;<unknown>;40791;68032
Courtney;0;3,581858337;121;NOM;<unknown>;4511888;145356
sposiamo;491;3,581858337;393;VER;sposare;27477;410331
pianti;491;3,581858337;422;NOM;pianto;710;347373
Sully;0;3,581858337;97;NPR;Sully;4511888;94197
Pyo;0;3,580974726;23;NOM;<unknown>;4511888;510474
unisciti;490;3,580974726;433;VER;unirsi;8491;450906
aspettatemi;490;3,580974726;417;VER;aspettare;116636;321934
antibiotici;490;3,580974726;328;NOM;antibiotico;592;142808
cappuccino;490;3,580974726;319;NOM;cappuccino;567;68830
rubi;490;3,580974726;439;VER;rubare;19463;425184
calo;490;3,580974726;375;NOM;calo;547;314849
rimorchiare;490;3,580974726;401;VER;rimorchiare;1048;238057
richiamerò;490;3,580974726;420;VER;richiamare;5940;23019
lamentarsi;490;3,580974726;456;VER;lamentarsi;3860;254457
documentario;489;3,580089314;311;NOM;documentario;370;84993
genetico;489;3,580089314;379;ADJ;genetico;1220;446990
ryo;0;3,580089314;52;NOM;<unknown>;4511888;511511
distribuzione;489;3,580089314;374;NOM;distribuzione;498;289068
rotti;489;3,580089314;413;ADJ;rotto;15925;77365
rygel;0;3,580089314;69;NOM;<unknown>;4511888;187963
reazioni;489;3,580089314;418;NOM;reazione;2911;174405
simboli;489;3,580089314;306;NOM;simbolo;2042;516191
citazione;489;3,580089314;398;NOM;citazione;678;17516
satellitare;489;3,580089314;375;ADJ;satellitare;660;464251
insegnarti;489;3,580089314;443;VER;insegnare;12541;462718
mance;489;3,580089314;351;NOM;mancia;1330;356997
Judith;0;3,580089314;131;NPR;Judith;4511888;82310
yard;0;3,580089314;243;NOM;yard;489;11404
competenza;489;3,580089314;420;NOM;competenza;691;454541
pà;0;3,580089314;183;NOM;<unknown>;4511888;95124
misteri;489;3,580089314;397;NOM;mistero;2503;64148
statistiche;489;3,580089314;390;NOM;statistica;568;59033
arrendersi;489;3,580089314;420;VER;arrendersi;5306;272816
previsioni;489;3,580089314;387;NOM;previsione;704;425402
pittura;489;3,580089314;346;NOM;pittura;502;249540
Mack;0;3,580089314;104;NOM;<unknown>;4511888;212182
scolastica;489;3,580089314;408;ADJ;scolastico;1739;80871
speravamo;488;3,579202093;458;VER;sperare;36576;258561
baciarti;488;3,579202093;429;VER;baciare;9011;202056
pregando;488;3,579202093;407;VER;pregare;40025;486743
priva;488;3,579202093;434;ADJ;privo;1276;243288
impostore;488;3,579202093;337;NOM;impostore;596;170331
sposarla;488;3,579202093;409;VER;sposare;27477;180318
velo;488;3,579202093;347;NOM;velo;563;495981
stroneo;0;3,579202093;158;ADJ;<unknown>;206355;347765
oui;0;3,579202093;202;NOM;<unknown>;4511888;467598
Iontano;0;3,579202093;293;NOM;<unknown>;4511888;66470
ereditato;488;3,579202093;434;VER;ereditare;982;70061
dubitare;488;3,579202093;446;VER;dubitare;4304;29115
cancella;488;3,579202093;405;VER;cancellare;5390;188379
tornava;487;3,578313056;433;VER;tornare;92785;212021
vaniglia;487;3,578313056;353;NOM;vaniglia;487;136272
abbandonati;487;3,578313056;437;VER;abbandonare;9248;28513
54;0;3,578313056;391;NUM;@card@;412838;238704
dormitorio;487;3,578313056;304;NOM;dormitorio;583;270718
elementari;487;3,578313056;417;ADJ;elementare;1342;455300
arrabbiarti;487;3,578313056;438;VER;arrabbiarsi;14491;184722
gare;487;3,578313056;346;NOM;gara;4275;19362
Licisca;0;3,578313056;388;ABR;<unknown>;40791;208547
aprendo;487;3,578313056;442;VER;aprire;33790;318388
temi;487;3,578313056;387;NOM;tema;1892;306647
Hopper;0;3,578313056;48;NOM;<unknown>;4511888;266465
preferiresti;487;3,578313056;446;VER;preferire;15296;228851
sirene;487;3,578313056;322;NOM;sirena;1179;190712
parcheggiare;486;3,577422196;419;VER;parcheggiare;2199;173314
pronunciare;486;3,577422196;445;VER;pronunciare;1718;503305
emozionata;486;3,577422196;410;ADJ;emozionato;1279;111133
Filippo;0;3,577422196;95;NPR;Filippo;486;443705
camicie;486;3,577422196;371;NOM;camicia;3671;81743
trionfo;486;3,577422196;376;NOM;trionfo;547;70999
disarmato;486;3,577422196;385;VER;disarmare;761;364124
limitata;486;3,577422196;420;ADJ;limitato;605;244318
spostatevi;486;3,577422196;375;VER;spostarsi;8734;410500
agisce;486;3,577422196;436;VER;agire;6369;51102
antiche;486;3,577422196;358;ADJ;antico;4928;425123
trasferirsi;486;3,577422196;425;VER;trasferire;9613;422325
Ginevra;0;3,577422196;219;NPR;Ginevra;486;163513
goblin;0;3,577422196;259;NOM;<unknown>;4511888;225237
selezione;486;3,577422196;354;NOM;selezione;631;224471
televisivo;486;3,577422196;364;ADJ;televisivo;1156;84973
clacson;486;3,577422196;313;NOM;clacson;486;486904
aii;0;3,577422196;272;VER;<unknown>;1069550;424190
costata;485;3,576529504;434;VER;costare;5139;4899
Gardner;0;3,576529504;118;NOM;<unknown>;4511888;33334
bevono;485;3,576529504;434;VER;bere;31940;110646
corvo;485;3,576529504;201;NOM;corvo;802;375383
piume;485;3,576529504;333;NOM;piuma;660;80765
perderla;485;3,576529504;451;VER;perdere;68537;421757
collare;485;3,576529504;275;NOM;collare;531;155040
starci;485;3,576529504;460;VER;stare;648668;334258
comprarmi;485;3,576529504;463;VER;comprare;26675;85170
check;0;3,576529504;338;NOM;check;485;319730
angoli;485;3,576529504;411;NOM;angolo;5089;242420
localizzare;484;3,575634973;422;VER;localizzare;1509;43808
trafficante;484;3,575634973;327;NOM;trafficante;763;113190
spiccioli;484;3,575634973;401;NOM;spicciolo;510;479018
individuare;484;3,575634973;430;VER;individuare;1456;368428
prenderei;484;3,575634973;447;VER;prendere;214434;26760
Peppino;0;3,575634973;38;NPR;Peppino;4511888;214156
lamentarti;484;3,575634973;459;VER;lamentarsi;3860;421522
oi;0;3,575634973;152;VER;<unknown>;1069550;438932
quí;0;3,575634973;172;NOM;<unknown>;4511888;463525
triangolo;484;3,575634973;301;NOM;triangolo;543;399297
meravigliose;484;3,575634973;439;ADJ;meraviglioso;8698;239308
preoccuparci;0;3,575634973;441;VER;preoccupare;43338;22481
dl;0;3,575634973;63;NOM;<unknown>;4511888;343258
salutarti;483;3,574738596;447;VER;salutare;6434;37125
congelato;483;3,574738596;384;VER;congelare;1868;384519
schiacciato;483;3,574738596;417;VER;schiacciare;2184;246282
scopriranno;483;3,574738596;450;VER;scoprire;35725;229396
Gail;0;3,574738596;139;NOM;<unknown>;4511888;471861
guardata;483;3,574738596;433;VER;guardare;111656;493640
imbecilli;483;3,574738596;406;NOM;imbecille;915;464465
frammento;483;3,574738596;310;NOM;frammento;1168;328276
piste;483;3,574738596;415;NOM;pista;4455;444528
comportarmi;483;3,574738596;462;VER;comportarsi;11387;307834
magnetica;483;3,574738596;347;ADJ;magnetico;1088;222332
dimostri;483;3,574738596;450;VER;dimostrare;9466;457603
nuziale;483;3,574738596;348;ADJ;nuziale;591;252079
Jasmine;0;3,574738596;143;NOM;<unknown>;4511888;286917
legittimo;483;3,574738596;397;ADJ;legittimo;1365;125637
atomica;483;3,574738596;309;ADJ;atomico;721;255956
accese;483;3,574738596;399;VER;accendere;1070;75484
penne;482;3,573840365;367;NOM;penna;2616;185098
demgirl;0;3,573840365;447;NOM;<unknown>;4511888;342797
pomodoro;482;3,573840365;360;NOM;pomodoro;996;204302
inclusa;482;3,573840365;457;VER;includere;2908;503832
giá;482;3,573840365;72;ADV;già;4511888;238893
starti;0;3,573840365;470;VER;stare;648668;82740
strutture;482;3,573840365;355;NOM;struttura;2729;353589
chimiche;482;3,573840365;349;ADJ;chimico;1854;380235
accadono;482;3,573840365;422;VER;accadere;15731;390502
County;0;3,573840365;338;NOM;<unknown>;4511888;387955
grassone;482;3,573840365;356;NOM;grassone;644;117638
teopas;0;3,573840365;421;NOM;<unknown>;4511888;105102
annunciato;482;3,573840365;414;VER;annunciare;2053;1182
evita;482;3,573840365;441;VER;evitare;9280;502181
amichetto;482;3,573840365;426;NOM;amico;4511888;460970
accompagnatore;482;3,573840365;316;NOM;accompagnatore;891;192176
University;0;3,573840365;351;NPR;University;482;339127
Elsa;0;3,573840365;86;NOM;elsa;524;443585
diciassette;0;3,573840365;383;NUM;diciassette;353;183759
microonde;482;3,573840365;358;NOM;microonda;483;128469
Cho;0;3,573840365;159;NOM;<unknown>;4511888;214760
segnalato;482;3,573840365;440;VER;segnalare;1432;386289
biasimo;481;3,572940273;445;NOM;biasimo;278;434979
Draper;0;3,572940273;92;ABR;<unknown>;40791;443685
Sergei;0;3,572940273;134;NPR;Sergei;4511888;210989
psicologico;481;3,572940273;413;ADJ;psicologico;1090;481071
scarafaggi;481;3,572940273;308;NOM;scarafaggio;856;442436
scoprisse;481;3,572940273;444;VER;scoprire;35725;497227
divorziare;481;3,572940273;371;VER;divorziare;2167;210253
were;0;3,572940273;183;NOM;<unknown>;4511888;154198
accusata;481;3,572940273;374;VER;accusare;6009;379231
capiranno;481;3,572940273;440;VER;capire;130245;283049
vinta;481;3,572940273;437;VER;vincere;25149;293297
affrontando;481;3,572940273;438;VER;affrontare;9039;193994
interi;481;3,572940273;462;ADJ;intero;13169;40928
scusarsi;481;3,572940273;428;VER;scusarsi;63193;32750
Paulie;0;3,572940273;85;NOM;<unknown>;4511888;286458
complici;480;3,572038311;379;NOM;complice;1918;474371
bourbon;480;3,572038311;321;NOM;bourbon;480;148243
causando;480;3,572038311;428;VER;causare;6441;279102
aghi;480;3,572038311;354;NOM;ago;1593;502090
acquisti;480;3,572038311;414;NOM;acquisto;1217;356941
posticino;480;3,572038311;441;NOM;posticino;4511888;180046
Liv;0;3,572038311;121;NPR;Liv;4511888;250489
avanguardia;480;3,572038311;401;NOM;avanguardia;492;252039
vestire;480;3,572038311;444;VER;vestire;9163;104378
svedese;480;3,572038311;256;ADJ;svedese;508;382933
cuoca;480;3,572038311;333;NOM;cuoco;1638;282076
sdraiati;480;3,572038311;402;VER;sdraiarsi;1686;79581
dimentichiamo;480;3,572038311;433;VER;dimenticare;28054;422884
sanguinare;480;3,572038311;418;VER;sanguinare;2355;332279
giudiziario;479;3,571134472;374;ADJ;giudiziario;680;6687
formiche;479;3,571134472;267;NOM;formica;572;435515
spazzolino;479;3,571134472;369;NOM;spazzolino;493;505164
task;479;3,571134472;305;NOM;task;4511888;193629
musicisti;479;3,571134472;313;NOM;musicista;1158;104304
Frances;0;3,571134472;107;NOM;<unknown>;4511888;389247
aprono;479;3,571134472;437;VER;aprire;33790;135580
pensasse;479;3,571134472;448;VER;pensare;271765;460977
sub;0;3,571134472;293;NOM;sub;479;401089
veglia;479;3,571134472;337;NOM;veglia;434;314064
controllati;479;3,571134472;438;ADJ;controllato;1131;1493
paracadute;479;3,571134472;256;NOM;paracadute;479;423649
cavando;479;3,571134472;443;VER;cavare;5782;203746
41;0;3,571134472;366;NUM;@card@;412838;302586
rigido;478;3,570228748;399;ADJ;rigido;1078;276752
rotoli;478;3,570228748;424;NOM;rotolo;475;454737
Holden;0;3,570228748;136;NOM;<unknown>;4511888;301414
abbandona;478;3,570228748;432;VER;abbandonare;9248;193646
container;478;3,570228748;197;NOM;container;478;340079
Newton;478;3,570228748;180;NOM;newton;478;405372
cofano;478;3,570228748;349;NOM;cofano;487;489343
investimenti;478;3,570228748;366;NOM;investimento;1449;193667
Bloom;0;3,570228748;85;NOM;<unknown>;4511888;1707
fascia;478;3,570228748;372;NOM;fascia;609;409007
intendevi;478;3,570228748;435;VER;intendere;26571;101812
complicate;0;3,570228748;427;ADJ;complicato;954;192437
mastro;478;3,570228748;178;NOM;mastro;341;224700
sorride;478;3,570228748;418;VER;sorridere;5319;59593
sanguina;478;3,570228748;397;VER;sanguinare;2355;356575
entità;477;3,569321131;308;NOM;entità;477;412432
sfidare;477;3,569321131;408;VER;sfidare;2385;319518
Scozia;0;3,569321131;267;NPR;scozia;478;401238
Barrett;0;3,569321131;86;NOM;<unknown>;4511888;248407
ammetti;477;3,569321131;421;VER;ammettere;10048;158047
Khan;0;3,569321131;127;NOM;khan;477;479102
discussioni;477;3,569321131;432;NOM;discussione;2974;414593
spaventi;477;3,569321131;443;VER;spaventare;13560;275341
stallone;477;3,569321131;354;NOM;stallone;534;37543
discarica;477;3,569321131;329;NOM;discarica;495;110767
avanzi;477;3,569321131;409;NOM;avanzo;602;489157
voltato;477;3,569321131;422;ADJ;voltato;3117;354254
comportata;477;3,569321131;442;VER;comportare;11387;507383
fottute;476;3,568411613;358;VER;fottere;16297;22543
accusando;476;3,568411613;426;VER;accusare;6009;274965
reception;476;3,568411613;378;NOM;reception;4511888;21044
polizza;476;3,568411613;283;NOM;polizza;581;135222
preliminari;476;3,568411613;422;ADJ;preliminare;1001;59711
Wells;0;3,568411613;159;NOM;<unknown>;4511888;8001
Manchester;0;3,568411613;241;NPR;Manchester;476;299855
comincerà;476;3,568411613;451;VER;cominciare;29999;18520
cesto;476;3,568411613;359;NOM;cesto;534;229732
Ward;0;3,568411613;113;NOM;<unknown>;4511888;278723
contabilità;476;3,568411613;358;NOM;contabilità;476;493254
sistemerà;476;3,568411613;437;VER;sistemare;12400;171719
indicato;476;3,568411613;437;VER;indicare;3273;469709
46;0;3,568411613;377;NUM;@card@;412838;302579
speri;476;3,568411613;432;VER;sperare;36576;119795
spuntino;475;3,567500187;428;NOM;spuntino;549;441612
mostrando;475;3,567500187;446;VER;mostrare;18023;466977
chiarezza;475;3,567500187;412;NOM;chiarezza;475;94042
imperiale;475;3,567500187;218;ADJ;imperiale;522;277101
abbassate;475;3,567500187;415;VER;abbassare;5787;496493
adorava;475;3,567500187;421;VER;adorare;14766;250990
Maura;0;3,567500187;46;NPR;Maura;4511888;63872
interpretato;475;3,567500187;378;VER;interpretare;2146;48007
infrangere;475;3,567500187;424;VER;infrangere;2224;15551
teschio;475;3,567500187;205;NOM;teschio;601;251860
universale;475;3,567500187;380;ADJ;universale;484;238549
addome;475;3,567500187;346;NOM;addome;477;380385
immediata;475;3,567500187;415;ADJ;immediato;1382;405485
risolverà;475;3,567500187;441;VER;risolvere;11288;243701
marcire;475;3,567500187;443;VER;marcire;954;295670
desiderate;474;3,566586844;374;VER;desiderare;9746;231936
pochissimo;474;3,566586844;437;ADJ;pochissimo;206355;481322
Cynthia;0;3,566586844;127;NPR;Cynthia;4511888;257073
Jessi;0;3,566586844;31;NPR;Jessi;4511888;278326
ulteriore;474;3,566586844;446;ADJ;ulteriore;1338;26934
piacermi;474;3,566586844;449;VER;piacere;116765;457783
freghi;474;3,566586844;430;VER;fregare;12608;473673
conoscermi;474;3,566586844;439;VER;conoscere;92248;406628
bmw;474;3,566586844;210;ABR;BMW;4511888;219241
utero;474;3,566586844;315;NOM;utero;496;400238
crepa;474;3,566586844;326;NOM;crepa;621;149880
locanda;474;3,566586844;214;NOM;locanda;474;164482
aprirlo;0;3,566586844;405;VER;aprire;33790;113551
macello;474;3,566586844;406;NOM;macello;493;242594
diventeremo;474;3,566586844;437;VER;diventare;46915;377787
accettabile;474;3,566586844;414;ADJ;accettabile;559;405445
picco;474;3,566586844;396;NOM;picco;472;53196
Gibson;0;3,566586844;176;NOM;Gibson;4511888;83154
Sissignora;0;3,566586844;343;VER;<unknown>;1069550;12762
Who;0;3,566586844;270;NOM;<unknown>;4511888;210661
onorare;474;3,566586844;420;VER;onorare;2394;153845
difendersi;473;3,565671576;428;VER;difendere;5864;116492
pronuncia;473;3,565671576;387;VER;pronunciare;1718;9744
starmene;473;3,565671576;450;VER;stare;648668;221461
Leda;0;3,565671576;387;NPR;Leda;4511888;194098
Onizuka;0;3,565671576;466;NOM;<unknown>;4511888;465520
52;0;3,565671576;368;NUM;@card@;412838;238710
frainteso;473;3,565671576;436;VER;fraintendere;1380;73598
sopporta;473;3,565671576;417;VER;sopportare;7437;67717
continuavo;473;3,565671576;431;VER;continuare;33215;469893
ricorderai;473;3,565671576;427;VER;ricordare;48841;336798
duemila;473;3,565671576;350;NUM;duemila;368;52894
numerosi;473;3,565671576;428;ADJ;numeroso;1015;482467
modificato;473;3,565671576;423;VER;modificare;1586;129969
Monty;0;3,565671576;96;NPR;Monty;4511888;304312
riceviamo;473;3,565671576;408;VER;ricevere;25783;476858
congedo;473;3,565671576;353;NOM;congedo;460;406724
tornassi;473;3,565671576;444;VER;tornare;92785;509405
tutore;473;3,565671576;299;NOM;tutore;607;185582
First;0;3,565671576;290;NPR;First;473;113402
attirato;472;3,564754375;439;VER;attirare;3163;505620
Carolina;0;3,564754375;281;NPR;Carolina;4511888;214833
Haven;0;3,564754375;127;NPR;Haven;472;420924
umiliato;472;3,564754375;417;VER;umiliare;1659;151111
poverina;472;3,564754375;395;NOM;poverino;574;419162
corridoi;472;3,564754375;404;NOM;corridoio;3132;462939
sperato;472;3,564754375;430;VER;sperare;36576;321116
Carlton;0;3,564754375;139;NOM;<unknown>;4511888;268156
Hulk;0;3,564754375;158;NOM;<unknown>;4511888;41623
avanza;472;3,564754375;384;VER;avanzare;2267;489151
sciarpa;472;3,564754375;321;NOM;sciarpa;520;131008
Marissa;0;3,564754375;64;NOM;<unknown>;4511888;68561
grandissimo;471;3,563835233;421;ADJ;grande;838;51473
Break;0;3,563835233;291;NOM;break;478;399901
Ollie;0;3,563835233;95;NOM;<unknown>;4511888;308793
causata;471;3,563835233;430;VER;causare;6441;42299
au;0;3,563835233;270;NOM;<unknown>;4511888;17980
vesti;471;3,563835233;416;VER;vestire;9163;329535
culetto;471;3,563835233;403;NOM;culetto;4511888;356168
blocchi;471;3,563835233;401;NOM;blocco;2431;409934
drammatica;471;3,563835233;298;ADJ;drammatico;985;170584
Fae;0;3,563835233;32;NOM;<unknown>;4511888;128363
accorgerà;471;3,563835233;437;VER;accorgersi;6980;415373
brillanti;471;3,563835233;420;ADJ;brillante;2304;33174
fogli;471;3,563835233;395;NOM;foglio;1481;516526
900;0;3,563835233;360;NUM;@card@;412838;429750
diventò;471;3,563835233;387;VER;diventare;46915;3269
lontane;471;3,563835233;406;ADJ;lontano;17322;442055
Clarence;0;3,563835233;131;NPR;Clarence;4511888;36045
Frodo;0;3,563835233;67;NOM;frodo;487;209879
togliamo;471;3,563835233;424;VER;togliere;24748;141053
Cassidy;0;3,562914141;125;NPR;Cassidy;470;327446
polmone;470;3,562914141;292;NOM;polmone;2147;405536
ritirarsi;470;3,562914141;395;VER;ritirarsi;5907;393766
veder;0;3,562914141;437;VER;vedere;328947;207179
riportarla;470;3,562914141;427;VER;riportare;11084;95
trasformazione;470;3,562914141;346;NOM;trasformazione;511;324977
Drama;470;3,562914141;111;NOM;dramma;4511888;228235
òhara;0;3,562914141;124;NOM;<unknown>;4511888;324749
tremare;470;3,562914141;416;VER;tremare;1922;424871
eccessivo;470;3,562914141;429;ADJ;eccessivo;911;39341
immenso;470;3,562914141;409;ADJ;immenso;915;394682
seguiti;470;3,562914141;422;VER;seguire;25854;42186
volle;470;3,562914141;399;VER;volere;609883;134604
gettate;470;3,562914141;375;VER;gettare;6651;426715
sbrigarci;0;3,562914141;432;VER;sbrigarsi;9927;352496
cola;0;3,561991092;358;NOM;cola;2329;386571
Malone;0;3,561991092;203;NPR;Malone;469;427289
sacerdote;469;3,561991092;277;NOM;sacerdote;812;463413
berretto;469;3,561991092;288;NOM;berretto;553;473957
raccogliendo;469;3,561991092;429;VER;raccogliere;6762;236141
esplode;469;3,561991092;399;VER;esplodere;5071;203411
frecce;469;3,561991092;323;NOM;freccia;1406;271518
attenda;469;3,561991092;363;VER;attendere;382;172709
professori;469;3,561991092;359;NOM;professore;6753;388269
borghese;469;3,561991092;345;NOM;borghese;317;125877
Tomas;0;3,561991092;69;NPR;Tomas;4511888;74686
igienica;469;3,561991092;380;ADJ;igienico;612;66757
operaio;469;3,561991092;322;NOM;operaio;535;450764
dj;469;3,561991092;244;NOM;dj;4511888;343260
Riccardo;0;3,561991092;94;NPR;Riccardo;469;94945
avversari;469;3,561991092;380;NOM;avversario;1573;430562
Fuller;0;3,561991092;82;NPR;Fuller;4511888;192998
svegliarti;469;3,561991092;419;VER;svegliarsi;14082;64238
Lorenzo;0;3,561991092;100;NPR;Lorenzo;469;133374
spogliatoio;468;3,561066077;329;NOM;spogliatoio;661;26114
sposti;468;3,561066077;420;VER;spostare;8734;228673
esausto;468;3,561066077;425;ADJ;esausto;1066;474946
tendenza;468;3,561066077;388;NOM;tendenza;762;64089
eccita;468;3,561066077;405;VER;eccitare;3596;159890
lanci;468;3,561066077;387;NOM;lancio;2886;386966
rima;468;3,561066077;339;NOM;rima;527;271008
Theresa;0;3,561066077;116;NPR;Theresa;4511888;428963
rifornimento;468;3,561066077;345;NOM;rifornimento;916;223421
disk;0;3,561066077;238;NOM;<unknown>;4511888;498935
minorenne;468;3,561066077;358;ADJ;minorenne;443;290296
Lara;0;3,561066077;63;NOM;<unknown>;4511888;216571
discoteca;467;3,560139087;309;NOM;discoteca;530;338454
nsa;0;3,560139087;240;VER;<unknown>;1069550;107295
Wally;0;3,560139087;137;NOM;<unknown>;4511888;74578
trovino;467;3,560139087;439;VER;trovare;165912;241493
parlerai;467;3,560139087;417;VER;parlare;204981;417131
schiuma;467;3,560139087;332;NOM;schiuma;447;261757
pappagallo;467;3,560139087;240;NOM;pappagallo;566;485007
comportano;467;3,560139087;435;VER;comportare;11387;267408
Locke;0;3,560139087;94;NPR;Locke;4511888;502165
karate;467;3,560139087;237;NOM;karate;467;256925
Arturo;0;3,560139087;68;NPR;Arturo;4511888;193199
stagno;467;3,560139087;300;NOM;stagno;439;143027
Payson;0;3,560139087;40;NPR;Payson;4511888;290491
renderebbe;467;3,560139087;450;VER;rendere;31903;224963
indossano;467;3,560139087;418;VER;indossare;11771;18372
collegare;467;3,560139087;414;VER;collegare;5052;258268
virtuale;467;3,560139087;210;ADJ;virtuale;570;229352
generosità;466;3,559210115;414;NOM;generosità;466;408081
SÌ;466;3,559210115;55;ADV;sì;222939;393243
collera;466;3,559210115;346;NOM;collera;468;309297
venduti;466;3,559210115;410;VER;vendere;19229;137792
Marsh;0;3,559210115;110;NOM;<unknown>;4511888;275014
decimo;466;3,559210115;391;ADJ;decimo;461;225888
General;0;3,559210115;298;NOM;generale;4511888;398691
Nigel;0;3,559210115;114;NPR;Nigel;466;367
Rogers;0;3,559210115;210;NPR;Rogers;4511888;166260
tappo;466;3,559210115;326;NOM;tappo;649;514432
Siobhan;0;3,559210115;30;NPR;Siobhan;4511888;227975
passò;466;3,559210115;390;VER;passare;65203;168590
trattarsi;466;3,559210115;428;VER;trattarsi;28375;253838
reattore;466;3,559210115;187;NOM;reattore;575;21701
Luc;0;3,559210115;75;NPR;Luc;466;411078
sparisce;466;3,559210115;432;VER;sparire;11399;93386
Ethel;0;3,559210115;91;NPR;Ethel;4511888;512972
Javier;0;3,559210115;118;NPR;Javier;466;496338
'70;0;3,559210115;359;NOM;<unknown>;4511888;273888
timone;466;3,559210115;289;NOM;timone;480;458723
account;466;3,559210115;287;NOM;account;4511888;43256
Buddha;0;3,558279151;231;NOM;<unknown>;4511888;349962
renderla;465;3,558279151;432;VER;rendere;31903;248081
guscio;465;3,558279151;340;NOM;guscio;585;145441
riparato;465;3,558279151;393;VER;riparare;3401;113697
rabbino;465;3,558279151;187;NOM;rabbino;509;106672
maggiordomo;465;3,558279151;241;NOM;maggiordomo;488;380342
efficiente;465;3,558279151;399;ADJ;efficiente;608;494529
emergenze;465;3,558279151;407;NOM;emergenza;5651;105164
esterni;465;3,558279151;349;ADJ;esterno;3174;59096
rilassarmi;465;3,558279151;430;VER;rilassarsi;9394;433378
conoscevano;465;3,558279151;419;VER;conoscere;92248;377326
mentore;464;3,557346187;328;NOM;mentore;493;775
avviene;464;3,557346187;413;VER;avvenire;3413;278834
accettiamo;464;3,557346187;409;VER;accettare;15455;444742
Bryce;0;3,557346187;81;NPR;Bryce;4511888;14412
culturale;464;3,557346187;354;ADJ;culturale;604;160592
riferire;464;3,557346187;411;VER;riferire;5655;483951
combinare;464;3,557346187;435;VER;combinare;4521;167802
lieve;464;3,557346187;413;ADJ;lieve;575;361865
Erik;0;3,557346187;70;NPR;Erik;4511888;263827
sottosopra;464;3,557346187;407;ADJ;sottosopra;336;98716
separare;464;3,557346187;406;VER;separare;4548;76757
Moss;0;3,557346187;110;NOM;<unknown>;4511888;22746
costringermi;464;3,557346187;435;VER;costringere;7573;456155
toilette;0;3,557346187;355;NOM;toilette;464;242683
insisti;464;3,557346187;435;VER;insistere;3962;406268
darla;464;3,557346187;368;VER;dare;158901;359420
des;0;3,556411215;209;NOM;<unknown>;4511888;348931
datevi;463;3,556411215;412;VER;dare;158901;495366
dimostrarlo;463;3,556411215;440;VER;dimostrare;9466;34063
tesa;463;3,556411215;398;ADJ;teso;2899;391962
utilizzato;463;3,556411215;397;VER;utilizzare;2785;44067
attrezzature;463;3,556411215;382;NOM;attrezzatura;1577;376639
cercheranno;463;3,556411215;430;VER;cercare;103013;141899
succhiare;463;3,556411215;379;VER;succhiare;2267;376923
Zeus;0;3,556411215;115;NPR;Zeus;4511888;411233
Timothy;0;3,556411215;151;NOM;<unknown>;4511888;290158
abusi;463;3,556411215;337;NOM;abuso;1113;241264
pannolini;463;3,556411215;355;NOM;pannolino;860;512199
Desmond;0;3,556411215;86;NOM;<unknown>;4511888;73425
novellino;463;3,556411215;298;NOM;novellino;360;182257
Madrid;0;3,556411215;209;NPR;Madrid;463;334077
Reagan;0;3,555474225;215;NPR;Reagan;462;296197
Cuddy;0;3,555474225;95;NOM;<unknown>;4511888;178226
scorciatoia;462;3,555474225;369;NOM;scorciatoia;582;58683
lamentele;462;3,555474225;403;NOM;lamentela;647;233024
favole;462;3,555474225;319;NOM;favola;1499;143180
monti;462;3,555474225;344;NOM;monte;422;423517
supereroe;462;3,555474225;259;NOM;supereroe;206355;125316
cassonetto;462;3,555474225;320;NOM;cassonetto;565;408199
predica;462;3,555474225;400;NOM;predica;550;87711
interessava;462;3,555474225;421;VER;interessare;18575;479676
Ronald;0;3,555474225;232;NPR;Ronald;462;32189
identica;462;3,555474225;419;ADJ;identico;1533;144081
fregatura;462;3,555474225;381;NOM;fregatura;503;309459
timida;462;3,555474225;406;ADJ;timido;1238;13274
diverti;462;3,555474225;428;VER;divertire;16856;3805
imbarazzato;462;3,555474225;396;ADJ;imbarazzato;1260;79080
sportiva;462;3,555474225;355;ADJ;sportivo;1446;87016
costiera;462;3,555474225;247;ADJ;costiero;464;349679
Garza;0;3,555474225;146;NOM;garza;559;404476
troietta;462;3,555474225;337;NOM;troia;4511888;224254
svegliarsi;461;3,55453521;425;VER;svegliarsi;14082;461568
hostess;461;3,55453521;259;NOM;hostess;461;99078
terminare;461;3,55453521;415;VER;terminare;2443;37409
userà;461;3,55453521;431;VER;usare;48691;337713
aragosta;461;3,55453521;253;NOM;aragosta;662;224821
daresti;461;3,55453521;435;VER;dare;158901;240703
raccogli;461;3,55453521;405;VER;raccogliere;6762;513135
Lin;0;3,55453521;136;NPR;Lin;4511888;250484
fuorilegge;461;3,55453521;270;NOM;fuorilegge;461;268409
Queens;0;3,55453521;279;NOM;<unknown>;4511888;447631
smetto;461;3,55453521;416;VER;smettere;39551;416148
scansione;461;3,55453521;316;NOM;scansione;623;488119
strato;461;3,55453521;338;NOM;strato;779;64696
rivelazione;461;3,55453521;370;NOM;rivelazione;583;43738
giu;461;3,55453521;204;ADV;giù;4511888;238811
Peterson;0;3,55453521;157;NPR;Peterson;4511888;320221
serra;461;3,55453521;206;NOM;serra;454;382189
matricola;460;3,55359416;335;NOM;matricola;687;78635
parassita;460;3,55359416;322;NOM;parassita;362;126517
comprarti;460;3,55359416;420;VER;comprare;26675;300614
silenziosa;460;3,55359416;389;ADJ;silenzioso;1428;48479
vivrai;460;3,55359416;403;VER;vivere;39609;124514
basse;460;3,55359416;408;ADJ;basso;6966;49513
desolato;460;3,55359416;379;VER;desolare;623;319337
affamata;460;3,55359416;409;VER;affamare;1465;14704
4400;0;3,55359416;38;NUM;@card@;412838;57752
dinozzo;0;3,55359416;64;VER;<unknown>;1069550;316086
ja;0;3,55359416;182;NOM;<unknown>;4511888;111543
Mercer;0;3,55359416;130;NPR;Mercer;4511888;280015
finanziari;460;3,55359416;366;ADJ;finanziario;1986;136146
potevate;460;3,55359416;435;VER;potere;676977;88048
intrappolata;460;3,55359416;393;VER;intrappolare;2227;114937
vous;0;3,55359416;133;NOM;<unknown>;4511888;428796
distrazione;459;3,552651066;407;NOM;distrazione;705;339458
Allan;0;3,552651066;131;NPR;Allan;459;446506
Playboy;459;3,552651066;307;NOM;playboy;459;75819
detonatore;459;3,552651066;269;NOM;detonatore;579;494383
they;0;3,552651066;152;NOM;<unknown>;4511888;213814
Marian;0;3,552651066;58;NPR;Marian;4511888;205633
tori;459;3,552651066;176;NOM;toro;459;420675
Paris;0;3,552651066;207;NPR;Parigi;4511888;229445
mostrarle;0;3,552651066;427;VER;mostrare;18023;7750
Rosen;0;3,552651066;84;NOM;<unknown>;4511888;491339
brivido;459;3,552651066;362;NOM;brivido;1385;417105
scampo;459;3,552651066;407;NOM;scampo;597;285782
forzato;459;3,552651066;415;ADJ;forzato;1751;413546
urgenza;459;3,552651066;407;NOM;urgenza;469;298106
davano;459;3,552651066;420;VER;dare;158901;57980
ingegneria;459;3,552651066;332;NOM;ingegneria;459;220036
biologica;459;3,552651066;325;ADJ;biologico;1489;375194
Santiago;0;3,552651066;109;NPR;Santiago;459;456612
muovete;459;3,552651066;386;VER;muovere;32025;211890
giustificare;459;3,552651066;429;VER;giustificare;1609;288691
rimpianto;459;3,552651066;372;NOM;rimpianto;575;50113
concentrarci;459;3,552651066;432;VER;concentrarsi;6306;286412
elite;459;3,552651066;312;NOM;elite;459;440268
facevate;459;3,552651066;413;VER;fare;1151883;414420
Falls;0;3,552651066;202;NOM;<unknown>;4511888;327659
andammo;459;3,552651066;365;VER;andare;641883;248560
premuroso;459;3,552651066;419;ADJ;premuroso;696;492019
gracias;0;3,552651066;257;NOM;<unknown>;4511888;315388
sbronza;459;3,552651066;380;NOM;sbronza;361;268541
specchi;458;3,55170592;294;NOM;specchio;2805;83463
Nossignore;458;3,55170592;332;INT;nossignore;428;447761
pneumatici;458;3,55170592;317;NOM;pneumatico;393;329274
ladra;458;3,55170592;316;NOM;ladro;1989;65084
Biancaneve;0;3,55170592;323;NPR;Biancaneve;4511888;515393
insegnarmi;458;3,55170592;421;VER;insegnare;12541;428646
Lu;0;3,55170592;131;NOM;<unknown>;4511888;388203
pelliccia;458;3,55170592;310;NOM;pelliccia;653;169591
scrittori;458;3,55170592;333;NOM;scrittore;2529;408191
Bradley;0;3,55170592;152;NOM;<unknown>;4511888;59028
commerciali;458;3,55170592;374;ADJ;commerciale;2292;351639
compatibile;458;3,55170592;320;ADJ;compatibile;762;100519
alias;458;3,55170592;329;NOM;alias;458;242345
sorvegliare;458;3,55170592;418;VER;sorvegliare;2394;145081
scura;458;3,55170592;375;ADJ;scuro;1651;465090
arrestati;458;3,55170592;389;VER;arrestare;10230;441796
tirerò;458;3,55170592;414;VER;tirare;24696;219370
aiuteremo;458;3,55170592;417;VER;aiutare;72590;334827
visibile;458;3,55170592;386;ADJ;visibile;674;344310
Giulietta;0;3,55170592;176;NPR;Giulietta;4511888;497658
Fran;0;3,550758712;99;NOM;<unknown>;4511888;7424
navigazione;457;3,550758712;316;NOM;navigazione;458;150786
bottoni;457;3,550758712;345;NOM;bottone;1409;306709
spiegami;457;3,550758712;431;VER;spiegare;19836;379691
morirete;457;3,550758712;369;VER;morire;96820;58425
mantenete;457;3,550758712;374;VER;mantenere;10347;136252
ondata;457;3,550758712;353;NOM;ondata;542;439421
completi;457;3,550758712;403;NOM;completo;1123;179073
insegnano;457;3,550758712;406;VER;insegnare;12541;160900
spaventarti;457;3,550758712;422;VER;spaventare;13560;42641
tela;457;3,550758712;312;NOM;tela;653;282519
incontriamoci;457;3,550758712;417;VER;incontrarsi;27005;339864
pas;0;3,550758712;107;NOM;<unknown>;4511888;380573
moschea;457;3,550758712;123;NOM;moschea;494;358576
arriverai;457;3,550758712;426;VER;arrivare;85743;352444
prendano;457;3,550758712;422;VER;prendere;214434;260575
lasciateci;457;3,550758712;385;VER;lasciare;153939;150500
scusarci;457;3,550758712;437;VER;scusarsi;63193;166117
include;457;3,550758712;435;VER;includere;2908;348926
Clive;0;3,550758712;81;NPR;Clive;457;281087
davo;456;3,549809434;377;VER;dare;158901;132618
Oregon;0;3,549809434;244;NPR;Oregon;456;450574
Haskell;0;3,549809434;57;NPR;Haskell;4511888;274706
señor;0;3,549809434;140;NOM;<unknown>;4511888;294163
occuparci;0;3,549809434;432;VER;occupare;25028;123158
scoiattolo;456;3,549809434;291;NOM;scoiattolo;709;246827
Royal;0;3,549809434;243;NPR;Royal;456;485951
vinciamo;456;3,549809434;353;VER;vincere;25149;155237
Lacey;0;3,549809434;88;NPR;Lacey;456;340871
serate;456;3,549809434;378;NOM;serata;8415;121225
nervosi;456;3,549809434;409;ADJ;nervoso;5233;169879
78;0;3,549809434;338;NUM;@card@;412838;111001
canestro;456;3,549809434;263;NOM;canestro;511;213923
mangeremo;456;3,549809434;405;VER;mangiare;42515;372407
Bretagna;0;3,549809434;285;NPR;Bretagna;456;107704
conoscesse;456;3,549809434;424;VER;conoscere;92248;272085
testi;456;3,549809434;334;NOM;testo;447;27888
satelliti;456;3,549809434;273;NOM;satellite;1354;173808
coprifuoco;455;3,548858077;290;NOM;coprifuoco;460;87089
fiammiferi;455;3,548858077;312;NOM;fiammifero;785;507200
esistito;455;3,548858077;393;VER;esistere;15344;413257
Daffodils;0;3,548858077;448;NOM;<unknown>;4511888;131420
richiedono;455;3,548858077;427;VER;richiedere;7195;373350
venderla;455;3,548858077;397;VER;vendere;19229;405866
domestico;455;3,548858077;364;ADJ;domestico;1500;68730
suonano;455;3,548858077;384;VER;suonare;13259;461194
ragaeee;0;3,548858077;159;NOM;<unknown>;4511888;482196
ballato;455;3,548858077;355;VER;ballare;8757;510904
vialetto;455;3,548858077;369;NOM;vialetto;4511888;438975
mascella;455;3,548858077;364;NOM;mascella;509;478401
russe;0;3,548858077;301;ADJ;russo;3180;363721
Traduzioni;455;3,548858077;82;NOM;traduzione;19551;187081
Duchessa;455;3,548858077;125;NOM;duchessa;461;493514
abbondanza;455;3,548858077;391;NOM;abbondanza;456;49109
Cohen;0;3,548858077;113;NPR;Cohen;4511888;236761
profonde;455;3,548858077;401;ADJ;profondo;4676;42979
dircelo;455;3,548858077;430;VER;dire;636417;58100
tirarla;455;3,548858077;412;VER;tirare;24696;355838
Laurel;0;3,547904631;96;NOM;<unknown>;4511888;272142
viscido;454;3,547904631;379;ADJ;viscido;655;484147
infinita;454;3,547904631;408;ADJ;infinito;2314;229685
piacciano;454;3,547904631;420;VER;piacere;116765;337470
occupazione;454;3,547904631;340;NOM;occupazione;506;463170
Crawford;0;3,547904631;95;NOM;<unknown>;4511888;150094
organizza;454;3,547904631;425;VER;organizzare;8274;427099
destinati;454;3,547904631;400;VER;destinare;1805;155493
Bennet;0;3,547904631;145;NOM;<unknown>;4511888;414056
Anonimi;454;3,547904631;339;NOM;anonimo;4511888;224634
slogan;454;3,547904631;294;NOM;slogan;454;53387
tranquillità;454;3,547904631;399;NOM;tranquillità;454;90514
imbrogliato;454;3,547904631;346;VER;imbrogliare;1403;492434
eddai;0;3,547904631;385;VER;<unknown>;1069550;411321
consolato;454;3,547904631;211;NOM;consolato;438;371961
gigantesco;454;3,547904631;399;ADJ;gigantesco;935;495357
rischiando;453;3,546949087;421;VER;rischiare;5743;273939
proiezione;453;3,546949087;295;NOM;proiezione;630;362259
Leila;0;3,546949087;93;NPR;Leila;1069550;500767
godendo;453;3,546949087;423;VER;godere;5867;268065
ricostruzione;453;3,546949087;321;NOM;ricostruzione;488;294717
81;0;3,546949087;183;NUM;@card@;412838;47444
nani;453;3,546949087;253;NOM;nano;734;102486
abbracciare;453;3,546949087;399;VER;abbracciare;3010;53342
caffetteria;453;3,546949087;345;NOM;caffetteria;483;264297
tossici;453;3,546949087;360;ADJ;tossico;1205;143251
Kai;0;3,546949087;78;NOM;<unknown>;4511888;243355
Oklahoma;0;3,546949087;241;NPR;Oklahoma;453;86947
rubrica;453;3,546949087;302;NOM;rubrica;475;298407
anti;453;3,546949087;359;PRE;anti;1069550;146349
stanne;0;3,546949087;417;VER;<unknown>;1069550;338646
canaglia;453;3,546949087;334;NOM;canaglia;453;220385
malvagi;453;3,546949087;347;ADJ;malvagio;1762;37353
rame;453;3,546949087;288;NOM;rame;453;105461
cariche;453;3,546949087;347;NOM;carica;2408;205311
Teyla;0;3,545991436;66;NPR;Teyla;1069550;464128
avverrà;452;3,545991436;391;VER;avvenire;3413;118536
spaventarmi;452;3,545991436;420;VER;spaventare;13560;209948
umiliazione;452;3,545991436;402;NOM;umiliazione;552;280099
bevanda;452;3,545991436;326;NOM;bevanda;872;433976
salsicce;452;3,545991436;299;NOM;salsiccia;1011;209475
Beatrice;0;3,545991436;106;NOM;<unknown>;4511888;221764
voialtri;452;3,545991436;393;PRO;voi;452;310085
tronco;452;3,545991436;337;NOM;tronco;497;139850
lasciarsi;452;3,545991436;417;VER;lasciarsi;153939;368222
Alfred;0;3,545991436;161;NPR;Alfred;452;37999
vela;452;3,545991436;285;NOM;vela;797;495989
Der;0;3,545991436;186;NOM;<unknown>;4511888;286342
Cadillac;0;3,545991436;235;NPR;Cadillac;4511888;38295
Let;0;3,545991436;183;NOM;<unknown>;4511888;20901
avvenuta;452;3,545991436;418;VER;avvenire;3413;77489
Briggs;0;3,545991436;119;NPR;Briggs;4511888;217267
imbattuto;452;3,545991436;391;VER;imbattere;1265;375495
Bin;0;3,545991436;169;NOM;<unknown>;4511888;365809
sogna;452;3,545991436;374;VER;sognare;6200;29428
intendete;452;3,545991436;379;VER;intendere;26571;149495
varietà;451;3,545031669;358;NOM;varietà;451;19979
contrabbando;451;3,545031669;338;NOM;contrabbando;459;465425
Anita;0;3,545031669;147;NPR;Anita;451;80719
Porsche;0;3,545031669;222;NPR;Porsche;451;63061
aumentato;451;3,545031669;414;VER;aumentare;3829;483983
piangeva;451;3,545031669;379;VER;piangere;14088;11923
sará;451;3,545031669;82;VER;essere;4511888;39832
rinchiusa;451;3,545031669;399;VER;rinchiudere;2490;447162
Roosevelt;0;3,545031669;233;NPR;Roosevelt;451;261845
artistico;451;3,545031669;355;ADJ;artistico;969;127190
anomalia;451;3,545031669;274;NOM;anomalia;747;15075
Bender;0;3,545031669;63;NPR;Bender;4511888;233977
cervelli;450;3,544069776;308;NOM;cervello;9653;491537
inciso;450;3,544069776;398;VER;incidere;1094;400917
crudeltà;450;3,544069776;392;NOM;crudeltà;450;329017
dolcemente;450;3,544069776;347;ADV;dolcemente;4511888;192834
Sovietica;450;3,544069776;239;ADJ;sovietico;621;31874
parassiti;450;3,544069776;315;NOM;parassita;552;246150
acquistare;450;3,544069776;380;VER;acquistare;1403;210894
regime;450;3,544069776;330;NOM;regime;479;13008
passarmi;450;3,544069776;426;VER;passare;65203;237278
dotato;450;3,544069776;399;ADJ;dotato;857;116462
accoglienza;449;3,543105748;370;NOM;accoglienza;451;77838
Berger;0;3,543105748;83;ABR;<unknown>;40791;354080
rivale;449;3,543105748;366;NOM;rivale;542;193059
esaurimento;449;3,543105748;372;NOM;esaurimento;465;56620
sorgente;449;3,543105748;267;NOM;sorgente;525;23874
crollato;449;3,543105748;382;VER;crollare;2494;60232
spezza;449;3,543105748;398;VER;spezzare;4239;118872
Candy;0;3,543105748;142;NOM;<unknown>;4511888;228964
bidone;449;3,543105748;344;NOM;bidone;653;100714
proverà;449;3,543105748;418;VER;provare;60980;440171
funebri;449;3,543105748;270;ADJ;funebre;999;287090
lucascorso;0;3,543105748;402;ADJ;<unknown>;206355;289920
facciale;449;3,543105748;344;ADJ;facciale;574;455045
parcheggiata;449;3,543105748;399;VER;parcheggiare;2199;221321
fiocchi;449;3,543105748;377;NOM;fiocco;795;337841
impotente;449;3,543105748;372;ADJ;impotente;485;387004
sentirei;449;3,543105748;432;VER;sentire;192280;33500
Marcello;0;3,543105748;60;NPR;Marcello;449;291052
Burns;0;3,543105748;145;NOM;<unknown>;4511888;440050
Stanford;0;3,543105748;221;NPR;Stanford;449;393976
riempie;448;3,542139575;414;VER;riempire;4936;343820
piango;448;3,542139575;372;VER;piangere;14088;409113
manderemo;448;3,542139575;417;VER;mandare;36513;62854
romanzi;448;3,542139575;311;NOM;romanzo;1677;325529
guardatelo;448;3,542139575;399;VER;guardare;111656;109980
suicidarsi;448;3,542139575;379;VER;suicidarsi;2163;277154
investigatori;448;3,542139575;361;NOM;investigatore;1799;78267
rifornimenti;448;3,542139575;303;NOM;rifornimento;916;223423
aiutante;448;3,542139575;315;NOM;aiutante;492;324816
esterna;448;3,542139575;380;ADJ;esterno;3174;59102
villaggi;448;3,542139575;300;NOM;villaggio;5012;299491
respirazione;448;3,542139575;365;NOM;respirazione;448;89585
lettore;448;3,542139575;355;NOM;lettore;875;405234
sposate;448;3,542139575;381;VER;sposare;27477;174839
Yu;0;3,542139575;86;NOM;<unknown>;4511888;11260
circondati;447;3,541171248;402;VER;circondare;2999;387081
ingenua;447;3,541171248;393;ADJ;ingenuo;933;28172
scotta;447;3,541171248;355;VER;scottare;353;261941
chiamerai;447;3,541171248;403;VER;chiamare;133592;280630
bisturi;447;3,541171248;313;NOM;bisturi;447;174958
pescatore;447;3,541171248;261;NOM;pescatore;491;365170
sostenuto;447;3,541171248;389;VER;sostenere;4823;478327
inventario;447;3,541171248;366;NOM;inventario;461;417655
Eugene;0;3,541171248;144;NPR;Eugene;447;423293
Lawson;0;3,541171248;108;NPR;Lawson;4511888;109699
problemino;447;3,541171248;398;NOM;problema;4511888;309635
fienile;447;3,541171248;224;NOM;fienile;460;347273
promettente;447;3,541171248;408;ADJ;promettente;552;261261
minacciata;447;3,541171248;387;VER;minacciare;5013;6288
buffet;447;3,541171248;354;NOM;buffet;447;324250
spontanea;447;3,541171248;386;ADJ;spontaneo;812;183203
yuan;447;3,541171248;57;NOM;yuan;4511888;300210
Rover;0;3,541171248;145;NOM;<unknown>;4511888;349109
cerebrali;447;3,541171248;349;ADJ;cerebrale;1698;58552
sistemiamo;447;3,541171248;409;VER;sistemare;12400;54209
proveremo;447;3,541171248;421;VER;provare;60980;134596
rivela;447;3,541171248;396;VER;rivelare;4521;83172
bastato;447;3,541171248;426;VER;bastare;43839;217572
funzionario;447;3,541171248;323;NOM;funzionario;798;244199
benedetta;447;3,541171248;329;VER;benedire;3194;397548
pino;447;3,541171248;286;NOM;pino;483;410352
tradotto;447;3,541171248;370;VER;tradurre;2104;482033
limonata;447;3,541171248;300;NOM;limonata;490;408307
vetrina;447;3,541171248;339;NOM;vetrina;504;364531
pensateci;446;3,540200757;413;VER;pensare;271765;511232
vassoio;446;3,540200757;361;NOM;vassoio;529;462340
master;0;3,540200757;275;NOM;master;446;258838
orfani;446;3,540200757;290;NOM;orfano;511;385836
scafo;446;3,540200757;251;NOM;scafo;446;340528
Resynch;0;3,540200757;434;NOM;<unknown>;4511888;6707
as;0;3,540200757;202;NOM;<unknown>;4511888;17978
fiumi;446;3,540200757;354;NOM;fiume;5133;16956
decenni;446;3,540200757;383;NOM;decennio;587;498764
Isabella;0;3,540200757;108;NPR;isabella;392;329305
nasconderlo;446;3,540200757;410;VER;nascondere;21950;155486
Ciuzza;0;3,540200757;446;NOM;<unknown>;4511888;446563
Tanner;0;3,540200757;106;NOM;<unknown>;4511888;418451
Spock;0;3,540200757;83;NPR;Spock;4511888;107422
schizzi;446;3,540200757;314;NOM;schizzo;766;90043
scheletro;446;3,540200757;295;NOM;scheletro;708;170443
Landry;0;3,540200757;116;NOM;<unknown>;4511888;247549
Moe;0;3,539228093;97;ADJ;<unknown>;206355;188690
coroner;0;3,539228093;330;NOM;<unknown>;4511888;380960
tornarci;445;3,539228093;423;VER;tornare;92785;365861
bruslo;0;3,539228093;90;NOM;<unknown>;4511888;416565
entrò;445;3,539228093;378;VER;entrare;59544;253005
giretto;445;3,539228093;400;NOM;giretto;457;67152
uscì;445;3,539228093;349;VER;uscire;67981;8533
differenze;445;3,539228093;390;NOM;differenza;6981;269925
risponderò;445;3,539228093;419;VER;rispondere;27544;192642
gattino;445;3,539228093;270;NOM;gattino;660;325802
radice;445;3,539228093;334;NOM;radice;1228;66791
du;0;3,539228093;252;NOM;<unknown>;4511888;343279
fissata;444;3,538253245;406;VER;fissare;5169;332809
sbornia;444;3,538253245;385;NOM;sbornia;456;80655
pensò;444;3,538253245;331;VER;pensare;271765;362534
colloqui;444;3,538253245;330;NOM;colloquio;2166;473127
continuerai;444;3,538253245;418;VER;continuare;33215;166207
sopracciglia;444;3,538253245;323;NOM;sopracciglio;432;86369
Adele;0;3,538253245;116;NOM;<unknown>;4511888;28524
Willow;0;3,538253245;105;NOM;<unknown>;4511888;142712
sorridendo;444;3,538253245;375;VER;sorridere;5319;507808
riprendermi;444;3,538253245;425;VER;riprendere;11395;45228
salvando;444;3,538253245;401;VER;salvare;26667;50615
pallina;444;3,538253245;301;NOM;pallina;796;126148
fumetto;444;3,538253245;220;NOM;fumetto;1219;235987
cappuccio;444;3,538253245;302;NOM;cappuccio;374;321761
corriamo;444;3,538253245;375;VER;correre;18695;198375
Iron;0;3,538253245;146;NOM;<unknown>;4511888;340469
dogana;444;3,538253245;281;NOM;dogana;479;178175
mettiamola;443;3,537276204;415;VER;mettere;124577;52
stento;443;3,537276204;402;NOM;stento;404;373556
tasto;443;3,537276204;361;NOM;tasto;620;471898
bruciati;443;3,537276204;380;VER;bruciare;9293;418677
permettetemi;443;3,537276204;368;VER;permettere;24109;354693
chemio;443;3,537276204;222;NOM;chemio;4511888;306313
lamento;443;3,537276204;386;VER;lamentare;3860;191632
parrucchiere;443;3,537276204;316;NOM;parrucchiere;673;245909
covo;443;3,537276204;317;NOM;covo;472;515477
ape;443;3,537276204;254;NOM;ape;1248;208558
dormirò;443;3,537276204;398;VER;dormire;30760;218804
Asia;0;3,537276204;331;NPR;Asia;443;279746
telefonici;443;3,537276204;385;ADJ;telefonico;2214;93383
Maddy;0;3,537276204;103;NOM;<unknown>;4511888;104141
mangiati;443;3,537276204;382;VER;mangiare;42515;494031
spaventando;443;3,537276204;399;VER;spaventare;13560;341998
cenato;442;3,536296961;393;VER;cenare;2835;335128
Schmidt;0;3,536296961;96;NOM;<unknown>;4511888;280363
frequenze;442;3,536296961;314;NOM;frequenza;1585;502833
poliziotta;442;3,536296961;299;NOM;poliziotto;8412;162617
concentrarsi;442;3,536296961;403;VER;concentrarsi;6306;419900
mettili;442;3,536296961;393;VER;mettere;124577;164926
riporterò;442;3,536296961;402;VER;riportare;11084;198464
week;0;3,536296961;325;NOM;<unknown>;4511888;465995
effrazione;442;3,536296961;336;NOM;effrazione;500;514635
rilassarsi;442;3,536296961;409;VER;rilassarsi;9394;193635
tradizioni;442;3,536296961;328;NOM;tradizione;1997;372083
matrimoniale;442;3,536296961;349;ADJ;matrimoniale;559;50054
spiando;442;3,536296961;366;VER;spiare;1797;125321
dirigenti;442;3,536296961;309;NOM;dirigente;893;76734
vertigini;442;3,536296961;345;NOM;vertigine;477;278211
sedili;442;3,536296961;356;NOM;sedile;1786;56265
scintilla;442;3,536296961;326;NOM;scintilla;676;57567
risiamo;0;3,535315504;414;VER;riessere;448;111112
guinzaglio;441;3,535315504;352;NOM;guinzaglio;454;479508
Drake;0;3,535315504;131;NPR;Drake;4511888;276261
annunci;441;3,535315504;346;NOM;annuncio;2152;213548
Floyd;0;3,535315504;122;NPR;Floyd;4511888;5688
polsi;441;3,535315504;349;NOM;polso;2174;120384
combattente;441;3,535315504;340;NOM;combattente;636;398944
calcolato;441;3,535315504;394;VER;calcolare;1057;14179
orizzonte;441;3,535315504;348;NOM;orizzonte;616;430203
fattorino;441;3,535315504;319;NOM;fattorino;534;238218
modelle;441;3,535315504;273;NOM;modella;1470;346507
accetterà;441;3,535315504;387;VER;accettare;15455;376994
imprevedibile;441;3,535315504;376;ADJ;imprevedibile;594;360871
Frankenstein;0;3,535315504;168;NPR;Frankenstein;4511888;62637
invano;441;3,535315504;375;ADV;invano;441;72402
shuttle;0;3,535315504;153;NOM;shuttle;441;182238
sputare;441;3,535315504;384;VER;sputare;2406;311521
manderanno;441;3,535315504;401;VER;mandare;36513;20710
hipopo;0;3,534331824;369;NOM;hipopo;4511888;418312
Donner;0;3,534331824;55;NOM;<unknown>;4511888;439313
180;0;3,534331824;340;NUM;@card@;412838;236312
pacchi;440;3,534331824;326;NOM;pacco;2194;29216
Parsons;0;3,534331824;110;NOM;<unknown>;4511888;413506
barella;440;3,534331824;331;NOM;barella;484;243530
muta;440;3,534331824;300;NOM;muta;238;325973
finiranno;440;3,534331824;408;VER;finire;80815;376919
prelevato;440;3,534331824;366;VER;prelevare;1454;148571
riprendersi;440;3,534331824;415;VER;riprendere;11395;449886
Bryan;0;3,534331824;89;NPR;Bryan;440;515695
Fry;0;3,534331824;66;NOM;<unknown>;4511888;66709
Butch;0;3,534331824;132;NOM;<unknown>;4511888;369569
colpiscimi;440;3,534331824;257;VER;colpire;19652;175268
scivolato;440;3,534331824;369;VER;scivolare;2056;260269
formalità;440;3,534331824;378;NOM;formalità;440;219837
simpatia;440;3,534331824;371;NOM;simpatia;481;141254
cambierò;440;3,534331824;389;VER;cambiare;39212;176092
budella;440;3,534331824;372;NOM;budella;4511888;227558
110;0;3,534331824;341;NUM;@card@;412838;451838
innocuo;439;3,533345911;379;ADJ;innocuo;802;267520
galline;439;3,533345911;280;NOM;gallina;1229;200740
segnalazione;439;3,533345911;350;NOM;segnalazione;607;461362
qualificato;439;3,533345911;377;VER;qualificare;818;332086
mancante;439;3,533345911;363;ADJ;mancante;21146;149567
Columbia;0;3,533345911;259;NPR;Columbia;439;222784
prendessi;439;3,533345911;417;VER;prendere;214434;140374
evasione;439;3,533345911;301;NOM;evasione;463;485228
light;0;3,533345911;297;NOM;<unknown>;4511888;370028
Alvin;0;3,533345911;60;NOM;<unknown>;4511888;91248
sospesa;439;3,533345911;360;VER;sospendere;2270;137073
Ling;0;3,533345911;87;NOM;<unknown>;4511888;127622
liberate;0;3,533345911;336;VER;liberare;10975;78983
lamenta;439;3,533345911;388;VER;lamentare;3860;191629
lavoreremo;439;3,533345911;409;VER;lavorare;53195;59035
convinzione;439;3,533345911;388;NOM;convinzione;733;103836
convulsioni;439;3,533345911;267;NOM;convulsione;461;163741
recluta;439;3,533345911;269;NOM;recluta;782;304574
feroce;439;3,533345911;366;ADJ;feroce;648;59900
televisore;438;3,532357755;335;NOM;televisore;524;233239
travestito;438;3,532357755;341;NOM;travestito;287;354688
ottengo;438;3,532357755;391;VER;ottenere;14689;10138
salvarci;438;3,532357755;389;VER;salvare;26667;422073
cambiarlo;0;3,532357755;391;VER;cambiare;39212;21948
design;438;3,532357755;316;NOM;design;438;158916
arrenderti;438;3,532357755;394;VER;arrendersi;5306;296656
fregata;438;3,532357755;355;NOM;fregata;12608;440020
emozionato;438;3,532357755;389;ADJ;emozionato;1279;104152
consideralo;438;3,532357755;411;VER;considerare;11570;471539
cupcake;438;3,532357755;97;NOM;cupcake;4511888;232185
storiella;437;3,531367345;392;NOM;storiella;604;29717
diga;437;3,531367345;190;NOM;diga;494;460630
catering;437;3,531367345;275;NOM;catering;4511888;311402
fatela;437;3,531367345;391;VER;fare;1151883;460917
irresponsabile;437;3,531367345;391;ADJ;irresponsabile;396;114812
Quentin;0;3,531367345;93;NPR;Quentin;437;96392
smetterà;437;3,531367345;407;VER;smettere;39551;327065
assemblea;437;3,531367345;288;NOM;assemblea;468;382910
prendesse;437;3,531367345;419;VER;prendere;214434;329431
Dani;0;3,531367345;104;NPR;Dani;4511888;430298
risveglio;437;3,531367345;368;NOM;risveglio;422;118502
scaricata;437;3,531367345;377;VER;scaricare;5409;33005
debbano;437;3,531367345;408;VER;dovere;548096;64500
rientrato;436;3,530374671;390;VER;rientrare;3810;382493
gate;0;3,530374671;220;VER;<unknown>;1069550;60454
Prince;0;3,530374671;202;NOM;<unknown>;4511888;169853
esistesse;436;3,530374671;404;VER;esistere;15344;344200
massaggi;436;3,530374671;335;NOM;massaggio;1431;106378
trattarmi;436;3,530374671;408;VER;trattare;28375;243877
Tito;0;3,530374671;103;NOM;<unknown>;4511888;131759
aliora;0;3,530374671;97;NOM;<unknown>;4511888;270014
serbo;436;3,530374671;362;NOM;serbo;585;517334
sentir;0;3,530374671;409;VER;sentire;192280;209641
topolino;436;3,530374671;219;NOM;topolino;499;453612
sederci;436;3,530374671;402;VER;sedersi;30364;69871
League;0;3,529379724;266;NOM;<unknown>;4511888;148737
terminale;435;3,529379724;310;ADJ;terminale;334;122887
solleva;435;3,529379724;375;VER;sollevare;3593;193805
esito;435;3,529379724;388;NOM;esito;554;357404
gesso;435;3,529379724;302;NOM;gesso;452;327455
Disney;0;3,529379724;176;NPR;Disney;4511888;479049
performance;435;3,529379724;348;NOM;performance;435;185937
pe;0;3,529379724;210;VER;<unknown>;1069550;95059
statemi;435;3,529379724;401;VER;stare;648668;230775
arrabbi;435;3,529379724;398;VER;arrabbiare;14491;228738
dilettante;435;3,529379724;373;NOM;dilettante;641;237188
dolorosa;435;3,529379724;379;ADJ;doloroso;1806;109193
supremo;435;3,529379724;280;ADJ;supremo;498;189077
guardatevi;435;3,529379724;395;VER;guardare;111656;317851
regia;435;3,529379724;345;NOM;regia;323;162716
autorizzata;435;3,529379724;374;VER;autorizzare;2564;181669
sesta;435;3,529379724;348;ADJ;sesto;1675;413356
palcoscenico;435;3,529379724;310;NOM;palcoscenico;442;330673
tradisce;435;3,529379724;371;VER;tradire;7183;489435
fregarmi;435;3,529379724;390;VER;fregare;12608;246504
stringi;435;3,529379724;352;VER;stringere;5010;215537
negligenza;435;3,529379724;309;NOM;negligenza;449;482810
rappresento;434;3,528382491;379;VER;rappresentare;4518;452610
modificare;434;3,528382491;378;VER;modificare;1586;274189
perquisire;434;3,528382491;378;VER;perquisire;1614;371229
ricominciato;434;3,528382491;399;VER;ricominciare;4852;443425
spiacerebbe;434;3,528382491;385;VER;spiacere;18021;210231
Vinnie;0;3,528382491;110;NOM;<unknown>;4511888;244808
guardiani;434;3,528382491;196;NOM;guardiano;1662;203100
calcolo;434;3,528382491;337;NOM;calcolo;1284;427358
godetevi;434;3,528382491;412;VER;godere;5867;259423
artigli;434;3,528382491;340;NOM;artiglio;553;474977
casella;434;3,528382491;307;NOM;casella;497;497765
Cheryl;0;3,528382491;133;NPR;Cheryl;4511888;481129
chiarito;434;3,528382491;409;VER;chiarire;2452;88948
bugiardi;434;3,528382491;372;NOM;bugiardo;2166;33414
chiedessi;434;3,528382491;411;VER;chiedere;99913;79805
piscio;434;3,528382491;323;NOM;piscio;458;196032
pigro;433;3,527382964;367;ADJ;pigro;776;272390
mostrarvi;0;3,527382964;391;VER;mostrare;18023;284935
allontanarsi;433;3,527382964;399;VER;allontanarsi;6848;65804
compratore;433;3,527382964;290;NOM;compratore;622;80403
sfuggita;433;3,527382964;403;VER;sfuggire;3906;183827
trasferirmi;433;3,527382964;385;VER;trasferire;9613;432408
partorire;433;3,527382964;330;VER;partorire;1208;1313
nasconditi;433;3,527382964;335;VER;nascondersi;21950;113712
aprirà;433;3,527382964;398;VER;aprire;33790;154184
Shanghai;0;3,527382964;123;NOM;<unknown>;4511888;249944
vitamine;433;3,527382964;314;NOM;vitamina;652;147319
circuiti;433;3,527382964;292;NOM;circuito;1317;87427
liberata;433;3,527382964;395;VER;liberare;10975;78980
uccidete;433;3,527382964;352;VER;uccidere;89873;133261
Milton;0;3,527382964;139;NPR;Milton;4511888;398990
soccorsi;433;3,527382964;336;NOM;soccorso;3325;487569
scorrere;433;3,527382964;390;VER;scorrere;1805;293806
vincendo;433;3,527382964;368;VER;vincere;25149;421827
telefonico;433;3,527382964;382;ADJ;telefonico;2214;93382
estrazione;433;3,527382964;310;NOM;estrazione;468;188618
antidroga;433;3,527382964;244;ADJ;antidroga;433;482770
rinuncia;433;3,527382964;355;VER;rinunciare;4760;163296
spietato;433;3,527382964;385;ADJ;spietato;829;428774
Jeannie;0;3,527382964;85;NOM;<unknown>;4511888;298472
Camilla;0;3,527382964;60;NPR;Camilla;4511888;506620
assicurarti;432;3,526381131;412;VER;assicurarsi;13166;408608
Jenkins;0;3,526381131;166;NPR;Jenkins;4511888;217126
sparami;432;3,526381131;300;VER;sparare;28892;435014
paranoia;432;3,526381131;353;NOM;paranoia;493;167519
shampoo;432;3,526381131;321;NOM;shampoo;432;424083
Town;0;3,526381131;260;NOM;<unknown>;4511888;296599
Giovanna;0;3,526381131;127;NOM;<unknown>;4511888;162976
Nevada;0;3,526381131;239;NPR;Nevada;4511888;119717
avvelenamento;432;3,526381131;299;NOM;avvelenamento;450;286387
seguirò;432;3,526381131;402;VER;seguire;25854;453561
resoconto;432;3,526381131;369;NOM;resoconto;610;319421
lavoravano;432;3,526381131;376;VER;lavorare;53195;56772
Virgil;0;3,526381131;68;NPR;Virgil;4511888;211402
condannati;432;3,526381131;360;ADJ;condannato;3231;180443
tradotti;432;3,526381131;339;ADJ;tradotto;372;482019
riferivo;432;3,526381131;403;VER;riferire;5655;387580
scaricarli;431;3,525376981;335;VER;scaricare;5409;476677
bistecche;431;3,525376981;303;NOM;bistecca;4511888;58913
gatta;431;3,525376981;292;NOM;gatto;507;13104
testicoli;431;3,525376981;312;NOM;testicolo;532;83782
Kang;0;3,525376981;91;NOM;<unknown>;4511888;461905
Marley;0;3,525376981;88;NOM;<unknown>;4511888;331605
òbrien;0;3,525376981;122;NOM;<unknown>;4511888;249945
uccidersi;431;3,525376981;359;VER;uccidersi;89873;464736
Harmon;0;3,525376981;144;NOM;<unknown>;4511888;385644
Caterina;0;3,525376981;77;NPR;Caterina;431;120944
Myka;0;3,525376981;33;NOM;<unknown>;4511888;400241
vincerò;431;3,525376981;348;VER;vincere;25149;458627
Ehe;0;3,525376981;26;NOM;<unknown>;4511888;152727
procedi;431;3,525376981;391;VER;procedere;5237;474807
Pamela;0;3,525376981;149;NPR;Pamela;1069550;475065
filtro;431;3,525376981;298;NOM;filtro;622;234425
assicuri;431;3,525376981;401;VER;assicurare;13166;437196
cosce;431;3,525376981;350;NOM;coscia;844;51422
richiama;431;3,525376981;406;VER;richiamare;5940;145631
autostima;431;3,525376981;362;NOM;autostima;431;495605
portateli;431;3,525376981;360;VER;portare;115105;104956
illuminazione;430;3,524370505;330;NOM;illuminazione;438;297769
ragni;430;3,524370505;227;NOM;ragno;1277;285484
foglia;430;3,524370505;315;NOM;foglia;1286;271675
freschi;430;3,524370505;379;ADJ;fresco;4066;214599
Giulio;0;3,524370505;139;NPR;Giulio;430;323911
ventre;430;3,524370505;338;NOM;ventre;439;150606
ripeterlo;430;3,524370505;399;VER;ripetere;8679;69460
morirono;430;3,524370505;364;VER;morire;96820;37720
rivivere;430;3,524370505;372;VER;rivivere;707;19033
proteggi;430;3,524370505;365;VER;proteggere;16350;184669
arrenditi;430;3,524370505;355;VER;arrendersi;5306;66924
Antoine;0;3,524370505;86;NPR;Antoine;4511888;219519
matrigna;430;3,524370505;243;NOM;matrigna;435;46242
concerti;430;3,524370505;292;NOM;concerto;2733;258217
sollevata;430;3,524370505;395;VER;sollevare;3593;326576
precauzione;430;3,524370505;397;NOM;precauzione;842;329137
vivremo;430;3,524370505;369;VER;vivere;39609;186293
combattono;430;3,524370505;378;VER;combattere;13833;328137
vincitori;430;3,524370505;351;NOM;vincitore;1517;250078
portiamolo;430;3,524370505;386;VER;portare;115105;404964
saliamo;430;3,524370505;370;VER;salire;445;119783
Player;0;3,524370505;329;NPR;Player;430;321006
hacker;430;3,524370505;213;NOM;hacker;4511888;449273
scatto;429;3,52336169;349;NOM;scatto;698;505869
stressante;429;3,52336169;378;ADJ;stressante;495;7950
catturati;429;3,52336169;364;VER;catturare;5710;427045
implica;429;3,52336169;386;VER;implicare;914;255025
alcolizzato;429;3,52336169;340;ADJ;alcolizzato;366;369471
orientamento;429;3,52336169;317;NOM;orientamento;437;414787
parziale;429;3,52336169;352;ADJ;parziale;491;30796
Vito;0;3,52336169;93;NPR;Vito;429;211535
cruciale;429;3,52336169;380;ADJ;cruciale;517;49233
Nova;429;3,52336169;116;NOM;nova;404;141652
senatrice;429;3,52336169;94;NOM;senatore;3089;437864
arcobaleno;429;3,52336169;288;NOM;arcobaleno;519;454765
Gale;0;3,52336169;74;NOM;<unknown>;4511888;350578
Bambi;0;3,52336169;120;NOM;<unknown>;4511888;222589
Bad;0;3,52336169;215;NOM;<unknown>;4511888;205953
Trip;0;3,52336169;155;NOM;trip;429;235163
fragole;429;3,52336169;269;NOM;fragola;805;48042
Signorsì;429;3,52336169;143;ADV;signorsì;406;36027
Nicola;0;3,52336169;100;NPR;Nicola;429;91580
figure;429;3,52336169;365;NOM;figura;2482;13254
Elmo;429;3,52336169;142;NOM;elmo;444;515291
giriamo;429;3,52336169;349;VER;girare;15592;407263
sconvolgente;429;3,52336169;395;ADJ;sconvolgente;481;192745
piantare;429;3,52336169;377;VER;piantare;5067;296938
permessi;429;3,52336169;332;NOM;permesso;3526;478188
Carmela;0;3,522350527;44;NPR;Carmela;40791;144642
diventiamo;428;3,522350527;389;VER;diventare;46915;43529
sessanta;0;3,522350527;340;NUM;sessanta;279;208922
tagliati;428;3,522350527;392;VER;tagliare;12445;514596
seguirlo;0;3,522350527;392;VER;seguire;25854;39487
matura;428;3,522350527;370;ADJ;maturo;1141;19013
Ramon;0;3,522350527;110;NOM;<unknown>;4511888;113502
sposerai;428;3,522350527;346;VER;sposare;27477;344424
sbatto;428;3,522350527;377;VER;sbattere;5757;293241
Benson;0;3,522350527;136;NOM;<unknown>;4511888;322436
prevenire;428;3,522350527;381;VER;prevenire;675;173448
saltiamo;428;3,522350527;380;VER;saltare;16668;417673
spararti;428;3,522350527;392;VER;sparare;28892;289428
Atlantic;0;3,522350527;198;NOM;<unknown>;4511888;334506
Five;0;3,522350527;199;NOM;<unknown>;4511888;290478
Searcher;0;3,522350527;334;NOM;<unknown>;4511888;40650
rapitori;428;3,522350527;219;NOM;rapitore;709;108241
precipitato;428;3,522350527;344;VER;precipitare;1774;63211
scavato;428;3,522350527;377;VER;scavare;3110;463852
orme;428;3,522350527;346;NOM;orma;468;264959
intellettuale;428;3,522350527;338;ADJ;intellettuale;504;248575
delfino;427;3,521337003;182;NOM;delfino;427;219402
proteggerci;427;3,521337003;377;VER;proteggere;16350;105741
lasciassi;427;3,521337003;407;VER;lasciare;153939;20497
Crosby;0;3,521337003;116;NOM;<unknown>;4511888;205349
scadente;427;3,521337003;364;ADJ;scadente;555;322342
regalino;427;3,521337003;391;NOM;regalino;3969;10792
82;0;3,521337003;353;NUM;@card@;412838;47441
evaso;427;3,521337003;280;VER;evadere;824;321386
cambiarti;427;3,521337003;401;VER;cambiare;39212;481136
ketchup;427;3,521337003;325;NOM;ketchup;427;372090
affronta;427;3,521337003;396;VER;affrontare;9039;498062
cattolico;427;3,521337003;305;ADJ;cattolico;993;378016
chiana;0;3,521337003;56;NOM;chiana;429;292021
positivi;427;3,521337003;369;ADJ;positivo;4119;469445
fluido;427;3,521337003;291;ADJ;fluido;358;252126
aiutati;427;3,521337003;391;VER;aiutarsi;72590;124139
lavoratore;427;3,521337003;353;NOM;lavoratore;1558;245498
sequestro;426;3,520321109;318;NOM;sequestro;476;27399
cipolle;426;3,520321109;299;NOM;cipolla;820;491024
Fleming;0;3,520321109;87;NPR;Fleming;426;436765
fuggiti;426;3,520321109;364;VER;fuggire;6713;68917
giardini;426;3,520321109;331;NOM;giardino;4167;303928
esausta;426;3,520321109;389;ADJ;esausto;1066;474954
accompagnata;426;3,520321109;374;VER;accompagnare;8114;31570
andassimo;426;3,520321109;397;VER;andare;641883;326750
Buzz;0;3,520321109;119;NOM;<unknown>;4511888;261221
balia;426;3,520321109;343;NOM;balia;426;235638
battesimo;426;3,520321109;338;NOM;battesimo;452;118904
Sultano;426;3,520321109;81;NOM;sultano;454;62075
insulti;426;3,520321109;386;NOM;insulto;828;88468
stancato;426;3,520321109;391;VER;stancare;1915;448937
cautela;426;3,520321109;380;NOM;cautela;428;63659
soia;426;3,520321109;293;NOM;soia;443;260567
diamogli;425;3,519302833;403;VER;dare;158901;446481
rimetterà;425;3,519302833;389;VER;rimettere;8013;262428
convoglio;425;3,519302833;212;NOM;convoglio;479;227103
prostituzione;425;3,519302833;306;NOM;prostituzione;426;273187
traghetto;425;3,519302833;208;NOM;traghetto;432;40237
nasa;0;3,519302833;177;NOM;<unknown>;4511888;31064
riconoscente;425;3,519302833;377;ADJ;riconoscente;527;220766
affittare;425;3,519302833;368;VER;affittare;1729;201337
precise;0;3,519302833;387;ADJ;preciso;4357;251771
risolve;425;3,519302833;395;VER;risolvere;11288;132733
governare;425;3,519302833;328;VER;governare;1060;286877
zefram;0;3,519302833;344;NOM;<unknown>;4511888;327592
triplo;425;3,519302833;337;ADJ;triplo;409;438468
parolacce;425;3,519302833;345;NOM;parolaccia;566;245727
Giacomo;0;3,519302833;93;NPR;Giacomo;425;232175
Bull;0;3,519302833;185;NPR;Bull;425;15090
permettono;425;3,519302833;402;VER;permettere;24109;405757
sorda;424;3,518282164;292;ADJ;sordo;1239;351746
luminoso;424;3,518282164;350;ADJ;luminoso;1056;230663
Kentucky;0;3,518282164;220;NOM;<unknown>;4511888;507685
accorti;424;3,518282164;404;VER;accorgersi;6980;121900
piselli;424;3,518282164;270;NOM;pisello;429;56626
Bret;0;3,518282164;31;NPR;Bret;4511888;378931
fateci;424;3,518282164;341;VER;fare;1151883;145232
lurido;424;3,518282164;360;ADJ;lurido;863;357743
componenti;424;3,518282164;342;NOM;componente;712;190850
smetterò;424;3,518282164;379;VER;smettere;39551;327058
Minnie;0;3,518282164;78;NOM;<unknown>;4511888;128177
bazgaz;0;3,518282164;410;NOM;<unknown>;4511888;164020
addominali;424;3,518282164;340;ADJ;addominale;656;317397
cinepresa;424;3,518282164;156;NOM;cinepresa;516;109291
cercavamo;424;3,518282164;391;VER;cercare;103013;246510
ciotola;424;3,518282164;328;NOM;ciotola;512;446207
touchdown;423;3,517259091;171;NOM;touchdown;4511888;400152
urlava;423;3,517259091;366;VER;urlare;6676;103196
pagamenti;423;3,517259091;341;NOM;pagamento;1631;373794
startene;0;3,517259091;398;VER;stare;648668;408646
miglioramento;423;3,517259091;379;NOM;miglioramento;576;167511
aspetterà;423;3,517259091;386;VER;aspettare;116636;51294
schiavitù;423;3,517259091;275;NOM;schiavitù;423;192100
conducente;423;3,517259091;277;NOM;conducente;420;78725
seí;0;3,517259091;137;NOM;<unknown>;4511888;18583
prendetevi;423;3,517259091;392;VER;prendere;214434;332718
lavatrice;423;3,517259091;302;NOM;lavatrice;470;105906
fiasco;423;3,517259091;351;NOM;fiasco;464;439252
casalinga;423;3,517259091;350;ADJ;casalingo;441;140502
rifiutata;423;3,517259091;364;VER;rifiutare;7055;381145
accoltellato;423;3,517259091;319;VER;accoltellare;842;210165
impazziti;422;3,516233602;388;VER;impazzire;8060;155160
lotte;422;3,516233602;204;NOM;lotta;3881;203314
Rocco;0;3,516233602;69;NPR;rocco;424;14642
accompagnarmi;422;3,516233602;389;VER;accompagnare;8114;499523
morbido;422;3,516233602;351;ADJ;morbido;1037;369735
riflessi;422;3,516233602;354;NOM;riflesso;798;1372
sviluppi;422;3,516233602;384;NOM;sviluppo;1610;53356
supervisione;422;3,516233602;304;NOM;supervisione;435;487023
asma;422;3,516233602;271;NOM;asma;425;218757
ricordava;422;3,516233602;372;VER;ricordare;48841;44944
disperso;422;3,516233602;339;VER;disperdere;717;114320
ragiona;422;3,516233602;386;VER;ragionare;1708;416
cascata;422;3,516233602;327;NOM;cascata;614;165570
sopravviverà;422;3,516233602;384;VER;sopravvivere;1069550;257768
Trish;0;3,516233602;97;NPR;Trish;4511888;26091
Hut;0;3,516233602;147;NOM;<unknown>;4511888;59135
alimentari;421;3,515205685;361;ADJ;alimentare;318;179976
margine;421;3,515205685;346;NOM;margine;635;103689
volessero;421;3,515205685;396;VER;volere;609883;305166
orrenda;421;3,515205685;364;ADJ;orrendo;1257;329241
volantini;421;3,515205685;281;NOM;volantino;683;207910
scenata;421;3,515205685;368;NOM;scenata;614;71469
vivace;421;3,515205685;361;ADJ;vivace;534;167983
camminata;421;3,515205685;347;NOM;camminata;544;276272
fingi;421;3,515205685;381;VER;fingere;10806;361522
th;0;3,515205685;230;NOM;<unknown>;4511888;356661
Arca;421;3,515205685;135;NOM;arca;416;106310
conoscerci;421;3,515205685;401;VER;conoscere;92248;454984
stressato;421;3,515205685;342;ADJ;stressato;1020;495965
decina;421;3,515205685;388;NOM;decina;939;249952
never;0;3,515205685;190;VER;<unknown>;1069550;282465
marketing;421;3,515205685;288;NOM;marketing;421;505960
colpirlo;421;3,515205685;371;VER;colpire;19652;210550
ebbi;421;3,515205685;356;VER;avere;2620540;140667
provenienti;421;3,515205685;383;ADJ;proveniente;938;12942
Clinton;0;3,515205685;207;NPR;Clinton;421;493204
trama;421;3,515205685;335;NOM;trama;463;76696
tragitto;421;3,515205685;375;NOM;tragitto;433;101807
significativo;421;3,515205685;372;ADJ;significativo;755;27060
sposerà;421;3,515205685;354;VER;sposare;27477;284606
talenti;421;3,515205685;349;NOM;talento;4117;307649
strambo;421;3,515205685;325;ADJ;strambo;804;276680
avanzare;421;3,515205685;332;VER;avanzare;2267;208335
ascoltarti;421;3,515205685;396;VER;ascoltare;55142;67301
pubblicamente;420;3,51417533;367;ADV;pubblicamente;420;457489
bevande;420;3,51417533;354;NOM;bevanda;872;433978
timer;420;3,51417533;243;NOM;timer;420;136009
uccideremo;420;3,51417533;350;VER;uccidere;89873;490321
intruso;420;3,51417533;293;NOM;intruso;439;136788
estremità;420;3,51417533;368;NOM;estremità;420;467284
Suzanne;0;3,51417533;140;NOM;<unknown>;4511888;329055
organizzata;420;3,51417533;361;VER;organizzare;8274;120932
rese;420;3,51417533;354;VER;rendere;31903;98167
bue;420;3,51417533;227;NOM;bue;420;28035
calde;420;3,51417533;360;ADJ;caldo;9172;193428
calligrafia;420;3,51417533;313;NOM;calligrafia;433;199849
commozione;420;3,51417533;340;NOM;commozione;443;501686
assaggiato;420;3,51417533;381;VER;assaggiare;2306;52430
Mississippi;0;3,51417533;200;NPR;Mississippi;4511888;299759
oggigiorno;0;3,51417533;391;ADV;oggigiorno;389;120824
istinti;419;3,513142525;368;NOM;istinto;2370;362762
guardali;419;3,513142525;375;VER;guardare;111656;34069
Raoul;0;3,513142525;62;NPR;Raoul;4511888;67607
andarono;419;3,513142525;351;VER;andare;641883;103713
Gracie;0;3,513142525;132;NOM;<unknown>;4511888;127030
disturbata;419;3,513142525;399;VER;disturbare;5668;236890
Sadie;0;3,513142525;85;NPR;Sadie;4511888;29536
School;0;3,513142525;302;NOM;school;419;505956
prestarmi;419;3,513142525;388;VER;prestare;4345;51315
pazze;419;3,513142525;365;ADJ;pazzo;12982;427895
Jericho;0;3,513142525;81;NPR;Jericho;4511888;506232
tossicologico;419;3,513142525;308;ADJ;tossicologico;535;487821
aeroplano;419;3,513142525;263;NOM;aeroplano;580;379550
Millie;0;3,513142525;117;NPR;Millie;4511888;390570
trasmettitore;419;3,513142525;275;NOM;trasmettitore;515;104107
arruolato;419;3,513142525;330;VER;arruolare;1150;309675
successi;419;3,513142525;382;NOM;successo;419;22715
convince;0;3,513142525;394;VER;convincere;13208;488640
poveraccio;419;3,513142525;355;NOM;poveraccio;625;88517
Trudy;0;3,513142525;105;NPR;Trudy;4511888;15329
interamente;419;3,513142525;377;ADV;interamente;419;152044
rendiamo;419;3,513142525;377;VER;rendere;31903;390386
Springs;0;3,513142525;197;NOM;<unknown>;4511888;102908
fateli;419;3,513142525;356;VER;fare;1151883;420862
forzare;418;3,512107257;376;VER;forzare;1751;246546
bolla;418;3,512107257;241;NOM;bolla;908;123678
sveglierà;418;3,512107257;364;VER;svegliare;14082;248877
cristalli;418;3,512107257;250;NOM;cristallo;1328;372297
importasse;418;3,512107257;401;VER;importare;27313;336211
diabete;418;3,512107257;280;NOM;diabete;418;202081
budino;418;3,512107257;241;NOM;budino;474;396138
dormivo;418;3,512107257;377;VER;dormire;30760;314750
femminili;418;3,512107257;358;ADJ;femminile;2164;485503
tuono;418;3,512107257;249;NOM;tuono;604;6277
Collier;0;3,512107257;89;NOM;collier;419;22415
separato;418;3,512107257;367;VER;separare;4548;449945
portarono;418;3,512107257;342;VER;portare;115105;375709
alveare;418;3,512107257;151;NOM;alveare;474;344240
scrittrice;418;3,512107257;250;NOM;scrittore;2529;155312
occuparmene;418;3,512107257;391;VER;occupare;25028;451285
raduno;418;3,512107257;306;NOM;raduno;479;194523
lavati;418;3,512107257;369;VER;lavarsi;5927;283882
severo;418;3,512107257;375;ADJ;severo;1034;102140
rompo;417;3,511069516;353;VER;rompere;15925;1793
schiaffi;417;3,511069516;300;NOM;schiaffo;976;238605
siringa;417;3,511069516;298;NOM;siringa;4511888;288025
Bhe;417;3,511069516;146;INT;beh;4511888;84763
detti;417;3,511069516;378;NOM;detto;636417;358178
Butler;0;3,511069516;115;NOM;<unknown>;4511888;218147
recinzione;417;3,511069516;238;NOM;recinzione;472;8229
tirami;417;3,511069516;318;VER;tirare;24696;323153
destinata;417;3,511069516;378;VER;destinare;1805;155485
snob;417;3,511069516;330;NOM;snob;417;367217
bruciate;417;3,511069516;324;VER;bruciare;9293;418681
guarita;417;3,511069516;346;VER;guarire;4168;69549
iscrizione;417;3,511069516;334;NOM;iscrizione;545;26548
suocera;417;3,511069516;271;NOM;suocera;919;370366
accolto;417;3,511069516;390;VER;accogliere;2091;414144
Britta;0;3,511069516;71;NOM;<unknown>;4511888;219338
installato;417;3,511069516;368;VER;installare;1131;263374
Morrison;0;3,511069516;119;NOM;<unknown>;4511888;313296
buttarmi;417;3,511069516;381;VER;buttare;15440;493031
baciati;417;3,511069516;337;VER;baciare;9011;92650
esploderà;417;3,511069516;341;VER;esplodere;5071;303083
sbarazzarsi;417;3,511069516;373;VER;sbarazzarsi;2713;71407
carote;417;3,511069516;287;NOM;carota;727;104955
senno;416;3,510029289;361;NOM;senno;372;130560
incontrerai;416;3,510029289;382;VER;incontrare;27005;80912
circonda;416;3,510029289;371;VER;circondare;2999;365092
follemente;416;3,510029289;376;ADV;follemente;416;363558
bruto;416;3,510029289;203;NOM;bruto;405;154672
Marisa;0;3,510029289;86;VER;<unknown>;1069550;119629
prigioni;416;3,510029289;316;NOM;prigione;13516;423298
picchi;416;3,510029289;345;VER;picchiare;283;382860
tragica;416;3,510029289;370;ADJ;tragico;1136;296847
consentito;416;3,510029289;376;VER;consentire;1456;507556
scapolo;416;3,510029289;313;NOM;scapolo;324;152285
accelerare;416;3,510029289;388;VER;accelerare;1590;9192
vorrò;416;3,510029289;376;VER;volere;609883;336120
convocato;416;3,510029289;367;VER;convocare;1063;86778
futuri;415;3,508986565;358;ADJ;futuro;2484;404509
Cobb;0;3,508986565;95;NOM;<unknown>;4511888;191776
provavo;415;3,508986565;382;VER;provare;60980;156199
bussato;415;3,508986565;368;VER;bussare;2067;304180
suppone;415;3,508986565;365;VER;supporre;8063;516152
Brick;0;3,508986565;58;NOM;<unknown>;4511888;386620
adottare;415;3,508986565;330;VER;adottare;1735;401476
scia;415;3,508986565;370;NOM;scia;430;160838
calmarmi;415;3,508986565;359;VER;calmarsi;12847;364108
mentalmente;415;3,508986565;376;ADV;mentalmente;415;52824
cibi;415;3,508986565;348;NOM;cibo;11594;12383
scatta;415;3,508986565;328;VER;scattare;3288;169837
compromessi;415;3,508986565;362;NOM;compromesso;929;505729
portavo;415;3,508986565;380;VER;portare;115105;491174
Cyril;0;3,508986565;59;NOM;<unknown>;4511888;495271
desideravo;415;3,508986565;372;VER;desiderare;9746;183737
prototipo;415;3,508986565;275;NOM;prototipo;363;263872
scantinato;415;3,508986565;293;NOM;scantinato;427;194503
gradito;415;3,508986565;391;VER;gradire;2408;512990
reagisce;415;3,508986565;382;VER;reagire;3223;252897
camerino;415;3,508986565;274;NOM;camerino;511;475114
mettervi;415;3,508986565;390;VER;mettere;124577;257261
flirtare;415;3,508986565;336;VER;flirtare;1037;117744
ecografia;415;3,508986565;298;NOM;ecografia;439;144114
indagato;414;3,507941331;380;VER;indagare;3492;105477
sedativo;414;3,507941331;337;NOM;sedativo;397;491782
arabi;414;3,507941331;226;NOM;arabo;646;296477
Herbert;0;3,507941331;125;NPR;Herbert;414;487985
ritornerò;414;3,507941331;354;VER;ritornare;8097;332092
Intersect;0;3,507941331;46;NOM;<unknown>;4511888;49479
Place;0;3,507941331;274;NOM;<unknown>;4511888;214352
rapinare;414;3,507941331;306;VER;rapinare;1718;385877
barre;414;3,507941331;172;NOM;barra;741;478038
adorabili;414;3,507941331;374;ADJ;adorabile;2906;215922
nascondo;414;3,507941331;393;VER;nascondere;21950;377214
venissero;414;3,507941331;387;VER;venire;229884;170117
mercurio;414;3,507941331;204;NOM;mercurio;414;505738
ciglio;414;3,507941331;376;NOM;ciglio;719;492939
Abel;0;3,507941331;85;NPR;Abel;414;126375
bikini;414;3,507941331;302;NOM;bikini;414;103090
proteine;414;3,507941331;309;NOM;proteina;517;57528
stimato;414;3,507941331;374;VER;stimare;877;426962
horror;414;3,507941331;221;NOM;horror;4511888;199379
indice;414;3,507941331;320;NOM;indice;321;390617
figliola;414;3,507941331;288;NOM;figliola;7392;29919
Rupert;0;3,507941331;115;NPR;Rupert;4511888;242150
Crane;0;3,507941331;99;NOM;<unknown>;4511888;1784
^;0;3,506893575;118;NOM;<unknown>;4511888;445970
infiltrato;413;3,506893575;316;NOM;infiltrato;1169;348181
invita;413;3,506893575;377;VER;invitare;8833;75308
Brandi;0;3,506893575;73;NOM;brando;459;131379
Perkins;0;3,506893575;144;NPR;Perkins;4511888;128318
confezione;413;3,506893575;346;NOM;confezione;525;483661
acceleratore;413;3,506893575;283;NOM;acceleratore;429;119120
infilare;413;3,506893575;377;VER;infilare;3840;260188
ideali;413;3,506893575;330;NOM;ideale;557;43892
pazzoide;413;3,506893575;353;ADJ;pazzoide;288;109693
webb;0;3,506893575;63;NOM;<unknown>;4511888;20866
cenno;413;3,506893575;353;NOM;cenno;455;76958
Hoyt;0;3,506893575;84;NOM;<unknown>;4511888;284099
Atlantide;413;3,506893575;89;NOM;<unknown>;4511888;321499
banane;413;3,506893575;288;NOM;banana;1215;351965
aiuteranno;413;3,506893575;395;VER;aiutare;72590;141027
coscia;413;3,506893575;325;NOM;coscia;844;11245
semaforo;412;3,505843286;293;NOM;semaforo;541;96521
coinquilino;412;3,505843286;291;NOM;coinquilino;1079;485899
Creek;0;3,505843286;210;NOM;<unknown>;4511888;488498
Marianne;0;3,505843286;66;NPR;Marianne;412;335669
sentivi;412;3,505843286;351;VER;sentire;192280;436277
sicario;412;3,505843286;245;NOM;sicario;603;166975
renderò;412;3,505843286;384;VER;rendere;31903;295785
vergognarsi;412;3,505843286;378;VER;vergognarsi;4108;457321
venticinque;412;3,505843286;339;ADJ;venticinque;398;159344
magazzini;412;3,505843286;310;NOM;magazzino;3143;307315
apertamente;412;3,505843286;351;ADV;apertamente;412;33140
Well;0;3,505843286;177;NOM;<unknown>;4511888;342662
concentrata;412;3,505843286;367;ADJ;concentrato;6306;33692
protettore;412;3,505843286;268;NOM;protettore;369;49326
penitenziario;412;3,505843286;275;NOM;penitenziario;308;66480
precauzioni;412;3,505843286;367;NOM;precauzione;842;329141
lode;412;3,505843286;315;NOM;lode;412;513487
Nolan;0;3,505843286;88;NOM;<unknown>;4511888;145625
intere;412;3,505843286;380;ADJ;intero;13169;40930
iii;0;3,505843286;233;NUM;iii;414;43253
convincerti;412;3,505843286;386;VER;convincersi;13208;364286
aggiunta;411;3,50479045;387;NOM;aggiunta;248;146972
attaccando;411;3,50479045;359;VER;attaccare;10651;233786
oscuri;411;3,50479045;322;ADJ;oscuro;2923;91964
Lorraine;0;3,50479045;99;NPR;Lorraine;4511888;73029
seni;411;3,50479045;300;NOM;seno;1938;406095
astinenza;411;3,50479045;295;NOM;astinenza;412;356976
dannate;411;3,50479045;363;ADJ;dannato;3863;282737
vip;411;3,50479045;287;NOM;vip;606;503167
ambizioso;411;3,50479045;358;ADJ;ambizioso;714;130435
siero;411;3,50479045;184;NOM;siero;420;360901
vasi;411;3,50479045;302;NOM;vaso;1486;104417
lecca;411;3,50479045;222;VER;leccare;2100;320756
game;0;3,503735056;300;NOM;game;410;361489
arrivava;410;3,503735056;379;VER;arrivare;85743;224787
Gianni;0;3,503735056;79;NPR;Gianni;410;96788
veterani;410;3,503735056;270;NOM;veterano;513;275488
capivo;410;3,503735056;364;VER;capire;130245;430636
trascorsi;410;3,503735056;355;NOM;trascorso;312;267840
incisione;410;3,503735056;309;NOM;incisione;590;312904
sciogliere;410;3,503735056;344;VER;sciogliere;2333;322379
ruoli;410;3,503735056;321;NOM;ruolo;3724;2124
illusioni;410;3,503735056;339;NOM;illusione;1262;121178
portassi;410;3,503735056;387;VER;portare;115105;27233
ammiratore;410;3,503735056;324;NOM;ammiratore;742;503393
Gretchen;0;3,503735056;103;NOM;<unknown>;4511888;366950
Mae;0;3,503735056;102;NOM;<unknown>;4511888;236926
vestirmi;410;3,503735056;376;VER;vestire;9163;226439
commissioni;410;3,503735056;346;NOM;commissione;2925;462730
accorga;410;3,503735056;392;VER;accorgersi;6980;433570
lascerei;410;3,503735056;396;VER;lasciare;153939;944
Abe;0;3,503735056;101;NPR;Abe;4511888;132808
heart;0;3,503735056;229;NOM;<unknown>;4511888;101578
venirci;410;3,503735056;378;VER;venire;229884;441296
sparerò;410;3,503735056;338;VER;sparare;28892;457170
dosi;410;3,503735056;327;NOM;dose;1918;362451
giustiziato;410;3,503735056;292;VER;giustiziare;978;394475
circondata;409;3,502677091;378;VER;circondare;2999;387077
dottorato;409;3,502677091;312;NOM;dottorato;442;499729
biopsia;409;3,502677091;170;NOM;biopsia;429;400924
correva;409;3,502677091;374;VER;correre;18695;62499
Auggie;0;3,502677091;55;NPR;Auggie;4511888;391257
cacciata;409;3,502677091;371;NOM;cacciata;5892;230247
1985;0;3,502677091;328;NUM;@card@;412838;286317
tormenta;409;3,502677091;324;VER;tormentare;1498;126317
glí;0;3,502677091;138;DET;gli;4511888;315002
suore;409;3,502677091;243;NOM;suora;1033;372128
contato;0;3,502677091;360;VER;contare;9797;3244
prepotente;409;3,502677091;335;ADJ;prepotente;374;14515
oltrepassato;409;3,502677091;377;VER;oltrepassare;1169;378826
risparmio;409;3,502677091;373;NOM;risparmio;1189;330189
Forge;0;3,502677091;112;NOM;<unknown>;4511888;119245
accende;409;3,502677091;359;VER;accendere;7168;442318
affido;409;3,502677091;342;VER;affidare;2691;496596
colpevolezza;409;3,502677091;321;NOM;colpevolezza;409;327653
rapinatori;409;3,502677091;215;NOM;rapinatore;776;412908
chiamarli;408;3,501616542;378;VER;chiamare;133592;70149
ribellione;408;3,501616542;284;NOM;ribellione;437;146187
Waldorf;0;3,501616542;156;NOM;<unknown>;4511888;46606
Hawkins;0;3,501616542;118;NOM;<unknown>;4511888;385825
cricket;408;3,501616542;149;NOM;cricket;408;79925
Harbor;0;3,501616542;189;NOM;<unknown>;4511888;1602
messicana;408;3,501616542;287;ADJ;messicano;1419;177219
tendono;408;3,501616542;375;VER;tendere;2899;612
camice;408;3,501616542;326;NOM;camice;490;286567
opposta;408;3,501616542;378;ADJ;opposto;836;230790
Julianne;0;3,501616542;61;NOM;<unknown>;4511888;340618
salario;408;3,501616542;324;NOM;salario;514;145297
esecutivo;408;3,501616542;306;ADJ;esecutivo;491;462758
veranda;408;3,501616542;327;NOM;veranda;416;219058
eccitazione;408;3,501616542;338;NOM;eccitazione;410;445136
preziosi;408;3,501616542;372;ADJ;prezioso;2565;510933
scordare;408;3,501616542;374;VER;scordare;4986;272088
condizionale;408;3,501616542;258;NOM;condizionale;266;57821
diffuso;408;3,501616542;382;VER;diffondere;2184;33771
Whoo;0;3,501616542;227;NOM;<unknown>;4511888;365551
evadere;408;3,501616542;309;VER;evadere;824;103932
Ham;0;3,500553397;76;NOM;<unknown>;4511888;66823
moriamo;407;3,500553397;339;VER;morire;96820;294153
spiare;407;3,500553397;348;VER;spiare;1797;68362
Two;0;3,500553397;263;NOM;<unknown>;4511888;108319
presunto;407;3,500553397;303;ADJ;presunto;2498;314919
an;0;3,500553397;228;NOM;<unknown>;4511888;17975
calcagna;407;3,500553397;377;NOM;calcagno;4511888;340032
cavarsela;407;3,500553397;384;VER;cavarsela;5782;155459
dimesso;407;3,500553397;343;VER;dimettere;1513;22643
anteprime;407;3,500553397;317;NOM;anteprima;629;201338
console;407;3,500553397;193;NOM;console;429;370566
intento;407;3,500553397;360;NOM;intento;302;199303
spine;0;3,500553397;342;NOM;spina|spino;1630;454816
anestesia;407;3,500553397;290;NOM;anestesia;408;169923
buste;407;3,500553397;323;NOM;busta;2251;465612
sistemerò;407;3,500553397;375;VER;sistemare;12400;171726
tonto;407;3,500553397;326;ADJ;tonto;600;99041
scesi;407;3,500553397;363;VER;scendere;6406;383202
dialogo;407;3,500553397;301;NOM;dialogo;569;258533
procedete;407;3,500553397;346;VER;procedere;5237;155880
Linus;0;3,500553397;100;NPR;Linus;4511888;288754
riservate;407;3,500553397;350;ADJ;riservato;962;412155
Ernesto;0;3,499487644;90;NPR;Ernesto;406;285470
tormento;406;3,499487644;359;NOM;tormento;521;451652
lavo;406;3,499487644;355;VER;lavare;5927;268116
maghi;406;3,499487644;190;NOM;mago;2270;196959
codardi;406;3,499487644;339;NOM;codardo;774;395105
sentirci;406;3,499487644;365;VER;sentire;192280;406162
pisciato;406;3,499487644;313;VER;pisciare;2142;336028
Polonia;0;3,499487644;212;NPR;Polonia;406;343476
ferirti;406;3,499487644;371;VER;ferire;8863;242361
divertiamo;406;3,499487644;365;VER;divertire;16856;80603
Phillips;0;3,499487644;180;NOM;<unknown>;4511888;378104
fuggitivo;406;3,499487644;294;ADJ;fuggitivo;322;383992
poteste;405;3,498419268;373;VER;potere;676977;272395
Boo;0;3,498419268;135;NOM;<unknown>;4511888;204338
monastero;405;3,498419268;187;NOM;monastero;445;163386
compilare;405;3,498419268;370;VER;compilare;1083;265028
fondamenta;405;3,498419268;316;NOM;fondamento;644;107848
espulsione;405;3,498419268;270;NOM;espulsione;428;170576
protegga;405;3,498419268;356;VER;proteggere;16350;184664
fornisce;405;3,498419268;377;VER;fornire;4166;501864
fotografico;405;3,498419268;285;ADJ;fotografico;1562;92297
manifestazione;405;3,498419268;295;NOM;manifestazione;593;235414
intervallo;405;3,498419268;328;NOM;intervallo;540;506791
trattiene;405;3,498419268;367;VER;trattenere;5235;476081
brilla;405;3,498419268;289;VER;brillare;335;401079
offrirvi;405;3,498419268;367;VER;offrire;16263;138172
distruggerlo;405;3,498419268;343;VER;distruggere;16097;35267
occupate;405;3,498419268;366;VER;occupare;25028;171213
status;404;3,497348258;318;NOM;status;404;262405
fondato;404;3,497348258;356;VER;fondare;951;150545
costosi;404;3,497348258;368;ADJ;costoso;2275;301362
mccoy;0;3,497348258;89;NPR;mccoy;4511888;207413
seguirà;404;3,497348258;375;VER;seguire;25854;512071
esta;0;3,497348258;93;VER;<unknown>;1069550;371273
superbiagi;0;3,497348258;386;ADJ;<unknown>;206355;419413
pappone;404;3,497348258;234;NOM;pappone;572;383348
Raja;0;3,497348258;27;NOM;<unknown>;4511888;195491
divisi;404;3,497348258;378;ADJ;diviso;413;339881
scozzese;404;3,497348258;271;ADJ;scozzese;364;467382
amigo;0;3,497348258;267;NOM;<unknown>;4511888;225468
gamberi;404;3,497348258;228;NOM;gambero;513;411844
nega;404;3,497348258;353;VER;negare;3963;72394
consolazione;404;3,497348258;368;NOM;consolazione;413;50891
hop;0;3,497348258;186;NOM;<unknown>;4511888;177358
farglielo;404;3,497348258;389;VER;fare;1151883;170714
verificato;404;3,497348258;356;VER;verificare;2591;429281
Plaza;0;3,497348258;203;NPR;Plaza;404;248550
Caitlin;0;3,497348258;69;NOM;<unknown>;4511888;401646
Aldo;0;3,497348258;65;NPR;Aldo;404;90617
riusciresti;404;3,497348258;386;VER;riuscire;84728;251388
commissariato;403;3,496274599;254;NOM;commissariato;408;202759
processi;403;3,496274599;328;NOM;processo;7144;146469
effettuare;403;3,496274599;358;VER;effettuare;1289;73255
punire;403;3,496274599;364;VER;punire;3229;432174
prelevare;403;3,496274599;356;VER;prelevare;1454;15158
indispensabile;403;3,496274599;371;ADJ;indispensabile;461;412989
riuscisse;403;3,496274599;386;VER;riuscire;84728;350035
affanculo;403;3,496274599;262;INT;affanculo;4511888;245076
Mountain;0;3,496274599;238;NOM;<unknown>;4511888;471385
pensavate;403;3,496274599;362;VER;pensare;271765;293981
brodo;403;3,496274599;291;NOM;brodo;406;469610
industrie;403;3,496274599;229;NOM;industria;1407;380525
Syd;0;3,496274599;87;NPR;Syd;4511888;108916
procedimento;403;3,496274599;343;NOM;procedimento;451;481921
creati;403;3,496274599;337;VER;creare;13494;285070
mcdeere;0;3,496274599;36;ADJ;<unknown>;206355;12189
riposarti;403;3,496274599;378;VER;riposarsi;6308;434846
esplosioni;403;3,496274599;300;NOM;esplosione;3255;459680
gelati;403;3,496274599;268;NOM;gelato;2394;96426
difensiva;403;3,496274599;335;ADJ;difensivo;242;483000
risponderà;403;3,496274599;369;VER;rispondere;27544;462798
determinazione;403;3,496274599;362;NOM;determinazione;403;209617
sovrintendente;403;3,496274599;147;NOM;sovrintendente;470;55782
bussa;0;3,496274599;337;NOM;bussa;233;393201
Kristina;0;3,496274599;75;NPR;Kristina;4511888;112119
Matthews;0;3,496274599;141;NPR;Matthews;4511888;42491
maniche;402;3,49519828;333;NOM;manica;1144;268801
Mei;0;3,49519828;91;NOM;<unknown>;4511888;332585
Jung;0;3,49519828;100;NPR;Jung;402;108604
crederesti;402;3,49519828;362;VER;credere;185652;173378
avviare;402;3,49519828;349;VER;avviare;1371;493128
allergia;402;3,49519828;295;NOM;allergia;594;199252
sentendo;402;3,49519828;366;VER;sentire;192280;287066
guidata;402;3,49519828;339;ADJ;guidato;14289;440436
Fish;0;3,49519828;131;NOM;<unknown>;4511888;409731
diverto;402;3,49519828;368;VER;divertire;16856;444067
yakuza;402;3,49519828;106;NOM;yakuza;4511888;230832
Gaio;402;3,49519828;78;ADJ;gaio;4511888;231112
bilancio;402;3,49519828;312;NOM;bilancio;489;423117
mulo;402;3,49519828;269;NOM;mulo;641;268498
presuntuoso;402;3,49519828;353;ADJ;presuntuoso;443;496383
comprano;401;3,494119287;365;VER;comprare;26675;319750
cresci;401;3,494119287;356;VER;crescere;14066;39179
onu;0;3,494119287;168;ADJ;<unknown>;206355;453387
leccare;401;3,494119287;334;VER;leccare;2100;154154
granate;401;3,494119287;267;NOM;granata;638;7470
vasta;401;3,494119287;347;ADJ;vasto;825;227377
ricordami;401;3,494119287;368;VER;ricordare;48841;393793
approfittare;401;3,494119287;379;VER;approfittare;2396;186182
Svezia;0;3,494119287;178;NPR;Svezia;401;138864
sottoposto;401;3,494119287;363;VER;sottoporre;1537;17523
cominceremo;401;3,494119287;374;VER;cominciare;29999;488819
proporre;401;3,494119287;373;VER;proporre;3672;436909
agguato;401;3,494119287;344;NOM;agguato;422;207282
Nat;0;3,494119287;114;NOM;<unknown>;4511888;379570
Decker;0;3,494119287;93;NOM;<unknown>;4511888;3771
bebè;401;3,494119287;210;NOM;bebè;4511888;188091
Gu;0;3,494119287;54;NOM;<unknown>;4511888;124605
allarmi;401;3,494119287;294;NOM;allarme;4219;405699
angoscia;401;3,494119287;328;NOM;angoscia;373;227283
sdraiato;401;3,494119287;353;ADJ;sdraiato;1686;79579
ignoranza;401;3,494119287;330;NOM;ignoranza;402;276956
cartoni;401;3,494119287;317;NOM;cartone;965;409055
there;0;3,494119287;173;NOM;<unknown>;4511888;466166
fisici;400;3,493037607;337;ADJ;fisico;2992;235267
attira;400;3,493037607;361;VER;attirare;3163;192270
registrati;400;3,493037607;309;VER;registrarsi;6017;495634
fissi;400;3,493037607;369;VER;fissare;5169;387867
chimici;400;3,493037607;326;ADJ;chimico;1854;77598
mangiarlo;400;3,493037607;358;VER;mangiare;42515;229918
benda;400;3,493037607;290;NOM;benda;717;276784
nada;0;3,493037607;205;NOM;<unknown>;4511888;342072
drammatico;400;3,493037607;344;ADJ;drammatico;985;200250
volanti;400;3,493037607;278;ADJ;volante;950;115775
cantiamo;400;3,493037607;267;VER;cantare;10702;167497
cartelli;400;3,493037607;294;NOM;cartello;2024;516427
Darnell;0;3,493037607;99;NOM;<unknown>;4511888;351069
definitivo;400;3,493037607;360;ADJ;definitivo;1074;23908
ascoltarla;400;3,493037607;361;VER;ascoltare;55142;124780
portavoce;400;3,493037607;313;NOM;portavoce;400;49773
miniere;400;3,493037607;237;NOM;miniera;1662;300751
arrivassi;400;3,493037607;384;VER;arrivare;85743;290000
biondi;400;3,493037607;324;ADJ;biondo;1822;3558
paralizzato;399;3,491953226;305;VER;paralizzare;842;354054
sensibili;399;3,491953226;360;ADJ;sensibile;1732;94230
Yoko;0;3,491953226;95;NPR;Yoko;4511888;141614
partecipazione;399;3,491953226;340;NOM;partecipazione;449;228402
frontale;399;3,491953226;321;ADJ;frontale;370;496694
iniziati;399;3,491953226;230;NOM;iniziato;33775;185685
Dalek;0;3,491953226;32;NOM;<unknown>;4511888;35673
avvenire;399;3,491953226;329;NOM;avvenire;179;65371
Jerome;0;3,491953226;98;NOM;<unknown>;4511888;318307
peccatori;399;3,491953226;269;NOM;peccatore;715;397963
Mondiali;0;3,491953226;199;NPR;mondiale;4511888;469394
sfogo;399;3,491953226;327;NOM;sfogo;431;315811
colpiscilo;399;3,491953226;251;VER;colpire;19652;199108
crycra;0;3,491953226;386;VER;<unknown>;1069550;353493
lasciarvi;399;3,491953226;381;VER;lasciare;153939;282329
Armstrong;0;3,491953226;164;NOM;<unknown>;4511888;149215
resistente;399;3,491953226;345;ADJ;resistente;505;229094
Station;0;3,491953226;251;NOM;<unknown>;4511888;364775
rendete;399;3,491953226;369;VER;rendere;31903;396264
neo;0;3,491953226;212;NOM;neo;1559;346857
felpa;399;3,491953226;262;NOM;felpa;473;310772
sfido;399;3,491953226;339;VER;sfidare;2385;331513
quotidiano;399;3,491953226;349;ADJ;quotidiano;651;64762
ripostiglio;398;3,49086613;280;NOM;ripostiglio;422;465424
reggiti;0;3,49086613;285;VER;reggere;4774;221204
gemello;398;3,49086613;252;NOM;gemello;1645;502295
ammette;398;3,49086613;353;VER;ammettere;10048;453158
Darcy;0;3,49086613;72;NOM;<unknown>;4511888;377645
ingiustizia;398;3,49086613;329;NOM;ingiustizia;532;413526
decisa;398;3,49086613;370;ADJ;deciso;25516;177765
rintracciarlo;398;3,49086613;360;VER;rintracciare;4146;443006
morde;398;3,49086613;336;VER;mordere;3433;369538
imbrogliare;398;3,49086613;312;VER;imbrogliare;1403;81573
Jennings;0;3,49086613;101;NPR;Jennings;4511888;346790
papá;0;3,49086613;102;NOM;papà;4511888;486060
furiosa;398;3,49086613;359;ADJ;furioso;1078;187835
ricordatelo;398;3,49086613;370;VER;ricordare;48841;480969
potercela;398;3,49086613;370;VER;potere;676977;317899
Marcy;0;3,49086613;104;NPR;Marcy;4511888;515794
metterebbe;398;3,49086613;387;VER;mettere;124577;84731
trimestre;397;3,489776306;303;NOM;trimestre;415;94215
quinte;397;3,489776306;305;NOM;quinta;909;268811
delfini;397;3,489776306;147;NOM;delfino;397;219403
camioncino;397;3,489776306;248;NOM;camion;419;161037
consapevolezza;397;3,489776306;339;NOM;consapevolezza;397;115226
conosciute;397;3,489776306;372;VER;conoscere;92248;482593
solida;397;3,489776306;355;ADJ;solido;1069;127266
Vargas;0;3,489776306;51;NOM;<unknown>;4511888;366129
spesi;397;3,489776306;343;VER;spendere;4645;96063
comportamenti;397;3,489776306;343;NOM;comportamento;3395;349524
composizione;397;3,489776306;304;NOM;composizione;458;17243
scrupoli;397;3,489776306;348;NOM;scrupolo;453;421730
vinca;397;3,489776306;351;VER;vincere;25149;39786
fanteria;397;3,489776306;225;NOM;fanteria;401;64901
Uh-huh;0;3,489776306;289;NOM;<unknown>;4511888;352137
consegni;397;3,489776306;366;VER;consegnare;7449;291469
pala;397;3,489776306;281;NOM;pala;533;99228
deciderà;397;3,489776306;365;VER;decidere;25516;272832
cioccolatini;397;3,489776306;279;NOM;cioccolatino;4511888;82371
pannolino;397;3,489776306;317;NOM;pannolino;860;512196
Vienna;0;3,489776306;172;NPR;Vienna;397;114375
attratta;397;3,489776306;333;VER;attrarre;1805;283604
prendevo;397;3,489776306;370;VER;prendere;214434;11737
puntando;397;3,489776306;361;VER;puntare;5302;140766
esclusivamente;397;3,489776306;369;ADV;esclusivamente;397;16606
dinosauri;397;3,489776306;202;NOM;dinosauro;755;223
parlò;397;3,489776306;325;VER;parlare;204981;392416
spregevole;397;3,489776306;332;ADJ;spregevole;466;355809
addestrati;397;3,489776306;346;VER;addestrare;2133;170735
pagarti;396;3,488683741;361;VER;pagare;31598;399367
está;0;3,488683741;34;NOM;<unknown>;4511888;371210
combattimenti;396;3,488683741;295;NOM;combattimento;2592;272665
chiodi;396;3,488683741;292;NOM;chiodo;910;140070
Sayid;0;3,488683741;80;NPR;Sayid;4511888;213042
Starbuck;0;3,488683741;71;NPR;Starbuck;4511888;416050
amnesia;396;3,488683741;235;NOM;amnesia;409;236596
Song;0;3,488683741;137;NOM;<unknown>;4511888;309321
fischio;396;3,488683741;304;NOM;fischio;494;380749
sopravvive;396;3,488683741;351;VER;sopravvivere;6855;411280
molli;396;3,488683741;352;ADJ;molle;402;225180
spenta;396;3,488683741;343;VER;spegnere;4285;122013
intercettato;396;3,488683741;330;VER;intercettare;1188;22196
riprende;396;3,488683741;352;VER;riprendere;11395;241333
raccontarti;396;3,488683741;377;VER;raccontare;16051;362429
Jekyll;0;3,488683741;72;NPR;Jekyll;4511888;503252
colpe;396;3,488683741;359;NOM;colpa;25784;422115
Beck;0;3,488683741;89;NPR;Beck;4511888;444135
Knox;0;3,48758842;122;NPR;Knox;4511888;302592
urli;395;3,48758842;332;NOM;urlo;272;40748
congegno;395;3,48758842;251;NOM;congegno;468;137261
riprendi;395;3,48758842;328;VER;riprendere;11395;415039
2001;0;3,48758842;266;NUM;@card@;412838;98370
trovarvi;395;3,48758842;375;VER;trovare;165912;511569
frittelle;395;3,48758842;231;NOM;frittella;515;408147
apparizione;395;3,48758842;322;NOM;apparizione;519;510292
pantaloncini;395;3,48758842;295;NOM;pantaloncino;4511888;96356
giovanile;395;3,48758842;316;ADJ;giovanile;503;253296
genero;395;3,48758842;259;VER;generare;390;372341
allontana;395;3,48758842;354;VER;allontanare;6848;440704
alleato;395;3,48758842;348;NOM;alleato;935;335248
vini;395;3,48758842;271;NOM;vino;6893;317330
mollo;395;3,48758842;339;ADJ;mollo;690;318894
vestirsi;395;3,48758842;353;VER;vestire;9163;458416
leggende;395;3,48758842;302;NOM;leggenda;2263;292799
oculare;395;3,48758842;302;ADJ;oculare;555;489666
fidatevi;395;3,48758842;367;VER;fidarsi;17163;223199
apprendista;395;3,48758842;257;NOM;apprendista;438;226274
temporaneamente;395;3,48758842;364;ADV;temporaneamente;395;108269
maledette;395;3,48758842;349;ADJ;maledetto;3283;221938
Jensen;0;3,48758842;98;NPR;Jensen;395;91897
chiamerei;394;3,48649033;369;VER;chiamare;133592;141851
forchetta;394;3,48649033;322;NOM;forchetta;522;291886
dolcetti;394;3,48649033;250;NOM;dolcetto;1002;220219
Gerusalemme;0;3,48649033;146;NPR;Gerusalemme;394;399685
emendamento;394;3,48649033;258;NOM;emendamento;411;360778
esto;0;3,48649033;54;VER;<unknown>;1069550;371278
cipolla;394;3,48649033;263;NOM;cipolla;820;425074
ex-moglie;394;3,48649033;291;NOM;ex-moglie;4511888;235637
oltraggio;394;3,48649033;325;NOM;oltraggio;409;438137
Kono;0;3,48649033;104;NOM;<unknown>;4511888;126073
cortese;394;3,48649033;299;ADJ;cortese;457;441979
citato;394;3,48649033;344;VER;citare;1926;141197
terreni;394;3,48649033;294;NOM;terreno;2736;141217
accensione;394;3,48649033;276;NOM;accensione;400;446650
testimoniato;394;3,48649033;310;VER;testimoniare;2835;19916
Thelma;0;3,48649033;78;NPR;Thelma;1069550;433630
mandarla;394;3,48649033;371;VER;mandare;36513;499943
vago;394;3,48649033;341;ADJ;vago;928;391657
Weir;0;3,485389456;81;ABR;<unknown>;40791;414209
riuscirete;393;3,485389456;362;VER;riuscire;84728;375327
dormiamo;393;3,485389456;347;VER;dormire;30760;343073
Hotch;0;3,485389456;103;NOM;<unknown>;4511888;423727
Leah;0;3,485389456;80;NOM;<unknown>;4511888;496943
atteneione;0;3,485389456;208;NOM;<unknown>;4511888;236598
Savannah;0;3,485389456;62;NOM;<unknown>;4511888;503354
multe;393;3,485389456;291;NOM;multa;1361;366410
Crystal;0;3,485389456;161;NOM;<unknown>;4511888;22615
cognata;393;3,485389456;249;NOM;cognato;1142;331865
influenzare;393;3,485389456;358;VER;influenzare;1429;465244
fotocamera;393;3,485389456;243;NOM;fotocamera;4511888;7055
beveva;393;3,485389456;351;VER;bere;31940;322981
meschino;393;3,485389456;347;ADJ;meschino;673;220582
bisognerebbe;393;3,485389456;360;VER;bisognare;10446;382118
ghetto;393;3,485389456;199;NOM;ghetto;419;255656
rubano;393;3,485389456;347;VER;rubare;19463;348623
vendicare;393;3,485389456;325;VER;vendicare;2331;50398
fartela;0;3,485389456;368;VER;fare;1151883;236000
direte;393;3,485389456;355;VER;dire;636417;218365
parlassi;393;3,485389456;375;VER;parlare;204981;189693
riceverai;392;3,484285785;353;VER;ricevere;25783;434210
ferri;392;3,484285785;321;NOM;ferro;2625;255547
Shelley;0;3,484285785;127;NPR;Shelley;4511888;342620
Oprah;0;3,484285785;265;NPR;Oprah;4511888;427374
paesaggio;392;3,484285785;303;NOM;paesaggio;507;226709
sediamoci;392;3,484285785;365;VER;sedersi;784;306071
saprete;392;3,484285785;361;VER;sapere;499632;227555
navicella;392;3,484285785;170;NOM;navicella;449;160242
Talin;0;3,484285785;390;NOM;<unknown>;4511888;34292
incosciente;392;3,484285785;354;ADJ;incosciente;360;61438
Lang;0;3,483179301;92;NPR;Lang;391;369930
neutrale;391;3,483179301;238;ADJ;neutrale;420;467979
copri;391;3,483179301;340;VER;coprire;9248;217372
interventi;391;3,483179301;286;NOM;intervento;3049;414509
macchiato;391;3,483179301;318;ADJ;macchiato;678;164911
rettore;391;3,483179301;136;NOM;rettore;256;281149
quadrato;391;3,483179301;283;NOM;quadrato;287;282944
governante;391;3,483179301;266;NOM;governante;426;184130
trovami;391;3,483179301;351;VER;trovare;165912;194629
diplomatico;391;3,483179301;270;ADJ;diplomatico;740;125535
abbassato;391;3,483179301;333;VER;abbassare;5787;496490
assassinata;391;3,483179301;311;VER;assassinare;2164;107382
spa;391;3,483179301;214;NOM;spa;410;473496
sistemazione;391;3,483179301;353;NOM;sistemazione;419;320702
rimpianti;391;3,483179301;325;NOM;rimpianto;575;50115
call;0;3,483179301;205;NOM;<unknown>;4511888;314846
mattine;391;3,483179301;356;NOM;mattina;11919;179679
Yes;0;3,483179301;182;NOM;<unknown>;4511888;269034
volontaria;391;3,483179301;322;ADJ;volontario;1182;229612
salvate;391;3,483179301;294;VER;salvare;26667;169455
odori;391;3,483179301;314;NOM;odore;5861;260860
disoccupato;390;3,482069992;329;ADJ;disoccupato;324;94476
portaerei;0;3,482069992;171;NOM;portaerei;390;343567
sci;390;3,482069992;267;NOM;sci;390;66320
capiva;390;3,482069992;347;VER;capire;130245;1556
liquidi;390;3,482069992;333;NOM;liquido;834;208148
Michel;0;3,482069992;90;NPR;Michel;390;454682
sarcasmo;390;3,482069992;332;NOM;sarcasmo;393;58403
diarrea;390;3,482069992;297;NOM;diarrea;392;387629
Harlan;0;3,482069992;79;NPR;Harlan;4511888;334639
Eleucalypthus;0;3,482069992;380;NOM;<unknown>;4511888;472372
spegnilo;390;3,482069992;279;VER;spegnere;2530;488273
venderlo;390;3,482069992;338;VER;vendere;19229;405914
vitello;390;3,482069992;231;NOM;vitello;460;395171
alleluia;390;3,482069992;215;NOM;alleluia;390;493476
compriamo;390;3,482069992;345;VER;comprare;26675;73657
ottavo;390;3,482069992;298;ADJ;ottavo;571;169683
incontrerò;390;3,482069992;355;VER;incontrare;27005;258517
Turk;0;3,482069992;55;NOM;<unknown>;4511888;380408
nasconderci;390;3,482069992;353;VER;nascondere;21950;360956
United;0;3,480957841;157;NPR;United;389;309255
illegalmente;389;3,480957841;337;ADV;illegamente;389;383239
melodia;389;3,480957841;254;NOM;melodia;479;353557
fini;389;3,480957841;338;NOM;fine;27472;187679
stampato;389;3,480957841;358;VER;stampare;1215;123429
sfondato;389;3,480957841;337;VER;sfondare;1286;84266
bis;389;3,480957841;238;NOM;bis;276;226626
pressi;0;3,480957841;335;NOM;pressi;389;65868
rubinetto;389;3,480957841;297;NOM;rubinetto;478;29267
coreano;389;3,480957841;209;ADJ;coreano;522;278875
inventando;389;3,480957841;352;VER;inventare;5858;454252
Silas;0;3,480957841;91;NPR;Silas;4511888;297584
dirigo;389;3,480957841;362;VER;dirigere;8815;209269
gel;389;3,480957841;196;NOM;gel;389;9604
dote;389;3,480957841;243;NOM;dote;761;291212
abbassati;389;3,480957841;335;VER;abbassarsi;5787;431272
Ada;0;3,480957841;59;NPR;Ada;4511888;455337
conciato;389;3,480957841;350;VER;conciare;707;26817
Ripley;0;3,480957841;57;NPR;Ripley;4511888;82394
diffondere;389;3,480957841;333;VER;diffondere;2184;253661
immobili;389;3,480957841;329;NOM;immobile;302;315360
scosso;389;3,480957841;346;VER;scuotere;1540;259310
decorazioni;388;3,479842836;313;NOM;decorazione;539;239632
scriverlo;388;3,479842836;353;VER;scrivere;35110;437035
importato;388;3,479842836;359;VER;importare;27313;470831
tagliamo;388;3,479842836;349;VER;tagliare;12445;164159
fresche;388;3,479842836;328;ADJ;fresco;4066;214597
chiudono;388;3,479842836;352;VER;chiudere;30264;434015
cene;388;3,479842836;343;NOM;cena;16165;136303
riuscissimo;388;3,479842836;358;VER;riuscire;84728;336508
modifiche;388;3,479842836;310;NOM;modifica;620;367228
equo;388;3,479842836;308;ADJ;equo;558;195709
Pen;0;3,479842836;102;NPR;Pen;388;160910
sentissi;388;3,479842836;369;VER;sentire;192280;337324
Gallagher;0;3,479842836;76;NPR;Gallagher;388;287663
pagheranno;388;3,479842836;344;VER;pagare;31598;433085
stargli;388;3,479842836;353;VER;stare;648668;413124
quarti;388;3,479842836;321;NOM;quarto;1430;472265
Jude;0;3,479842836;89;NPR;Jude;206355;348106
Cambridge;0;3,479842836;176;NPR;Cambridge;388;278744
risolviamo;388;3,479842836;347;VER;risolvere;11288;111869
inclusi;387;3,47872496;358;VER;includere;2908;503826
riguardava;387;3,47872496;348;VER;riguardare;11291;247575
migliora;387;3,47872496;358;VER;migliorare;4370;133402
Greene;0;3,47872496;101;NOM;<unknown>;4511888;104488
Woods;0;3,47872496;177;NPR;Woods;387;233519
Apache;387;3,47872496;83;NPR;apache;388;492877
comincerò;387;3,47872496;367;VER;cominciare;29999;18511
specializzato;387;3,47872496;349;VER;specializzare;884;361312
riportata;387;3,47872496;358;VER;riportare;11084;421735
ripeta;387;3,47872496;354;VER;ripetere;8679;317289
tavoletta;387;3,47872496;249;NOM;tavoletta;446;194417
Otis;0;3,47872496;92;NPR;Otis;4511888;94070
versare;387;3,47872496;348;VER;versare;2532;455040
palazzi;387;3,47872496;316;NOM;palazzo;4299;344199
combacia;387;3,47872496;336;VER;combaciare;828;327818
terminata;387;3,47872496;344;VER;terminare;2443;180646
labbro;387;3,47872496;298;NOM;labbro;2851;175808
potervi;387;3,47872496;356;VER;potere;676977;167617
watched;0;3,47872496;306;ADJ;<unknown>;206355;130497
Marnie;0;3,47872496;48;NPR;Marnie;4511888;467410
recitato;386;3,477604199;315;VER;recitare;3171;258051
scelga;386;3,477604199;353;VER;scegliere;22585;44555
Mosè;0;3,477604199;148;NPR;Mosè;386;22816
fermalo;386;3,477604199;290;VER;fermare;30904;52514
considerate;386;3,477604199;352;VER;considerare;11570;12580
bicchierino;386;3,477604199;322;NOM;bicchierino;386;302895
cobra;386;3,477604199;170;NOM;cobra;386;170060
perdonerà;386;3,477604199;342;VER;perdonare;11218;352601
fratture;386;3,477604199;259;NOM;frattura;1111;142437
aneurisma;386;3,477604199;200;NOM;aneurisma;408;390251
preoccupano;386;3,477604199;357;VER;preoccupare;43338;378999
insufficienza;386;3,477604199;266;NOM;insufficienza;402;462471
scopando;386;3,477604199;309;VER;scopare;7487;475535
propaganda;386;3,477604199;264;NOM;propaganda;374;376464
wa;0;3,477604199;122;ADJ;<unknown>;206355;165523
dilettanti;386;3,477604199;327;NOM;dilettante;641;211356
giace;386;3,477604199;331;VER;giacere;894;376516
versl;0;3,477604199;77;NOM;<unknown>;4511888;457932
cambieranno;386;3,477604199;364;VER;cambiare;39212;31702
volontariamente;386;3,477604199;340;ADV;volontariamente;386;93675
tarda;386;3,477604199;342;ADJ;tardo;20823;186098
Pakistan;0;3,477604199;167;NPR;Pakistan;386;95220
investigare;386;3,477604199;325;VER;investigare;1045;288501
sensitivo;386;3,477604199;154;ADJ;sensitivo;386;313333
Andie;0;3,476480539;49;NOM;<unknown>;4511888;368687
Allie;0;3,476480539;58;NOM;<unknown>;4511888;54838
potersi;385;3,476480539;365;VER;potersi;676977;239689
correggere;385;3,476480539;346;VER;correggere;3135;95323
ua;0;3,476480539;76;NOM;<unknown>;4511888;211083
fast;0;3,476480539;288;NOM;<unknown>;4511888;335524
Twitter;385;3,476480539;290;NOM;Twitter;4511888;119470
anticipato;385;3,476480539;350;VER;anticipare;806;102833
Pennsylvania;0;3,476480539;267;NPR;Pennsylvania;4511888;44728
Grady;0;3,476480539;68;NPR;Grady;4511888;283334
affezionato;385;3,476480539;325;ADJ;affezionato;884;433354
snack;385;3,476480539;309;NOM;snack;4511888;457677
distanze;385;3,476480539;331;NOM;distanza;4146;217039
incontrano;385;3,476480539;350;VER;incontrare;27005;82920
stacco;385;3,476480539;347;VER;staccare;3255;317421
riusciranno;385;3,476480539;362;VER;riuscire;84728;408558
palloncino;385;3,476480539;224;NOM;palloncino;766;279283
viaggiatore;385;3,476480539;259;NOM;viaggiatore;314;452084
piaciuti;384;3,475353964;360;VER;piacere;116765;33556
perverso;384;3,475353964;350;ADJ;perverso;800;344604
Brittany;0;3,475353964;85;NOM;<unknown>;4511888;148252
Barb;0;3,475353964;81;NOM;<unknown>;4511888;365600
ucciderei;384;3,475353964;354;VER;uccidere;89873;259105
Esposito;0;3,475353964;99;NPR;Esposito;4511888;490276
orfano;384;3,475353964;293;NOM;orfano;532;385834
tradendo;384;3,475353964;311;VER;tradire;7183;19764
fondamentali;384;3,475353964;339;ADJ;fondamentale;1400;392264
atleti;384;3,475353964;272;NOM;atleta;971;154189
combattenti;384;3,475353964;271;NOM;combattente;636;398935
trovarono;384;3,475353964;328;VER;trovare;165912;204658
Richards;0;3,475353964;119;NOM;<unknown>;4511888;10618
rampa;384;3,475353964;252;NOM;rampa;486;318863
secchi;384;3,475353964;328;ADJ;secco;1694;13725
interviste;384;3,475353964;311;NOM;intervista;1904;397472
puntura;384;3,475353964;281;NOM;puntura;565;377005
sudare;384;3,475353964;343;VER;sudare;1538;270036
realistico;384;3,475353964;329;ADJ;realistico;672;170713
vigile;384;3,475353964;274;ADJ;vigile;313;463328
confessa;384;3,475353964;310;VER;confessare;783;62950
scoppia;384;3,475353964;347;VER;scoppiare;2537;31990
Russ;0;3,474224459;107;NPR;Russ;4511888;110609
Wanda;0;3,474224459;97;NOM;<unknown>;4511888;497990
Edwards;0;3,474224459;139;NOM;<unknown>;4511888;191834
using;0;3,474224459;302;NOM;<unknown>;4511888;422251
Winchester;0;3,474224459;158;NOM;winchester;383;261484
Stefano;0;3,474224459;94;NPR;Stefano;383;111983
riparazioni;383;3,474224459;297;NOM;riparazione;739;402556
erta;383;3,474224459;340;ADJ;erto;332;427918
mummia;383;3,474224459;120;NOM;mummia;481;264091
tesserino;383;3,474224459;272;NOM;tesserino;415;158629
sguardi;383;3,474224459;343;NOM;sguardo;4486;260787
dimenticando;383;3,474224459;360;VER;dimenticare;28054;14282
cespugli;383;3,474224459;319;NOM;cespuglio;689;262622
Dirk;0;3,474224459;42;NPR;Dirk;4511888;2540
Colombo;0;3,474224459;206;NPR;Colombo;847;68076
Herriot;0;3,474224459;23;NOM;<unknown>;4511888;211184
crederanno;383;3,474224459;341;VER;credere;185652;475637
settima;382;3,473092008;299;ADJ;settimo;848;53504
scaricarle;382;3,473092008;304;VER;scaricare;5409;476675
schiacciare;382;3,473092008;326;VER;schiacciare;2184;102176
sottufficiale;382;3,473092008;81;NOM;sottufficiale;426;80176
«;0;3,473092008;32;PON;«;382;44082
offrono;382;3,473092008;345;VER;offrire;16263;318772
inversione;382;3,473092008;288;NOM;inversione;394;118592
schifezze;382;3,473092008;334;NOM;schifezza;922;376911
Western;382;3,473092008;261;NOM;western;372;128600
asse;382;3,473092008;283;NOM;asse;382;324700
schede;382;3,473092008;237;NOM;scheda;1372;464768
scriveva;382;3,473092008;323;VER;scrivere;35110;216970
accogliente;382;3,473092008;350;ADJ;accogliente;421;125331
prevedibile;382;3,473092008;333;ADJ;prevedibile;484;327590
numerose;382;3,473092008;341;ADJ;numeroso;1015;482474
cercò;382;3,473092008;327;VER;cercare;103013;40630
osservatore;382;3,473092008;249;NOM;osservatore;250;356797
magiche;382;3,473092008;306;ADJ;magico;3290;282558
seguaci;382;3,473092008;282;NOM;seguace;482;260831
Andrews;0;3,473092008;143;NPR;Andrews;382;285410
percepisco;382;3,473092008;317;VER;percepire;1656;392424
Hurley;0;3,473092008;99;NPR;Hurley;4511888;437234
Darling;0;3,473092008;65;NOM;<unknown>;4511888;128765
protocolli;381;3,471956597;271;NOM;protocollo;1714;489986
toccano;381;3,471956597;341;VER;toccare;21210;375310
ampio;381;3,471956597;337;ADJ;ampio;877;453142
palloncini;381;3,471956597;283;NOM;palloncino;766;132119
mkv;0;3,471956597;300;NOM;<unknown>;4511888;155703
Hello;0;3,471956597;185;NOM;<unknown>;4511888;2875
applausi;381;3,471956597;261;NOM;applauso;1301;62271
bluffando;381;3,471956597;312;VER;bluffare;539;292198
contenimento;381;3,471956597;221;NOM;contenimento;381;194966
reclamo;381;3,471956597;297;NOM;reclamo;516;242080
ridammelo;381;3,471956597;276;VER;ridare;3816;432294
riformatorio;381;3,471956597;246;ADJ;riformatorio;381;450216
fiscale;381;3,471956597;309;ADJ;fiscale;530;285097
ascoltiamo;381;3,471956597;355;VER;ascoltare;55142;215497
corrotti;381;3,471956597;281;ADJ;corrotto;449;20428
130;0;3,471956597;304;NUM;@card@;412838;500173
prescindere;381;3,471956597;343;VER;prescindere;389;327669
compresi;381;3,471956597;356;VER;comprendere;5580;229374
nomina;380;3,47081821;306;NOM;nomina;357;39168
coinquilina;380;3,47081821;236;NOM;coinquilino;1079;485891
suvvia;380;3,47081821;326;INT;suvvia;380;481288
sh;0;3,47081821;231;NOM;<unknown>;4511888;420637
Liberty;0;3,47081821;117;NOM;liberty;298;362017
Denny;0;3,47081821;116;NPR;Denny;4511888;300325
Page;0;3,47081821;101;NPR;Page;380;407113
volontariato;380;3,47081821;287;NOM;volontariato;380;383052
reginetta;380;3,47081821;209;NOM;reginetta;413;371021
Fowler;0;3,47081821;88;NOM;<unknown>;4511888;175182
Johnnie;0;3,47081821;44;NOM;<unknown>;4511888;285530
Blade;0;3,47081821;56;NOM;<unknown>;4511888;128610
cancellata;380;3,47081821;326;VER;cancellare;5390;263270
fratellanza;380;3,47081821;221;NOM;fratellanza;383;78182
suggerire;380;3,47081821;355;VER;suggerire;5088;302954
Madam;0;3,47081821;96;NOM;<unknown>;4511888;3185
pozione;380;3,47081821;164;NOM;pozione;486;204664
elettrici;380;3,47081821;323;ADJ;elettrico;2816;455561
trasformando;380;3,47081821;343;VER;trasformare;7282;272783
caffé;380;3,47081821;207;NOM;caffè;4511888;230580
fardello;380;3,47081821;305;NOM;fardello;414;313526
Hodges;0;3,47081821;103;NPR;Hodges;4511888;310199
imbarco;380;3,47081821;269;NOM;imbarco;362;161469
Caprica;0;3,47081821;89;NPR;Caprica;4511888;466636
gancio;380;3,47081821;289;NOM;gancio;495;444881
gradevole;380;3,47081821;316;ADJ;gradevole;427;284888
tubature;380;3,47081821;259;NOM;tubatura;469;430045
servitore;380;3,47081821;281;NOM;servitore;600;438493
risolveremo;380;3,47081821;351;VER;risolvere;11288;507360
purezza;380;3,47081821;258;NOM;purezza;380;362982
cosetta;379;3,469676831;334;NOM;cosetta;4511888;154888
arrestarlo;379;3,469676831;327;VER;arrestare;10230;88081
Ames;0;3,469676831;94;NOM;<unknown>;4511888;335641
Lucien;0;3,469676831;58;NPR;Lucien;4511888;476697
riduce;379;3,469676831;362;VER;ridurre;4580;207386
sperimentazione;379;3,469676831;173;NOM;sperimentazione;456;211492
Cao;0;3,469676831;24;NOM;<unknown>;4511888;47397
pentito;379;3,469676831;318;VER;pentirsi;3004;121412
pappa;379;3,469676831;301;NOM;pappa;370;336710
sistemati;379;3,469676831;357;VER;sistemare;12400;44621
sepoltura;379;3,469676831;304;NOM;sepoltura;392;288593
barra;379;3,469676831;255;NOM;barra;741;478036
centomila;0;3,469676831;262;NUM;centomila;291;370791
scoparti;379;3,469676831;310;VER;scopare;7487;200824
lampadina;379;3,469676831;264;NOM;lampadina;565;268163
torti;379;3,469676831;327;NOM;torto;762;204177
miliardario;379;3,469676831;296;NOM;miliardario;296;129182
Barbie;379;3,469676831;228;NOM;Barbie;4511888;326313
interne;379;3,469676831;341;ADJ;interno;6883;116677
invio;379;3,469676831;323;NOM;invio;390;428760
sciocchi;379;3,469676831;314;NOM;sciocco;1367;379365
minchia;379;3,469676831;106;INT;minchia;1069550;399343
culto;379;3,469676831;257;NOM;culto;417;321013
buttalo;379;3,469676831;311;VER;buttare;15440;410104
vano;378;3,468532444;293;ADJ;vano;458;42753
orale;378;3,468532444;292;ADJ;orale;393;516097
caviglie;378;3,468532444;305;NOM;caviglia;1172;296450
credessi;378;3,468532444;356;VER;credere;185652;224007
bottega;378;3,468532444;273;NOM;bottega;392;175628
testare;378;3,468532444;336;VER;testare;1284;271631
leggerò;378;3,468532444;337;VER;leggere;24226;215572
buia;378;3,468532444;302;ADJ;buio;2950;421659
Theo;0;3,468532444;76;NPR;Theo;4511888;258885
razzi;378;3,468532444;228;NOM;razzo;1048;350291
vestirti;378;3,468532444;350;VER;vestire;9163;386133
inquadratura;378;3,468532444;220;NOM;inquadratura;482;364376
lavagna;378;3,468532444;310;NOM;lavagna;410;146265
decollare;378;3,468532444;296;VER;decollare;972;171610
schifosi;378;3,468532444;328;ADJ;schifoso;2716;339812
Eminenza;378;3,468532444;127;NOM;eminenza;392;281963
seccatura;378;3,468532444;334;NOM;seccatura;460;246636
magnetico;378;3,468532444;221;ADJ;magnetico;1088;222323
scacco;378;3,468532444;244;NOM;scacco;1311;33149
rilassato;378;3,468532444;328;VER;rilassare;9394;50304
seguiva;378;3,468532444;327;VER;seguire;25854;89985
tabella;378;3,468532444;317;NOM;tabella;436;219785
feto;378;3,468532444;234;NOM;feto;429;156042
allievo;378;3,468532444;250;NOM;allievo;822;463248
fredde;378;3,468532444;334;ADJ;freddo;5673;264380
motivazione;378;3,468532444;334;NOM;motivazione;697;193217
sciolto;378;3,468532444;331;VER;sciogliere;2333;439503
ricambio;378;3,468532444;327;NOM;ricambio;501;285668
Herb;0;3,468532444;96;NOM;<unknown>;4511888;350960
concentri;378;3,468532444;351;VER;concentrare;6306;177650
say;0;3,468532444;177;NOM;<unknown>;4511888;169715
smarrito;377;3,467385034;324;ADJ;smarrito;550;219904
salutami;377;3,467385034;346;VER;salutare;6434;287240
coniglietto;377;3,467385034;257;NOM;coniglio;4511888;333845
fattura;377;3,467385034;308;NOM;fattura;639;22810
rimandato;377;3,467385034;336;VER;rimandare;2828;89645
bancario;377;3,467385034;267;ADJ;bancario;799;336182
Milady;0;3,467385034;110;NOM;<unknown>;4511888;411725
Marlene;0;3,467385034;117;NPR;Marlene;4511888;408401
assi;377;3,467385034;290;NOM;asso;377;324699
compiuta;377;3,467385034;342;ADJ;compiuto;352;108146
insolita;377;3,467385034;343;ADJ;insolito;1600;120950
calvo;377;3,467385034;265;ADJ;calvo;546;73609
conveniente;377;3,467385034;338;ADJ;conveniente;420;204687
Angelica;0;3,467385034;97;NOM;angelica;293;274345
accelera;377;3,467385034;279;VER;accelerare;1590;352943
intrusione;377;3,467385034;316;NOM;intrusione;406;53688
rappresentano;377;3,467385034;351;VER;rappresentare;4518;96470
carichi;377;3,467385034;323;NOM;carico;3519;215512
turista;377;3,467385034;276;NOM;turista;1149;34271
giocavo;377;3,467385034;336;VER;giocare;27555;166378
aiutate;377;3,467385034;339;VER;aiutare;72590;124142
spaccare;377;3,467385034;334;VER;spaccare;3033;192495
cambiò;377;3,467385034;312;VER;cambiare;39212;270842
desse;377;3,467385034;365;VER;dare;158901;282876
avidità;377;3,467385034;291;NOM;avidità;377;85759
Prentiss;0;3,466234585;102;NPR;Prentiss;4511888;56320
Alma;0;3,466234585;114;NPR;Alma;124;306439
lente;376;3,466234585;304;NOM;lente;255;286741
sfiga;376;3,466234585;297;NOM;sfiga;1069550;260122
eleganti;376;3,466234585;342;ADJ;elegante;1981;515867
elezione;376;3,466234585;228;NOM;elezione;1705;32800
provava;376;3,466234585;357;VER;provare;60980;156203
sereno;376;3,466234585;319;ADJ;sereno;1054;268879
Aiden;0;3,466234585;38;NPR;Aiden;4511888;148072
provalo;376;3,466234585;339;VER;provare;60980;50802
andresti;376;3,466234585;342;VER;andare;641883;258676
raccolti;376;3,466234585;330;VER;raccogliere;6762;433280
ripete;376;3,466234585;331;VER;ripetere;8679;224904
amaro;376;3,466234585;271;ADJ;amaro;1340;54940
cattiveria;376;3,466234585;327;NOM;cattiveria;487;68261
fragola;376;3,466234585;261;NOM;fragola;805;48038
invecchiare;376;3,466234585;339;VER;invecchiare;1818;448167
riuscirebbe;376;3,466234585;360;VER;riuscire;84728;67253
colposo;376;3,466234585;233;ADJ;colposo;389;482494
reclute;376;3,466234585;258;NOM;recluta;782;304576
svolto;376;3,466234585;358;VER;svolgere;2183;276162
basti;376;3,466234585;357;VER;bastare;43839;446661
equivoco;376;3,466234585;320;NOM;equivoco;366;400583
Jamal;0;3,466234585;45;NOM;<unknown>;4511888;318410
mangiata;376;3,466234585;337;VER;mangiare;42515;494037
rimettiti;376;3,466234585;347;VER;rimettersi;8013;39131
palmo;376;3,466234585;303;NOM;palmo;492;993
manipolare;376;3,466234585;342;VER;manipolare;1206;400098
contribuito;376;3,466234585;343;VER;contribuire;984;12273
Lars;0;3,466234585;77;NPR;Lars;4511888;216561
olandese;376;3,466234585;210;ADJ;olandese;456;348408
off;0;3,465081079;258;ADJ;off;375;262165
strettamente;375;3,465081079;346;ADV;strettamente;375;358677
Gerard;0;3,465081079;118;NPR;Gerard;375;214295
deliziosi;375;3,465081079;334;ADJ;delizioso;3528;328986
impianti;375;3,465081079;279;NOM;impianto;1687;6181
pr;0;3,465081079;278;VER;<unknown>;1069550;95040
Colleen;0;3,465081079;106;NPR;Colleen;4511888;219718
rappresentanti;375;3,465081079;301;NOM;rappresentante;1270;101708
entrerò;375;3,465081079;357;VER;entrare;59544;218196
milionario;375;3,465081079;289;ADJ;milionario;345;478039
rap;375;3,465081079;218;NOM;rap;4511888;365432
disperati;375;3,465081079;347;ADJ;disperato;1823;376952
girate;375;3,465081079;314;VER;girare;15592;51586
fermano;375;3,465081079;350;VER;fermare;30904;30091
scarafaggio;375;3,465081079;221;NOM;scarafaggio;856;39822
stupidità;375;3,465081079;336;NOM;stupidità;375;282515
spagnola;375;3,465081079;267;ADJ;spagnolo;1295;52887
sassi;375;3,465081079;287;NOM;sasso;1098;249775
ossessionata;375;3,465081079;326;VER;ossessionare;1573;28340
suggerendo;375;3,465081079;344;VER;suggerire;5088;514996
notiziari;375;3,465081079;317;NOM;notiziario;1155;197303
margarita;375;3,465081079;259;NOM;margarita;4511888;385209
agitazione;375;3,465081079;331;NOM;agitazione;389;428994
parametri;375;3,465081079;310;NOM;parametro;403;222663
automaticamente;375;3,465081079;341;ADV;automaticamente;375;465623
Harley;0;3,465081079;130;NOM;<unknown>;4511888;758
grazioso;375;3,465081079;311;ADJ;grazioso;1126;449783
assalito;374;3,463924502;343;VER;assalire;683;244999
cacciatrice;374;3,463924502;148;NOM;cacciatore;2757;98569
polacco;374;3,463924502;206;ADJ;polacco;584;394510
Ulisse;0;3,463924502;52;NPR;Ulisse;4511888;418831
tattiche;374;3,463924502;318;NOM;tattica;665;312087
Dead;0;3,463924502;237;NOM;<unknown>;4511888;63002
loft;374;3,463924502;207;NOM;loft;4511888;464940
violentato;374;3,463924502;267;VER;violentare;1732;401969
she;0;3,463924502;130;NOM;<unknown>;4511888;281914
unisce;374;3,463924502;347;VER;unire;8491;256831
fermeremo;374;3,463924502;333;VER;fermare;30904;194370
buttate;374;3,463924502;331;VER;buttare;15440;344651
vagone;374;3,463924502;220;NOM;vagone;559;15441
Larsen;0;3,463924502;51;NOM;<unknown>;4511888;128626
filmare;374;3,463924502;251;VER;filmare;1665;507003
negarlo;374;3,463924502;346;VER;negare;3963;161156
stalker;374;3,463924502;221;NOM;stalker;4511888;297620
fulmini;374;3,463924502;233;NOM;fulmine;1205;427703
complessa;374;3,463924502;325;ADJ;complesso;1222;133075
presidenza;374;3,463924502;231;NOM;presidenza;375;305886
concorrenti;374;3,463924502;252;NOM;concorrente;657;340206
lettori;374;3,463924502;273;NOM;lettore;875;405238
equazione;374;3,463924502;269;NOM;equazione;616;82422
partorito;374;3,463924502;313;VER;partorire;1208;48892
rami;373;3,462764837;288;NOM;ramo;372;245773
Orson;373;3,462764837;94;NPR;Orson;4511888;442896
arrabbia;373;3,462764837;335;VER;arrabbiare;14491;450328
Death;0;3,462764837;177;NOM;<unknown>;4511888;312349
nullità;373;3,462764837;312;NOM;nullità;373;393000
tornai;373;3,462764837;336;VER;tornare;92785;55601
Global;0;3,462764837;140;NPR;Global;373;85564
catalogo;373;3,462764837;282;NOM;catalogo;446;87105
freezer;373;3,462764837;273;NOM;freezer;373;295754
Wang;0;3,462764837;124;NPR;Wang;4511888;432210
Tristan;0;3,462764837;46;NOM;<unknown>;4511888;478852
doti;373;3,462764837;324;NOM;dote;761;291213
annoiato;373;3,462764837;315;ADJ;annoiato;2683;319375
prudenti;373;3,462764837;336;ADJ;prudente;1321;326554
morsa;373;3,462764837;298;NOM;morsa;3433;164004
letta;373;3,462764837;329;VER;leggere;24226;467378
videogiochi;373;3,462764837;274;NOM;videogioco;600;14272
pipistrello;373;3,462764837;190;NOM;pipistrello;634;246734
bastoncini;373;3,462764837;237;NOM;bastoncino;611;3285
qualcosina;373;3,462764837;336;NOM;qualcosina;1069550;358616
disattivato;373;3,462764837;279;VER;disattivare;1407;125669
Edmund;0;3,462764837;79;NPR;Edmund;4511888;174317
Trey;0;3,462764837;61;NOM;<unknown>;4511888;205047
Boys;0;3,462764837;225;NOM;<unknown>;4511888;151800
uscivo;373;3,462764837;353;VER;uscire;67981;311801
commendatore;373;3,462764837;67;NOM;commendatore;376;63486
commettendo;372;3,461602066;356;VER;commettere;5518;445458
Leland;0;3,461602066;89;NOM;<unknown>;4511888;303146
poppa;372;3,461602066;213;NOM;poppa;462;505139
prepariamo;372;3,461602066;352;VER;preparare;21904;150336
distruggerò;372;3,461602066;326;VER;distruggere;16097;237387
tantissimi;372;3,461602066;345;ADJ;tantissimo;206355;491600
Winter;0;3,461602066;64;NPR;Winter;372;58229
letture;372;3,461602066;272;NOM;lettura;1422;27768
divinità;372;3,461602066;255;NOM;divinità;372;406652
ë;0;3,461602066;7;NOM;<unknown>;4511888;314749
Tommaso;0;3,461602066;74;NPR;Tommaso;372;52877
sistemeremo;372;3,461602066;352;VER;sistemare;12400;412307
abbassi;372;3,461602066;320;VER;abbassare;5787;310166
retto;372;3,461602066;337;VER;reggere;4774;385203
otterrai;372;3,461602066;341;VER;ottenere;14689;342220
igiene;372;3,461602066;320;NOM;igiene;372;422612
tirano;372;3,461602066;332;VER;tirare;24696;165078
Stacey;0;3,461602066;81;NPR;Stacey;4511888;316636
amicizie;372;3,461602066;325;NOM;amicizia;3561;281835
49;0;3,461602066;295;NUM;@card@;412838;302578
appartengo;372;3,461602066;325;VER;appartenere;6474;371963
Diaz;0;3,460436174;133;NOM;<unknown>;4511888;360964
Aurora;371;3,460436174;164;NOM;aurora;408;382483
acquario;371;3,460436174;237;NOM;acquario;398;370989
manico;371;3,460436174;294;NOM;manico;404;173624
Leela;0;3,460436174;45;VER;<unknown>;1069550;362557
allegria;371;3,460436174;292;NOM;allegria;372;426047
bri;0;3,460436174;269;VER;<unknown>;1069550;4163
centralino;371;3,460436174;264;NOM;centralino;426;19529
prendeteli;371;3,460436174;296;VER;prendere;214434;322910
indifferente;371;3,460436174;322;ADJ;indifferente;441;14690
reality;0;3,460436174;247;NOM;<unknown>;4511888;182115
Liu;0;3,460436174;61;NOM;<unknown>;4511888;250488
minimamente;371;3,460436174;352;ADV;minimamente;371;128384
Morgana;0;3,460436174;74;NPR;Morgana;4511888;349118
lodato;371;3,460436174;211;VER;lodare;692;192195
Cassandra;0;3,460436174;61;NPR;cassandra;371;173508
posseduto;371;3,460436174;265;VER;possedere;5007;508126
scappo;371;3,460436174;334;VER;scappare;21788;77811
eserciti;371;3,460436174;289;VER;esercitare;7776;444149
Divya;0;3,459267144;48;NPR;Divya;4511888;413453
Butters;0;3,459267144;55;NOM;<unknown>;4511888;433933
attaccate;370;3,459267144;317;VER;attaccare;10651;12838
tagliate;370;3,459267144;311;VER;tagliare;12445;514603
multiple;0;3,459267144;303;ADJ;multiplo;837;125995
trarre;370;3,459267144;341;VER;trarre;1472;283450
gesti;370;3,459267144;312;NOM;gesto;2127;34120
succhia;370;3,459267144;290;VER;succhiare;2267;303961
laboratori;370;3,459267144;270;NOM;laboratorio;5999;144987
Ping;370;3,459267144;151;NOM;ping;4511888;272221
giacomo;0;3,459267144;2;NPR;Giacomo;4511888;4702
meccanica;370;3,459267144;260;NOM;meccanica;221;300387
definisce;370;3,459267144;344;VER;definire;3711;111204
offriamo;370;3,459267144;337;VER;offrire;16263;401004
picchiava;370;3,459267144;283;VER;picchiare;6276;306796
rivincita;370;3,459267144;298;NOM;rivincita;371;494487
abbasso;370;3,459267144;216;VER;abbassare;5787;310167
tracciato;370;3,459267144;277;NOM;tracciato;1411;507543
mordere;370;3,459267144;310;VER;mordere;3433;240795
addice;370;3,459267144;338;VER;addire;1023;485022
inno;370;3,459267144;263;NOM;inno;464;246727
marino;370;3,459267144;213;ADJ;marino;1314;182485
scappano;370;3,459267144;327;VER;scappare;21788;241884
nemica;370;3,459267144;288;NOM;nemico;1957;474334
preparerò;370;3,459267144;346;VER;preparare;21904;38131
cantava;369;3,458094958;312;VER;cantare;10702;143367
architettura;369;3,458094958;264;NOM;architettura;376;348938
sistemando;369;3,458094958;339;VER;sistemare;12400;33050
esaminando;369;3,458094958;341;VER;esaminare;3409;313378
lieti;369;3,458094958;323;ADJ;lieto;3819;314406
orsacchiotto;369;3,458094958;224;NOM;orsacchiotto;419;112171
umido;369;3,458094958;321;ADJ;umido;639;393023
salutato;369;3,458094958;323;VER;salutare;6434;368490
seghe;369;3,458094958;281;NOM;sega;1526;346525
togliete;369;3,458094958;318;VER;togliere;24748;437663
sposeremo;369;3,458094958;300;VER;sposare;27477;452513
apprezziamo;369;3,458094958;340;VER;apprezzare;7338;68010
luminosa;369;3,458094958;274;ADJ;luminoso;1056;32180
specifica;369;3,458094958;347;ADJ;specifico;1752;169150
Jesus;0;3,458094958;126;NOM;<unknown>;4511888;326085
Katy;0;3,458094958;109;NOM;<unknown>;4511888;277706
sopportato;369;3,458094958;340;VER;sopportare;7437;337891
karaoke;369;3,458094958;234;NOM;karaoke;4511888;10220
televisiva;369;3,458094958;278;ADJ;televisivo;1156;84977
Westen;0;3,458094958;86;NOM;<unknown>;4511888;500723
Rallo;369;3,458094958;55;NOM;rallo;4511888;168702
danneggiare;368;3,456919601;328;VER;danneggiare;2106;81933
frustrante;368;3,456919601;332;ADJ;frustrante;674;241169
Sheva;0;3,456919601;338;ABR;<unknown>;40791;360486
aeronautica;368;3,456919601;236;ADJ;aeronautico;311;310826
riporterà;368;3,456919601;347;VER;riportare;11084;198456
crederlo;368;3,456919601;340;VER;credere;185652;507737
pulisco;368;3,456919601;328;VER;pulire;10313;212062
mirtilli;368;3,456919601;257;NOM;mirtillo;548;78687
Gaius;0;3,456919601;73;NPR;Gaius;4511888;119906
bibite;368;3,456919601;285;NOM;bibita;894;371315
avercela;368;3,456919601;346;VER;avere;2620540;202612
confidenziale;368;3,456919601;317;ADJ;confidenziale;478;241803
Sugar;0;3,456919601;130;VER;<unknown>;1069550;189839
blah;0;3,456919601;102;NOM;<unknown>;4511888;172185
trattati;368;3,456919601;334;VER;trattare;28375;29346
martire;368;3,456919601;281;NOM;martire;368;126630
card;0;3,456919601;204;NOM;card;368;37567
ostilità;368;3,456919601;327;NOM;ostilità;368;197057
Buchanan;0;3,456919601;98;NOM;Buchanan;4511888;124100
padella;368;3,456919601;277;NOM;padella;450;130500
vescica;368;3,456919601;284;NOM;vescica;497;216523
Stig;0;3,456919601;53;NPR;Stig;4511888;183499
ammirare;368;3,456919601;336;VER;ammirare;2611;352977
navigatore;368;3,456919601;219;NOM;navigatore;314;66772
alunni;368;3,456919601;221;NOM;alunno;592;91118
acquistato;368;3,456919601;334;VER;acquistare;1403;62962
dream;0;3,456919601;263;NOM;<unknown>;4511888;360950
ringraziato;367;3,455741053;334;VER;ringraziare;14154;447750
toglierlo;367;3,455741053;327;VER;togliere;24748;168203
diventasse;367;3,455741053;349;VER;diventare;46915;782
serecea;0;3,455741053;312;ADJ;<unknown>;206355;430178
scorpius;0;3,455741053;46;NOM;scorpius;4511888;514679
pizzico;367;3,455741053;326;NOM;pizzico;373;412283
Skywalker;0;3,455741053;100;NPR;Skywalker;4511888;79528
accendo;367;3,455741053;339;VER;accendere;7168;405676
interprete;367;3,455741053;229;NOM;interprete;508;157616
freddi;367;3,455741053;324;ADJ;freddo;5673;264372
funerali;367;3,455741053;300;NOM;funerale;3719;473273
sù;0;3,455741053;211;NOM;<unknown>;4511888;459203
concorrente;367;3,455741053;251;NOM;concorrente;657;228813
avvicinano;367;3,455741053;323;VER;avvicinare;10755;307922
fluidi;367;3,455741053;297;NOM;fluido;479;252131
autori;367;3,455741053;258;NOM;autore;1603;220139
strappare;367;3,455741053;347;VER;strappare;3723;428019
Ike;0;3,455741053;96;NOM;<unknown>;4511888;101109
severa;367;3,455741053;338;ADJ;severo;1034;102138
ustioni;366;3,454559299;252;NOM;ustione;460;150797
Ìll;0;3,454559299;132;NOM;<unknown>;4511888;189721
affondare;366;3,454559299;317;VER;affondare;1705;130591
volermi;366;3,454559299;359;VER;volere;609883;492576
condominio;366;3,454559299;282;NOM;condominio;503;23856
determinata;366;3,454559299;337;ADJ;determinato;1944;395313
finge;366;3,454559299;324;VER;fingere;10806;361528
partiremo;366;3,454559299;332;VER;partire;15356;338750
sentirtelo;366;3,454559299;354;VER;sentire;192280;370756
rovesciato;366;3,454559299;328;VER;rovesciare;1029;318793
Casanova;0;3,454559299;160;NPR;casanova;366;59466
cartina;366;3,454559299;256;NOM;cartina;470;21325
cuor;0;3,454559299;233;NOM;<unknown>;4511888;411982
interessare;366;3,454559299;345;VER;interessare;18575;383323
anzichè;366;3,454559299;334;CON;anziché;366;298337
intatto;366;3,454559299;339;ADJ;intatto;974;427119
rifatto;366;3,454559299;330;VER;rifare;4092;239274
leggete;366;3,454559299;297;VER;leggere;24226;359106
cognac;366;3,454559299;232;NOM;cognac;366;198099
cresta;366;3,454559299;301;NOM;cresta;407;292601
usarli;366;3,454559299;346;VER;usare;48691;45819
ricoperto;365;3,45337432;339;VER;ricoprire;1294;267278
gamberetti;365;3,45337432;227;NOM;gamberetto;434;193554
perdete;365;3,45337432;334;VER;perdere;68537;484638
Emerson;0;3,45337432;116;NPR;Emerson;365;33058
Emmy;0;3,45337432;105;NPR;Emmy;4511888;291646
ammalata;365;3,45337432;297;ADJ;ammalato;1732;425022
senior;365;3,45337432;229;ADJ;senior;302;61768
Felicia;0;3,45337432;85;NOM;<unknown>;4511888;82527
imitazione;365;3,45337432;292;NOM;imitazione;483;85619
Channel;0;3,45337432;249;NPR;Channel;365;127363
appassiona;365;3,45337432;150;VER;appassionare;1225;123533
classici;365;3,45337432;323;ADJ;classico;2172;426388
lusingato;365;3,45337432;341;ADJ;lusingato;854;477856
seguenti;365;3,45337432;334;ADJ;seguente;1166;74914
fategli;365;3,45337432;329;VER;fare;1151883;27044
tremando;365;3,45337432;341;VER;tremare;1922;76969
apposto;365;3,45337432;259;VER;apporre;1561;186299
aspirapolvere;365;3,45337432;246;NOM;aspirapolvere;365;238526
condannata;365;3,45337432;304;VER;condannare;3231;180436
vamos;0;3,45337432;104;NOM;<unknown>;4511888;256469
cimici;365;3,45337432;226;NOM;cimice;878;47853
ricoverato;365;3,45337432;301;VER;ricoverare;872;344307
collasso;365;3,45337432;283;NOM;collasso;396;153590
imbroglio;365;3,45337432;281;NOM;imbroglio;500;415228
specifiche;364;3,452186099;314;ADJ;specifico;1752;64779
boxer;364;3,452186099;233;NOM;boxer;364;230696
incasinata;364;3,452186099;309;ADJ;incasinato;1898;134958
lasciarle;364;3,452186099;344;VER;lasciare;153939;511278
proposte;364;3,452186099;301;NOM;proposta;2962;445499
adorata;364;3,452186099;311;ADJ;adorato;14766;202830
gru;364;3,452186099;213;NOM;gru;364;316501
cuccia;364;3,452186099;266;NOM;cuccia;369;276074
parentesi;364;3,452186099;313;NOM;parentesi;364;360811
sputato;364;3,452186099;309;VER;sputare;2406;263817
spilla;364;3,452186099;238;NOM;spilla;445;284043
morali;364;3,452186099;294;ADJ;morale;2486;416411
supporre;364;3,452186099;338;VER;supporre;8063;483253
Julius;0;3,452186099;99;NPR;Julius;364;404919
ficcare;364;3,452186099;342;VER;ficcare;2123;488912
fotte;364;3,452186099;293;VER;fottere;16297;47316
vanità;364;3,452186099;246;NOM;vanità;364;251112
diano;364;3,452186099;346;VER;dare;158901;254696
finanze;364;3,452186099;302;NOM;finanza;646;374014
finzione;363;3,450994618;302;NOM;finzione;388;515584
festeggiando;363;3,450994618;314;VER;festeggiare;4529;365071
riteniamo;363;3,450994618;340;VER;ritenere;4800;9492
veterano;363;3,450994618;302;ADJ;veterano;290;275484
contando;363;3,450994618;325;VER;contare;9797;320548
contraria;363;3,450994618;329;ADJ;contrario;998;5684
Julio;0;3,450994618;120;NPR;Julio;363;406860
scasso;363;3,450994618;309;NOM;scasso;362;85100
percezione;363;3,450994618;295;NOM;percezione;434;109424
penetrare;363;3,450994618;311;VER;penetrare;1081;341904
Chin;0;3,450994618;103;NOM;<unknown>;4511888;357305
Stalin;0;3,450994618;135;NPR;Stalin;363;315839
pasticci;363;3,450994618;296;NOM;pasticcio;1078;466882
barile;363;3,450994618;265;NOM;barile;625;321993
Firenze;0;3,450994618;141;NPR;Firenze;363;271313
bastoni;363;3,450994618;310;NOM;bastone;2014;63187
Winnie;0;3,450994618;103;NOM;Winnie;4511888;388573
minuscolo;363;3,450994618;317;ADJ;minuscolo;808;391135
venerdi;363;3,450994618;206;NOM;venerdì;1069550;191977
senor;0;3,450994618;182;NOM;<unknown>;4511888;106750
perdermi;362;3,449799859;344;VER;perdere;68537;397575
medaglie;362;3,449799859;276;NOM;medaglia;1752;466186
tazze;362;3,449799859;294;NOM;tazza;3205;221463
raggiungerà;362;3,449799859;333;VER;raggiungere;11803;268572
presentano;362;3,449799859;349;VER;presentare;13800;358684
sepolti;362;3,449799859;308;ADJ;sepolto;1760;191265
apparenza;362;3,449799859;321;NOM;apparenza;696;402731
mostrerà;362;3,449799859;333;VER;mostrare;18023;266290
interferenza;362;3,449799859;274;NOM;interferenza;664;24626
fune;362;3,449799859;216;NOM;fune;464;18748
53;0;3,449799859;275;NUM;@card@;412838;314179
Orlando;0;3,449799859;121;NPR;Orlando;4511888;218707
insegnando;362;3,449799859;334;VER;insegnare;12541;249182
sofisticato;362;3,449799859;331;ADJ;sofisticato;463;440693
Santos;0;3,449799859;73;NPR;Santos;362;41846
videocamere;362;3,449799859;260;NOM;videocamera;4511888;43895
cardiaca;362;3,449799859;267;ADJ;cardiaco;1827;118139
assume;362;3,449799859;342;VER;assumere;7947;153733
Carly;0;3,449799859;46;NOM;<unknown>;4511888;336817
salterà;362;3,449799859;334;VER;saltare;16668;359098
paeeo;0;3,449799859;187;NOM;<unknown>;4511888;461272
Trek;362;3,449799859;182;NOM;trek;4511888;464873
pacchetti;362;3,449799859;276;NOM;pacchetto;1758;191468
coprendo;362;3,449799859;322;VER;coprire;9248;232958
avvicinarmi;361;3,448601805;329;VER;avvicinarsi;10755;514321
rivali;361;3,448601805;305;NOM;rivale;542;462878
Kirby;0;3,448601805;81;NOM;<unknown>;4511888;506404
comparsa;361;3,448601805;313;NOM;comparsa;327;250150
facciata;361;3,448601805;317;NOM;facciata;452;263732
Goldman;0;3,448601805;87;NPR;Goldman;361;424260
Macché;361;3,448601805;210;INT;macché;4511888;232019
Dharma;361;3,448601805;84;NOM;dharma;4511888;343912
zoccola;361;3,448601805;256;NOM;zoccola;365;35433
mascotte;361;3,448601805;209;NOM;mascotte;361;402284
sorpresi;361;3,448601805;337;VER;sorprendere;8180;3453
coccodrillo;361;3,448601805;185;NOM;coccodrillo;551;371841
tienili;361;3,448601805;335;VER;tenere;79315;84357
arreso;361;3,448601805;309;VER;arrendersi;5306;116360
fornitore;361;3,448601805;290;NOM;fornitore;510;427412
oltrepassare;361;3,448601805;322;VER;oltrepassare;1169;426907
peeeo;0;3,448601805;182;NOM;<unknown>;4511888;176800
adeguato;361;3,448601805;320;ADJ;adeguato;526;178102
divieto;361;3,448601805;284;NOM;divieto;398;7615
pulci;361;3,448601805;274;NOM;pulce;524;431300
abbracciami;361;3,448601805;297;VER;abbracciare;3010;77257
attivi;361;3,448601805;320;ADJ;attivo;1551;288457
tute;361;3,448601805;264;NOM;tuta;1571;192211
somiglianza;361;3,448601805;321;NOM;somiglianza;461;24796
Lights;0;3,448601805;128;NOM;<unknown>;4511888;183776
away;0;3,448601805;183;NOM;<unknown>;4511888;414718
mala;360;3,447400436;224;ADJ;malo;23225;373011
felicemente;360;3,447400436;326;ADV;felicemente;360;219946
lavoravi;360;3,447400436;334;VER;lavorare;53195;364588
Bug;360;3,447400436;89;NOM;bug;4511888;482103
suggerimenti;360;3,447400436;314;NOM;suggerimento;1112;305472
este;0;3,447400436;60;VER;<unknown>;1069550;371270
brunch;360;3,447400436;196;NOM;brunch;4511888;152402
spenga;360;3,447400436;306;VER;spegnere;4285;73556
cecchini;360;3,447400436;216;NOM;cecchino;1271;179800
sognavo;360;3,447400436;326;VER;sognare;6200;223083
Waters;0;3,447400436;71;NOM;<unknown>;4511888;331383
Crew;360;3,447400436;81;NOM;crew;4511888;490366
contante;360;3,447400436;292;ADJ;contante;2575;454271
umidità;360;3,447400436;289;NOM;umidità;360;434567
nacque;360;3,447400436;294;VER;nascere;10737;88981
smetterai;360;3,447400436;328;VER;smettere;39551;379289
Julien;0;3,447400436;62;NPR;Julien;360;119464
contati;360;3,447400436;320;VER;contare;9797;3243
passeggiare;360;3,447400436;313;VER;passeggiare;936;324779
rischiamo;360;3,447400436;331;VER;rischiare;5743;254126
passaggi;360;3,447400436;310;NOM;passaggio;6307;325575
arroganza;360;3,447400436;314;NOM;arroganza;360;457674
Union;0;3,447400436;222;NPR;Union;360;501455
òmalley;0;3,447400436;103;NOM;<unknown>;4511888;424400
part-time;360;3,447400436;298;ADJ;part-time;360;70875
cannella;360;3,447400436;221;NOM;cannella;362;171227
stò;360;3,447400436;192;VER;stare;1069550;391149
Dunbar;0;3,447400436;55;NOM;<unknown>;4511888;414449
lesione;360;3,447400436;269;NOM;lesione;1001;302839
basterebbe;360;3,447400436;338;VER;bastare;43839;167160
immaginario;360;3,447400436;277;ADJ;immaginario;640;333049
proteggerà;359;3,446195735;318;VER;proteggere;16350;458240
moralità;359;3,446195735;284;NOM;moralità;359;403473
mirino;359;3,446195735;306;NOM;mirino;376;29209
oltretutto;359;3,446195735;341;ADV;oltretutto;359;302876
Declan;0;3,446195735;81;NPR;Declan;4511888;46639
Natasha;0;3,446195735;82;NPR;Natasha;4511888;371253
Luisa;0;3,446195735;72;NPR;Luisa;359;434743
progettando;359;3,446195735;324;VER;progettare;2435;513849
Smeraldo;359;3,446195735;116;NOM;smeraldo;426;341568
Reno;0;3,446195735;168;NPR;Reno;359;348483
ammasso;359;3,446195735;267;NOM;ammasso;386;237379
Claudio;0;3,446195735;95;NPR;Claudio;359;420171
telefona;359;3,446195735;306;VER;telefonare;4191;490316
cinquemila;0;3,446195735;233;NUM;cinquemila;250;63317
Xalexalex;0;3,446195735;353;NOM;<unknown>;4511888;169310
Fayed;0;3,446195735;27;NPR;Fayed;4511888;2176
goda;0;3,446195735;301;VER;godere;5867;295296
chiarachi;0;3,446195735;342;ADJ;<unknown>;206355;389252
fattori;359;3,446195735;283;NOM;fattore;1052;371593
vergini;359;3,446195735;259;NOM;vergine;847;177545
spacciato;359;3,446195735;309;VER;spacciare;1584;103061
sanità;359;3,446195735;285;NOM;sanità;359;174999
rimarranno;359;3,446195735;333;VER;rimanere;46342;340390
alimentazione;359;3,446195735;274;NOM;alimentazione;360;139176
emesso;359;3,446195735;324;VER;emettere;1495;8117
navale;359;3,446195735;241;ADJ;navale;457;170426
adatti;359;3,446195735;336;ADJ;adatto;3434;122561
investigazione;359;3,446195735;243;NOM;investigazione;481;194248
segretamente;359;3,446195735;316;ADV;segretamente;359;121548
commosso;359;3,446195735;321;ADJ;commosso;832;72154
richiedo;359;3,446195735;294;VER;richiedere;7195;90332
ricovero;359;3,446195735;262;NOM;ricovero;406;49131
comprarlo;359;3,446195735;320;VER;comprare;26675;108784
detriti;359;3,446195735;194;NOM;detrito;392;488178
piegare;359;3,446195735;305;VER;piegare;1823;231154
uccidetelo;358;3,444987683;265;VER;uccidere;89873;202509
sco;0;3,444987683;356;VER;<unknown>;1069550;66318
Tac;0;3,444987683;217;NPR;Tac;358;194323
presumibilmente;358;3,444987683;314;ADV;presumibilmente;358;127254
invia;358;3,444987683;318;VER;inviare;4934;507933
shot;0;3,444987683;217;NOM;<unknown>;4511888;170575
ospizio;358;3,444987683;191;NOM;ospizio;375;317533
fighi;358;3,444987683;292;ADJ;figo;1069550;473191
taglierò;358;3,444987683;319;VER;tagliare;12445;255869
scavo;358;3,444987683;224;NOM;scavo;551;18304
inferiori;358;3,444987683;308;ADJ;inferiore;1157;162703
Darwin;0;3,444987683;117;NPR;Darwin;4511888;197264
iniezioni;358;3,444987683;276;NOM;iniezione;1417;396949
Hanson;0;3,444987683;95;NOM;<unknown>;4511888;438179
coyote;358;3,444987683;210;NOM;coyote;358;470447
raggiungerlo;358;3,444987683;336;VER;raggiungere;11803;425651
vulnerabili;358;3,444987683;324;ADJ;vulnerabile;1129;236213
testata;358;3,444987683;245;NOM;testata;560;265406
pantera;358;3,444987683;149;NOM;pantera;418;103103
saggi;358;3,444987683;271;NOM;saggio;1081;185540
approfittato;358;3,444987683;320;VER;approfittare;2396;431821
Apple;0;3,444987683;98;NPR;Apple;358;438995
Beatles;0;3,444987683;189;NPR;Beatles;4511888;62174
dinosauro;358;3,444987683;196;NOM;dinosauro;755;225
stamane;358;3,444987683;315;ADV;stamane;358;164842
Bartowski;0;3,444987683;58;NPR;Bartowski;4511888;44532
superata;358;3,444987683;331;VER;superare;7819;337143
inaspettato;358;3,444987683;316;ADJ;inaspettato;722;283389
'90;0;3,443776261;278;NUM;@card@;4511888;34324
plausibile;357;3,443776261;324;ADJ;plausibile;389;92444
Lopez;0;3,443776261;114;NPR;Lopez;357;323883
sediamo;357;3,443776261;333;VER;sedere;784;7984
ferme;357;3,443776261;266;ADJ;fermo;19247;97328
avvistato;357;3,443776261;309;VER;avvistare;654;269364
traumi;357;3,443776261;295;NOM;trauma;1973;194612
vagamente;357;3,443776261;329;ADV;vagamente;357;252473
radicale;357;3,443776261;297;ADJ;radicale;472;265537
avvolto;357;3,443776261;309;VER;avvolgere;1264;146500
hi;0;3,443776261;143;NOM;<unknown>;4511888;88388
Wendell;0;3,443776261;69;NPR;Wendell;4511888;322641
Lorelai;0;3,443776261;140;NOM;<unknown>;4511888;94819
nascondeva;357;3,443776261;334;VER;nascondere;21950;478052
blackout;357;3,443776261;167;NOM;blackout;357;22120
Security;357;3,443776261;210;NOM;security;4511888;45430
pensino;357;3,443776261;347;VER;pensare;271765;383109
laterale;357;3,443776261;302;ADJ;laterale;482;200843
cottage;357;3,443776261;196;NOM;cottage;357;86412
allettante;357;3,443776261;330;ADJ;allettante;384;102818
sfamare;357;3,443776261;310;VER;sfamare;606;3240
cretini;357;3,443776261;298;NOM;cretino;1109;478910
rapitore;357;3,443776261;211;NOM;rapitore;709;108232
Yul;0;3,443776261;88;NOM;<unknown>;4511888;402122
fanatico;357;3,443776261;319;NOM;fanatico;442;499158
sfondare;357;3,443776261;302;VER;sfondare;1286;36571
vocazione;357;3,443776261;280;NOM;vocazione;367;382965
squisito;356;3,44256145;320;ADJ;squisito;686;361995
ripensato;356;3,44256145;324;VER;ripensare;1946;325131
Sanders;0;3,44256145;140;NOM;<unknown>;4511888;465422
sbagliava;356;3,44256145;336;VER;sbagliare;19439;463381
boia;356;3,44256145;215;NOM;boia;356;241432
Elias;0;3,44256145;63;NPR;Elias;356;266018
starsene;356;3,44256145;332;VER;stare;648668;363048
itachi;0;3,44256145;42;NOM;<unknown>;4511888;30767
Iddio;0;3,44256145;260;NOM;iddio;356;344117
dilemma;356;3,44256145;306;NOM;dilemma;372;473171
castigo;356;3,44256145;260;NOM;castigo;376;163673
riportarti;356;3,44256145;331;VER;riportare;11084;459099
usavano;356;3,44256145;320;VER;usare;48691;489819
montato;356;3,44256145;318;VER;montare;1969;211315
rilevare;356;3,44256145;298;VER;rilevare;2380;508539
Dakota;0;3,44256145;160;NOM;<unknown>;4511888;357514
monaci;356;3,44256145;188;NOM;monaco;1418;149391
vecchiaia;356;3,44256145;310;NOM;vecchiaia;356;485775
crediti;356;3,44256145;257;NOM;credito;3702;21912
Occidente;356;3,44256145;238;NOM;occidente;353;9637
stand;0;3,44256145;206;NOM;stand;356;304553
riparazione;356;3,44256145;287;NOM;riparazione;739;411059
prurito;356;3,44256145;254;NOM;prurito;374;383159
riprendo;356;3,44256145;327;VER;riprendere;11395;241337
Necchi;0;3,44256145;3;NPR;Necchi;1069550;200146
dispositivi;356;3,44256145;285;NOM;dispositivo;1556;500695
caveremo;356;3,44256145;319;VER;cavare;5782;425180
Sing;0;3,44256145;132;NOM;<unknown>;4511888;39410
Milord;0;3,44256145;70;NOM;milord;356;765
accettata;355;3,441343232;318;VER;accettare;15455;310538
sorridete;355;3,441343232;268;VER;sorridere;5319;323361
delirio;355;3,441343232;277;NOM;delirio;447;463915
Pratt;0;3,441343232;96;NOM;<unknown>;4511888;36909
analizzando;355;3,441343232;330;VER;analizzare;2613;85295
esilio;355;3,441343232;245;NOM;esilio;353;450362
Mimi;355;3,441343232;125;NOM;mimo;461;163135
dicano;355;3,441343232;335;VER;dire;9760;35396
morbida;355;3,441343232;304;ADJ;morbido;1037;369744
Constance;0;3,441343232;95;NOM;<unknown>;4511888;356220
staresti;355;3,441343232;328;VER;stare;648668;482179
rane;355;3,441343232;174;NOM;rana;728;173443
elevato;355;3,441343232;318;ADJ;elevato;604;41610
mercante;355;3,441343232;214;NOM;mercante;571;247179
polpette;355;3,441343232;250;NOM;polpetta;446;389517
Ingrid;0;3,441343232;79;NPR;Ingrid;4511888;277652
Whitney;0;3,441343232;128;NPR;Whitney;355;81813
imploro;355;3,441343232;305;VER;implorare;1636;340887
bye;0;3,441343232;131;NOM;<unknown>;4511888;257694
Buenos;0;3,441343232;190;NOM;<unknown>;4511888;246181
offrirmi;355;3,441343232;341;VER;offrire;16263;496832
sbagliano;355;3,441343232;327;VER;sbagliare;19439;61893
cascato;355;3,441343232;301;VER;cascare;1269;165575
cosmo;355;3,441343232;155;NOM;cosmo;355;53451
continuando;355;3,441343232;331;VER;continuare;33215;308430
Chaplin;0;3,441343232;61;NPR;Chaplin;4511888;123609
chiediglielo;355;3,441343232;310;VER;chiedere;99913;140008
Faith;0;3,441343232;126;NOM;<unknown>;4511888;486395
Royce;0;3,440121587;109;NOM;<unknown>;4511888;16899
restituirò;354;3,440121587;320;VER;restituire;4971;222723
Sloane;0;3,440121587;66;NPR;Sloane;4511888;348420
Bea;0;3,440121587;72;NOM;<unknown>;4511888;347909
caffeina;354;3,440121587;295;NOM;caffeina;357;332823
pupa;354;3,440121587;243;NOM;pupa;503;300314
mangerà;354;3,440121587;301;VER;mangiare;42515;142108
scoppiata;354;3,440121587;313;VER;scoppiare;2537;269357
trascinata;354;3,440121587;314;VER;trascinare;3937;138811
sbarra;354;3,440121587;260;NOM;sbarra;1142;205380
imputata;354;3,440121587;124;NOM;imputato;1764;224841
funzionante;354;3,440121587;306;ADJ;funzionante;461;386380
prevista;354;3,440121587;306;ADJ;previsto;3938;1102
Haddie;0;3,440121587;53;NOM;<unknown>;4511888;103261
azzurri;354;3,440121587;258;ADJ;azzurro;1058;214376
sbatte;354;3,440121587;311;VER;sbattere;5757;293245
perquisito;354;3,440121587;304;VER;perquisire;1614;516231
Matty;0;3,440121587;107;NOM;<unknown>;4511888;476567
ingegneri;354;3,440121587;245;NOM;ingegnere;1411;467865
Truman;0;3,440121587;106;NOM;<unknown>;4511888;503707
giunti;354;3,440121587;331;VER;giungere;3696;48298
Boulevard;354;3,440121587;259;NOM;boulevard;4511888;226733
nutre;354;3,440121587;312;VER;nutrire;2378;173243
sketch;354;3,440121587;108;FW;sketch;354;6845
rivedrai;354;3,440121587;327;VER;rivedere;10280;157130
giostra;354;3,440121587;207;NOM;giostra;447;71885
Anakin;0;3,440121587;70;NPR;Anakin;4511888;183245
prenotare;354;3,440121587;316;VER;prenotare;2315;50642
sembriamo;354;3,440121587;328;VER;sembrare;108715;47840
interrogando;354;3,440121587;322;VER;interrogare;3629;161505
invaso;0;3,440121587;317;VER;invadere;1245;411362
Beau;0;3,440121587;64;NOM;<unknown>;4511888;492537
parlasse;353;3,438896496;335;VER;parlare;204981;189697
famose;353;3,438896496;317;ADJ;famoso;5823;264458
froci;0;3,438896496;238;NOM;frocio;4511888;373259
maschietto;353;3,438896496;275;NOM;maschietto;457;486160
cercapersone;353;3,438896496;191;NOM;cercapersone;4511888;328220
trafficanti;353;3,438896496;261;NOM;trafficante;763;113184
riattaccato;353;3,438896496;301;VER;riattaccare;1169;328737
cigno;353;3,438896496;172;NOM;cigno;504;271144
teppisti;353;3,438896496;274;NOM;teppista;703;100658
Upper;0;3,438896496;202;NOM;<unknown>;4511888;44092
fiocco;353;3,438896496;206;NOM;fiocco;795;479297
esercitare;353;3,438896496;320;VER;esercitare;1704;497736
Cecilia;0;3,438896496;81;NPR;cecilia;388;467554
scambi;353;3,438896496;274;NOM;scambio;2570;103778
procurarmi;353;3,438896496;333;VER;procurare;4574;259686
usted;0;3,438896496;42;NOM;<unknown>;4511888;352615
possiedi;353;3,438896496;318;VER;possedere;5007;287851
governi;353;3,438896496;254;NOM;governo;7715;442737
marroni;353;3,438896496;293;NOM;marrone;1174;38793
firmo;353;3,438896496;290;VER;firmare;8960;406164
mannaggia;353;3,438896496;195;INT;mannaggia;4511888;456343
Greta;0;3,438896496;99;NPR;Greta;4511888;236185
mandalo;353;3,438896496;312;VER;mandare;36513;292529
Roberta;0;3,438896496;121;NOM;<unknown>;4511888;234681
terrai;353;3,438896496;325;VER;tenere;79315;38843
resurrezione;353;3,438896496;235;NOM;resurrezione;359;368354
aggiungi;353;3,438896496;334;VER;aggiungere;4865;352491
devozione;353;3,438896496;311;NOM;devozione;357;449003
gradisce;352;3,43766794;317;VER;gradire;2408;268042
protesi;352;3,43766794;236;NOM;protesi;317;411147
ampia;352;3,43766794;325;ADJ;ampio;877;453132
pento;352;3,43766794;307;VER;pentirsi;3004;195089
Amleto;0;3,43766794;122;NPR;Amleto;4511888;292380
reciproco;352;3,43766794;294;ADJ;reciproco;632;283684
pilotare;352;3,43766794;256;VER;pilotare;904;450859
Lockwood;0;3,43766794;65;NPR;Lockwood;4511888;73788
universitario;352;3,43766794;303;ADJ;universitario;744;364367
condurrà;352;3,43766794;318;VER;condurre;5994;434028
effettuato;352;3,43766794;313;VER;effettuare;1289;25477
fosso;352;3,43766794;250;NOM;fosso;1719;54661
bisognava;352;3,43766794;303;VER;bisognare;10446;347020
Moretti;0;3,43766794;53;NPR;Moretti;352;347029
tram;352;3,43766794;199;NOM;tram;352;513174
Im;0;3,43766794;76;NOM;<unknown>;4511888;515227
alterato;352;3,43766794;293;VER;alterare;953;319134
Chun;0;3,43766794;54;NOM;<unknown>;4511888;70320
polmonite;352;3,43766794;263;NOM;polmonite;357;113075
compie;352;3,43766794;320;VER;compiere;2910;310964
Cyrus;0;3,43766794;97;NPR;Cyrus;4511888;398524
Girls;0;3,43766794;250;NOM;<unknown>;4511888;423101
palline;352;3,43766794;253;NOM;pallina;796;126145
Min;0;3,43766794;126;NOM;<unknown>;4511888;45269
noce;352;3,43766794;255;NOM;noce;860;408285
rapinatore;352;3,43766794;226;NOM;rapinatore;776;412906
salvarsi;352;3,43766794;323;VER;salvarsi;26667;194539
controllarmi;352;3,43766794;332;VER;controllare;28942;41709
dispetto;352;3,43766794;325;NOM;dispetto;375;507893
offensiva;351;3,436435898;289;NOM;offensiva;208;209153
prestigio;351;3,436435898;291;NOM;prestigio;351;58379
consulto;351;3,436435898;265;VER;consultare;386;296219
gol;351;3,436435898;145;NOM;gol;351;286778
uccidervi;351;3,436435898;308;VER;uccidere;89873;148542
inieio;0;3,436435898;192;NOM;<unknown>;4511888;232262
ingredienti;351;3,436435898;289;NOM;ingrediente;614;8011
rimetto;351;3,436435898;332;VER;rimettere;8013;147534
mangiava;351;3,436435898;314;VER;mangiare;42515;24700
Law;0;3,436435898;281;NPR;Law;351;441747
Bettaro;0;3,436435898;322;NOM;<unknown>;4511888;154522
consumato;351;3,436435898;316;VER;consumare;1180;239516
brevi;351;3,436435898;322;ADJ;breve;4200;308382
situaeione;0;3,436435898;195;NOM;<unknown>;4511888;415415
paralisi;351;3,436435898;249;NOM;paralisi;351;167359
liberarci;351;3,436435898;330;VER;liberarsi;10975;352451
sistemarlo;351;3,436435898;324;VER;sistemare;12400;179926
stringe;351;3,436435898;321;VER;stringere;5010;215539
pensata;350;3,435200351;326;VER;pensare;271765;118528
ditelo;350;3,435200351;311;VER;dire;636417;75779
mayday;350;3,435200351;120;NOM;mayday;4511888;383253
Kev;0;3,435200351;149;NOM;<unknown>;4511888;202805
chiamarsi;350;3,435200351;320;VER;chiamarsi;133592;46133
Bronx;0;3,435200351;213;NPR;Bronx;4511888;323387
frusta;350;3,435200351;273;NOM;frusta;345;354877
costruzioni;350;3,435200351;251;NOM;costruzione;1289;200811
mandò;350;3,435200351;312;VER;mandare;36513;8304
350;0;3,435200351;274;NUM;@card@;412838;294265
apprezza;350;3,435200351;327;VER;apprezzare;7338;334716
Ace;0;3,435200351;107;NOM;<unknown>;4511888;156798
Missy;0;3,435200351;71;NOM;<unknown>;4511888;114314
Bird;0;3,435200351;134;NOM;<unknown>;4511888;257678
concentriamoci;350;3,435200351;333;VER;concentrarsi;6306;294290
scalare;350;3,435200351;257;VER;scalare;709;256409
accorge;350;3,435200351;322;VER;accorgere;6980;433573
affollato;350;3,435200351;316;VER;affollare;464;404134
quaderno;350;3,435200351;214;NOM;quaderno;482;426157
Shrek;0;3,435200351;48;NOM;<unknown>;4511888;87729
trattenermi;350;3,435200351;328;VER;trattenere;5235;125132
asciutto;350;3,435200351;297;ADJ;asciutto;718;71636
capre;350;3,435200351;217;NOM;capra;1266;212692
giurati;350;3,435200351;194;NOM;giurato;540;22234
rilevo;350;3,435200351;230;VER;rilevare;2380;403684
Garrow;0;3,435200351;12;NOM;<unknown>;4511888;514286
pipa;349;3,433961279;210;NOM;pipa;436;144140
ss;0;3,433961279;133;NOM;<unknown>;4511888;420626
porterebbe;349;3,433961279;323;VER;portare;115105;155668
livido;349;3,433961279;286;NOM;livido;674;334873
portico;349;3,433961279;269;NOM;portico;365;202029
potuti;349;3,433961279;332;VER;potere;676977;404025
diverta;349;3,433961279;335;VER;divertire;16856;172350
rovinarmi;349;3,433961279;334;VER;rovinare;11338;57430
boccaccia;349;3,433961279;307;NOM;boccaccia;375;23906
Juliette;0;3,433961279;56;NPR;Juliette;4511888;281702
nono;0;3,433961279;265;ADJ;nono;490;154983
innumerevoli;349;3,433961279;298;ADJ;innumerabile;351;450166
scivola;349;3,433961279;290;VER;scivolare;2056;370813
nuca;349;3,433961279;295;NOM;nuca;353;276626
moccioso;349;3,433961279;256;ADJ;moccioso;291;291484
fungo;349;3,433961279;224;NOM;fungo;1176;40361
aggiornata;349;3,433961279;319;VER;aggiornare;2350;297647
appesa;349;3,433961279;313;VER;appendere;2378;80564
coprimi;349;3,433961279;294;VER;coprire;9248;457154
Derby;349;3,433961279;126;NOM;derby;349;309717
predatore;349;3,433961279;239;NOM;predatore;4511888;458465
spostata;349;3,433961279;320;VER;spostare;8734;277484
condividiamo;348;3,432718661;306;VER;condividere;5074;430594
soddisfatti;348;3,432718661;312;VER;soddisfare;3267;235522
Flora;348;3,432718661;83;NOM;flora;359;354308
chirurghi;348;3,432718661;234;NOM;chirurgo;1919;251170
vittorie;348;3,432718661;262;NOM;vittoria;3912;460585
teppista;348;3,432718661;272;NOM;teppista;703;100653
esisteva;348;3,432718661;317;VER;esistere;15344;356142
vele;348;3,432718661;246;NOM;vela;797;389427
Miriam;0;3,432718661;94;NPR;Miriam;4511888;28474
elefanti;348;3,432718661;212;NOM;elefante;1218;364355
registrando;348;3,432718661;297;VER;registrare;6017;460105
scoparmi;348;3,432718661;290;VER;scopare;7487;234827
vibrazioni;348;3,432718661;262;NOM;vibrazione;620;31326
partirà;348;3,432718661;322;VER;partire;15356;160613
sovrano;348;3,432718661;242;NOM;sovrano;283;417387
dispiacerà;348;3,432718661;320;VER;dispiacere;72103;359553
Lina;0;3,432718661;34;NOM;<unknown>;4511888;127626
Alvarez;0;3,432718661;112;NPR;Alvarez;348;38286
suocero;348;3,432718661;225;NOM;suocero;919;483221
curry;348;3,432718661;185;NOM;curry;348;319647
nascono;348;3,432718661;295;VER;nascere;10737;461495
Wars;0;3,432718661;192;NOM;<unknown>;4511888;278718
dicendomi;348;3,432718661;331;VER;dire;636417;122306
apprezzerei;348;3,432718661;320;VER;apprezzare;7338;66766
ipod;348;3,432718661;236;NOM;ipod;4511888;435162
imbarazzata;348;3,432718661;309;ADJ;imbarazzato;1260;79075
proteggerò;348;3,432718661;292;VER;proteggere;16350;458230
Jose;0;3,432718661;134;NPR;Jose;348;157692
vergognarti;347;3,431472478;321;VER;vergognarsi;4108;109315
sperimentale;347;3,431472478;286;ADJ;sperimentale;449;504327
aprirò;347;3,431472478;316;VER;aprire;33790;226572
confondere;347;3,431472478;327;VER;confondere;4979;106510
pregiudizi;347;3,431472478;284;NOM;pregiudizio;551;304910
Reich;0;3,431472478;119;NOM;<unknown>;4511888;413718
pacificatori;347;3,431472478;69;NOM;pacificatore;379;452892
credibilità;347;3,431472478;300;NOM;credibilità;347;150558
specializzazione;347;3,431472478;280;NOM;specializzazione;367;392225
annoio;347;3,431472478;286;VER;annoiare;2683;46628
mutaforma;347;3,431472478;121;NOM;mutaforma;4511888;274473
volerti;347;3,431472478;324;VER;volere;609883;190251
distrarre;347;3,431472478;324;VER;distrarre;3008;59953
trovarle;347;3,431472478;331;VER;trovare;165912;497202
toccando;347;3,431472478;286;VER;toccare;21210;418611
pretendere;347;3,431472478;327;VER;pretendere;1497;338512
fisiche;347;3,431472478;307;ADJ;fisico;2992;370271
desiderano;347;3,431472478;303;VER;desiderare;9746;375149
informatori;347;3,431472478;271;NOM;informatore;950;381834
testimonianze;347;3,431472478;288;NOM;testimonianza;1880;408979
farfalle;347;3,431472478;225;NOM;farfalla;979;224147
finiamola;347;3,431472478;308;VER;finire;80815;433562
Camp;0;3,431472478;159;NOM;<unknown>;4511888;256170
amichetta;347;3,431472478;284;NOM;amichetta;4511888;181678
sentisse;347;3,431472478;333;VER;sentire;192280;337330
esigo;347;3,431472478;288;VER;esigere;1948;46532
Argentina;0;3,431472478;181;NPR;argentina;343;64199
bambolina;347;3,431472478;281;NOM;bambola;4511888;198603
Dickie;0;3,431472478;61;NPR;Dickie;4511888;90572
Ji;0;3,431472478;73;NOM;<unknown>;4511888;450516
santuario;347;3,431472478;226;NOM;santuario;368;329946
resteranno;347;3,431472478;329;VER;restare;38155;38619
artistica;347;3,431472478;258;ADJ;artistico;969;127196
nervo;347;3,431472478;247;NOM;nervo;1720;347623
fonda;347;3,431472478;309;VER;fondare;312;314355
francobolli;347;3,431472478;187;NOM;francobollo;491;140537
Colombia;0;3,431472478;160;NPR;Colombia;347;64509
impedirlo;346;3,430222709;322;VER;impedire;5663;306176
lavarti;346;3,430222709;308;VER;lavarsi;5927;472852
fidavo;346;3,430222709;317;VER;fidare;17163;200470
disonore;346;3,430222709;277;NOM;disonore;368;327979
tremendamente;346;3,430222709;322;ADV;tremendo;206355;401471
disattivare;346;3,430222709;249;VER;disattivare;1407;78154
guardavi;346;3,430222709;325;VER;guardare;111656;445263
accidente;346;3,430222709;310;NOM;accidente;7021;237907
peggiora;346;3,430222709;317;VER;peggiorare;3116;462944
chiamavo;346;3,430222709;316;VER;chiamare;133592;335715
dissanguato;346;3,430222709;312;VER;dissanguare;836;196718
intatta;346;3,430222709;310;ADJ;intatto;974;309872
citare;346;3,430222709;303;VER;citare;1926;320118
tostapane;346;3,430222709;236;NOM;tostapane;346;464528
offendere;346;3,430222709;314;VER;offendere;2875;372625
deceduto;346;3,430222709;283;VER;decedere;403;183452
sudato;346;3,430222709;321;ADJ;sudato;1538;331688
quadrante;346;3,430222709;222;NOM;quadrante;386;382632
trucchetto;346;3,430222709;312;NOM;trucchetto;4511888;335279
Vendicatori;346;3,430222709;63;NOM;vendicatore;492;177075
Heil;0;3,430222709;83;NOM;<unknown>;4511888;269748
passeranno;346;3,430222709;321;VER;passare;65203;325308
contatta;346;3,430222709;319;VER;contattare;5521;190658
piazzare;346;3,430222709;319;VER;piazzare;1884;348867
rovine;346;3,430222709;233;NOM;rovina;1535;157896
Dwayne;0;3,430222709;85;NOM;<unknown>;4511888;399821
privilegi;346;3,430222709;292;NOM;privilegio;1032;32720
line;0;3,430222709;240;NOM;line;346;83412
battermi;346;3,430222709;299;VER;battere;11216;177139
predicatore;346;3,430222709;170;NOM;predicatore;190;480507
percorrere;345;3,428969333;302;VER;percorrere;1261;122114
referenze;345;3,428969333;263;NOM;referenza;409;455173
Frederick;0;3,428969333;147;NOM;<unknown>;4511888;509730
fantascienza;345;3,428969333;220;NOM;fantascienza;345;490536
Malik;0;3,428969333;68;NPR;Malik;4511888;353077
aggressiva;345;3,428969333;313;ADJ;aggressivo;1247;65852
affermare;345;3,428969333;320;VER;affermare;1905;277588
morbo;345;3,428969333;190;NOM;morbo;346;322132
Seymour;0;3,428969333;82;NPR;Seymour;4511888;197461
muffa;345;3,428969333;201;NOM;muffa;302;329818
scatti;345;3,428969333;275;NOM;scatto;698;169832
Sex;0;3,428969333;234;NOM;<unknown>;4511888;472697
ricevono;345;3,428969333;313;VER;ricevere;25783;507528
licenzio;345;3,428969333;306;VER;licenziare;8131;468878
raccoglie;345;3,428969333;308;VER;raccogliere;6762;278945
dimostrano;345;3,428969333;317;VER;dimostrare;9466;67012
Chester;0;3,428969333;144;NPR;Chester;4511888;348360
Alabama;0;3,428969333;190;NPR;Alabama;4511888;379341
Mills;0;3,428969333;113;NOM;<unknown>;4511888;277725
ecstasy;0;3,428969333;171;NOM;<unknown>;4511888;509407
obbligati;345;3,428969333;321;VER;obbligare;3297;116475
bleah;344;3,427712329;263;INT;bleah;4511888;187396
magici;344;3,427712329;271;ADJ;magico;3290;367123
sveglierai;344;3,427712329;314;VER;svegliare;14082;183059
ostriche;344;3,427712329;194;NOM;ostrica;456;457506
funzionerebbe;344;3,427712329;326;VER;funzionare;27030;22819
insultato;344;3,427712329;312;ADJ;insultato;1586;42281
confusi;344;3,427712329;320;ADJ;confuso;1084;302890
monumento;344;3,427712329;254;NOM;monumento;451;223037
Cary;0;3,427712329;100;NPR;Cary;4511888;2654
brezza;344;3,427712329;258;NOM;brezza;366;323172
dividerci;344;3,427712329;323;VER;dividere;5373;478059
distribuire;344;3,427712329;299;VER;distribuire;1325;515442
fibra;344;3,427712329;254;NOM;fibra;835;404597
Saddam;0;3,427712329;113;NPR;Saddam;4511888;465785
tagliando;344;3,427712329;309;NOM;tagliando;12445;254329
difendendo;344;3,427712329;308;VER;difendere;5864;379006
componente;344;3,427712329;218;NOM;componente;712;190846
rappresentazione;344;3,427712329;287;NOM;rappresentazione;406;400008
vendeva;344;3,427712329;296;VER;vendere;19229;277651
parrocchia;344;3,427712329;215;NOM;parrocchia;355;305564
commessi;344;3,427712329;310;NOM;commesso;609;508584
spingete;344;3,427712329;229;VER;spingere;9365;141741
associato;344;3,427712329;277;NOM;associato;467;270775
occupano;344;3,427712329;314;VER;occupare;25028;124089
iniziarono;344;3,427712329;280;VER;iniziare;33775;181178
Sr;0;3,427712329;81;ABR;signore;4511888;393152
toppeddu;0;3,427712329;338;NOM;<unknown>;4511888;401093
festeggiato;344;3,427712329;298;VER;festeggiare;4529;41928
Kahlan;0;3,427712329;35;NPR;Kahlan;4511888;461024
Viper;0;3,427712329;98;NOM;<unknown>;4511888;427234
cascate;344;3,427712329;212;NOM;cascata;614;128490
rango;343;3,426451677;242;NOM;rango;539;337664
Utah;0;3,426451677;151;NOM;<unknown>;4511888;164879
distrutte;343;3,426451677;305;VER;distruggere;16097;448540
balistica;343;3,426451677;247;NOM;balistica;283;103717
piangono;343;3,426451677;286;VER;piangere;14088;173608
funzionari;343;3,426451677;237;NOM;funzionario;798;320555
Chambers;0;3,426451677;94;NOM;<unknown>;4511888;24108
sonora;343;3,426451677;233;ADJ;sonoro;603;210478
Shelby;0;3,426451677;89;NOM;<unknown>;4511888;510254
terranno;343;3,426451677;323;VER;tenere;79315;36666
panda;343;3,426451677;169;NOM;panda;343;262489
fabbro;343;3,426451677;201;NOM;fabbro;375;293209
arrivarono;343;3,426451677;300;VER;arrivare;85743;318048
Darby;0;3,426451677;49;NOM;<unknown>;4511888;353652
lastre;343;3,426451677;245;NOM;lastra;612;306300
pianificare;343;3,426451677;310;VER;pianificare;2076;206221
soffriva;343;3,426451677;290;VER;soffrire;8182;505753
finti;343;3,426451677;295;ADJ;finto;1078;252336
Panthers;0;3,426451677;59;NOM;pantera;4511888;91581
Heidi;0;3,426451677;132;NPR;Heidi;343;217024
ebbrezza;343;3,426451677;265;NOM;ebbrezza;343;77258
Byron;0;3,426451677;116;NOM;<unknown>;4511888;318922
fascista;343;3,426451677;194;ADJ;fascista;345;112846
spostiamo;343;3,426451677;318;VER;spostare;8734;502996
marmo;343;3,426451677;247;NOM;marmo;366;41687
scioccato;343;3,426451677;307;VER;scioccare;1297;19675
fotografare;343;3,426451677;281;VER;fotografare;1130;75503
Moody;0;3,426451677;95;NOM;<unknown>;4511888;345074
agonia;343;3,426451677;282;NOM;agonia;355;332276
investigando;342;3,425187354;296;VER;investigare;1045;283912
rigida;342;3,425187354;296;ADJ;rigido;1078;276748
future;0;3,425187354;282;ADJ;futuro;2484;404501
grandissima;342;3,425187354;312;ADJ;grandissimo;838;51478
Us;0;3,425187354;159;NPR;Us;342;266266
musulmano;342;3,425187354;183;ADJ;musulmano;511;286751
gestisco;342;3,425187354;319;VER;gestire;6832;410661
bruciano;342;3,425187354;307;VER;bruciare;9293;207660
penserei;342;3,425187354;315;VER;pensare;271765;309036
cavarmela;342;3,425187354;326;VER;cavare;5782;400439
parchi;342;3,425187354;217;NOM;parco;3487;438584
verdura;342;3,425187354;289;NOM;verdura;966;156985
curve;342;3,425187354;247;NOM;curva;993;223808
zymil;0;3,425187354;342;NOM;<unknown>;4511888;431953
zuccherino;342;3,425187354;244;ADJ;zuccherino;216;237145
abbandonate;342;3,425187354;283;VER;abbandonare;9248;28521
Connecticut;0;3,425187354;224;NPR;Connecticut;4511888;65129
fighe;342;3,425187354;247;NOM;figa;2023;473198
Kayla;0;3,425187354;57;VER;<unknown>;1069550;402036
mori;342;3,425187354;188;ADJ;moro;1084;2179
spogliati;342;3,425187354;267;VER;spogliarsi;1627;81032
raccomandazione;342;3,425187354;266;NOM;raccomandazione;471;169355
antenna;342;3,425187354;221;NOM;antenna;479;474255
girava;342;3,425187354;305;VER;girare;15592;3985
sauna;342;3,425187354;216;NOM;sauna;361;398740
Rabbit;0;3,425187354;66;NOM;<unknown>;4511888;292552
scongiuro;342;3,425187354;295;NOM;scongiuro;215;481226
Adama;0;3,425187354;78;NOM;<unknown>;4511888;141281
giochetto;342;3,425187354;314;NOM;giochetto;1198;279533
Loki;0;3,425187354;55;NPR;Loki;4511888;437494
eso;0;3,425187354;42;VER;<unknown>;1069550;156666
blues;342;3,425187354;192;NOM;blues;342;304635
sfide;342;3,425187354;303;NOM;sfida;2364;331517
preservare;341;3,42391934;306;VER;preservare;606;283914
memorie;341;3,42391934;249;NOM;memoria;5516;307473
Caffrey;0;3,42391934;40;NPR;Caffrey;4511888;114745
prefetto;341;3,42391934;105;NOM;prefetto;351;196153
saltate;341;3,42391934;291;VER;saltare;16668;403529
paglia;341;3,42391934;259;NOM;paglia;347;4725
altronde;341;3,42391934;300;ADV;altronde;341;301695
Palace;0;3,42391934;212;NOM;<unknown>;4511888;394113
deviazione;341;3,42391934;282;NOM;deviazione;414;319108
segnare;341;3,42391934;277;VER;segnare;2837;101257
Pegasus;0;3,42391934;48;NOM;Pegaso;4511888;239497
dedizione;341;3,42391934;306;NOM;dedizione;341;72586
direzioni;341;3,42391934;303;NOM;direzione;4048;470435
Viktor;0;3,42391934;50;NPR;Viktor;4511888;317100
riparliamo;341;3,42391934;323;VER;riparlare;830;112303
piaceri;341;3,42391934;293;NOM;piacere;13876;382131
cretina;341;3,42391934;270;ADJ;cretino;1635;478904
nemiche;341;3,42391934;257;ADJ;nemico;1957;278473
batteri;341;3,42391934;230;NOM;batterio;505;22730
trovalo;341;3,42391934;305;VER;trovare;165912;218572
Norris;0;3,42391934;107;NOM;<unknown>;4511888;87007
alleviare;341;3,42391934;298;VER;alleviare;564;250592
trasportato;341;3,42391934;308;VER;trasportare;2665;15859
fanatici;341;3,42391934;281;NOM;fanatico;442;427254
tempeste;341;3,42391934;230;NOM;tempesta;2713;413687
scavando;341;3,42391934;291;VER;scavare;3110;204281
fraintendermi;341;3,42391934;317;VER;fraintendere;1380;242173
difficilmente;340;3,422647613;311;ADV;difficilmente;340;300615
incontrai;340;3,422647613;294;VER;incontrare;27005;259926
Burrows;0;3,422647613;86;NOM;<unknown>;4511888;515685
preoccuperei;340;3,422647613;328;VER;preoccupare;43338;469616
prepararci;340;3,422647613;324;VER;prepararsi;21904;171121
scomparve;340;3,422647613;286;VER;scomparire;7774;23924
Leroy;0;3,422647613;101;NPR;leroy;4511888;154492
generalmente;340;3,422647613;316;ADV;generalmente;340;485015
stregoneria;340;3,422647613;200;NOM;stregoneria;376;325018
uranio;340;3,422647613;113;NOM;uranio;340;292002
baldoria;340;3,422647613;288;NOM;baldoria;348;96948
odioso;340;3,422647613;262;ADJ;odioso;610;95941
elettronico;340;3,422647613;288;ADJ;elettronico;968;203983
Lynch;0;3,422647613;63;NPR;Lynch;340;33754
incontrerà;340;3,422647613;317;VER;incontrare;27005;258527
bancari;340;3,422647613;286;ADJ;bancario;799;201448
pagheremo;340;3,422647613;286;VER;pagare;31598;210929
Senna;340;3,422647613;69;NOM;senna;340;285171
Panama;0;3,422647613;139;NOM;panama;340;313336
canne;340;3,422647613;261;NOM;canna;1526;396537
porzione;340;3,422647613;291;NOM;porzione;522;21754
2008;0;3,421372151;234;NUM;@card@;412838;188163
esatte;339;3,421372151;308;ADJ;esatto;16457;497687
criminalità;339;3,421372151;244;NOM;criminalità;339;130590
Mouth;0;3,421372151;104;NOM;<unknown>;4511888;298536
bolletta;339;3,421372151;275;NOM;bolletta;871;81713
portavano;339;3,421372151;304;VER;portare;115105;511026
acustico;339;3,421372151;228;ADJ;acustico;492;422453
sottotitolato;339;3,421372151;324;VER;sottotitolare;1069550;160825
elettriche;339;3,421372151;262;ADJ;elettrico;2816;175419
Raptor;339;3,421372151;82;NOM;raptor;4511888;108613
sospendere;339;3,421372151;297;VER;sospendere;2270;196172
spunta;339;3,421372151;304;VER;spuntare;1538;296015
caricatore;339;3,421372151;261;NOM;caricatore;367;8017
socia;339;3,421372151;244;NOM;socio;4631;480850
ulteriormente;339;3,421372151;320;ADV;ulteriormente;339;456301
piantatela;339;3,421372151;298;VER;piantare;5067;60018
Navid;0;3,421372151;55;NOM;<unknown>;4511888;452211
piovendo;339;3,421372151;279;VER;piovere;2826;331137
Remo;0;3,421372151;98;NPR;Remo;421;420225
160;0;3,421372151;272;NUM;@card@;412838;379527
Bowl;0;3,421372151;177;FW;bowl;4511888;512651
elettori;339;3,421372151;221;NOM;elettore;381;138383
aeree;339;3,421372151;280;ADJ;aereo;9473;511901
occuparsene;339;3,421372151;326;VER;occuparsi;25028;309663
accorgi;339;3,421372151;318;VER;accorgersi;6980;433575
malvagità;339;3,421372151;262;NOM;malvagità;339;468404
anatre;339;3,421372151;180;NOM;anatra;981;273588
trasmissioni;339;3,421372151;268;NOM;trasmissione;1803;40890
circostanza;339;3,421372151;311;NOM;circostanza;2398;163519
trasferirti;339;3,421372151;315;VER;trasferire;9613;325826
ammazzano;339;3,421372151;286;VER;ammazzare;10911;405704
dovermi;0;3,421372151;325;VER;dovere;548096;80589
estremi;339;3,421372151;279;ADJ;estremo;1740;168399
ignora;339;3,421372151;308;VER;ignorare;4370;191955
crais;0;3,421372151;36;NOM;<unknown>;4511888;506590
Betsy;0;3,421372151;108;NOM;<unknown>;4511888;309740
lavata;339;3,421372151;304;VER;lavare;5927;283885
suonate;339;3,421372151;270;VER;suonare;13259;317438
dormita;338;3,420092933;322;NOM;dormita;495;267024
succhiacazzi;338;3,420092933;218;NOM;succhiacazzo;1069550;98577
ohi;338;3,420092933;159;INT;ohi;338;405027
maternità;338;3,420092933;270;NOM;maternità;338;293411
Ginny;0;3,420092933;87;NOM;<unknown>;4511888;372780
scusateci;338;3,420092933;302;VER;scusare;63193;322868
costringere;338;3,420092933;309;VER;costringere;7573;515387
idrogeno;338;3,420092933;178;NOM;idrogeno;336;260668
promemoria;338;3,420092933;289;NOM;promemoria;338;436032
portasse;338;3,420092933;325;VER;portare;115105;27226
Louisiana;0;3,420092933;198;NPR;Louisiana;4511888;315743
penali;338;3,420092933;287;ADJ;penale;1222;226917
Irina;0;3,420092933;79;NOM;<unknown>;4511888;230248
turchi;338;3,420092933;127;NOM;turco;559;336239
ente;338;3,420092933;209;NOM;ente;439;427631
capì;338;3,420092933;279;VER;capire;130245;85360
risoluzione;338;3,420092933;262;NOM;risoluzione;356;460918
ritira;338;3,420092933;297;VER;ritirare;5907;384630
scioccante;338;3,420092933;301;ADJ;scioccante;1297;355196
subconscio;338;3,420092933;219;NOM;subconscio;313;355992
64;0;3,420092933;251;NUM;@card@;412838;174748
vegetale;338;3,420092933;257;ADJ;vegetale;312;479410
creano;338;3,420092933;307;VER;creare;13494;275390
arrestate;338;3,420092933;292;VER;arrestare;10230;441793
guiderà;338;3,420092933;297;VER;guidare;14289;485077
sentì;338;3,420092933;267;VER;sentire;192280;25564
saltano;338;3,420092933;317;VER;saltare;16668;260580
assaggia;338;3,420092933;294;VER;assaggiare;2306;451564
2006;0;3,420092933;254;NUM;@card@;412838;188157
tetta;338;3,420092933;250;NOM;tetta;3949;126974
baby-sitter;337;3,418809935;240;NOM;baby-sitter;4511888;84004
fratellone;337;3,418809935;227;NOM;fratellone;4511888;77359
autentica;337;3,418809935;293;ADJ;autentico;1196;150577
litighiamo;337;3,418809935;293;VER;litigare;5809;220979
Leonardo;0;3,418809935;130;NPR;Leonardo;337;293684
squilla;337;3,418809935;208;NOM;squilla;194;231738
fumando;337;3,418809935;288;VER;fumare;6023;369982
scaffale;337;3,418809935;298;NOM;scaffale;605;307775
concreto;337;3,418809935;314;ADJ;concreto;750;99155
andassero;337;3,418809935;327;VER;andare;641883;193625
magistrato;337;3,418809935;151;NOM;magistrato;382;55653
sostengono;337;3,418809935;302;VER;sostenere;4823;59240
sorprendentemente;337;3,418809935;317;ADV;sorprendentemente;337;436612
penserebbe;337;3,418809935;317;VER;pensare;271765;80263
pinze;337;3,418809935;223;NOM;pinza;505;401550
intenzionalmente;337;3,418809935;298;ADV;intenzionalmente;337;289175
botto;337;3,418809935;300;NOM;botto;337;308639
abisso;337;3,418809935;256;NOM;abisso;495;337314
Weaver;0;3,418809935;91;NOM;<unknown>;4511888;193192
annegato;337;3,418809935;237;VER;annegare;1257;196009
fogne;337;3,418809935;220;NOM;fogna;961;467887
desiderava;337;3,418809935;301;VER;desiderare;9746;183729
ansiosa;337;3,418809935;301;ADJ;ansioso;969;64946
intensità;337;3,418809935;274;NOM;intensità;337;457146
frate;337;3,418809935;106;NOM;frate;436;175293
peggiorato;337;3,418809935;317;VER;peggiorare;3116;339902
caviale;337;3,418809935;239;NOM;caviale;338;260805
automatica;337;3,418809935;279;ADJ;automatico;1349;466900
dorato;337;3,418809935;221;ADJ;dorato;721;469733
rinuncio;337;3,418809935;303;VER;rinunciare;4760;163304
stacca;337;3,418809935;293;VER;staccare;3255;317419
concessione;337;3,418809935;216;NOM;concessione;424;337901
Herisson;0;3,418809935;336;NOM;<unknown>;4511888;23789
gigantesca;337;3,418809935;310;ADJ;gigantesco;935;495359
Village;0;3,417523135;243;NOM;<unknown>;4511888;491790
Poppy;0;3,417523135;51;NOM;<unknown>;4511888;214548
preferiscono;336;3,417523135;316;VER;preferire;15296;1047
telescopio;336;3,417523135;163;NOM;telescopio;381;101669
ascensori;336;3,417523135;243;NOM;ascensore;2889;471850
maligno;336;3,417523135;247;ADJ;maligno;543;34351
Buckley;0;3,417523135;51;NOM;<unknown>;4511888;423995
centrali;336;3,417523135;202;ADJ;centrale;3790;105790
raccomandato;336;3,417523135;303;VER;raccomandare;2603;404543
Cherry;0;3,417523135;133;NOM;<unknown>;4511888;247616
Herman;0;3,417523135;133;NPR;Herman;336;267329
rimarremo;336;3,417523135;298;VER;rimanere;46342;428881
storica;336;3,417523135;274;ADJ;storico;1207;284005
sommato;336;3,417523135;313;VER;sommare;465;91755
perduti;336;3,417523135;280;ADJ;perduto;2667;72812
tardis;0;3,417523135;75;NOM;<unknown>;4511888;146796
reti;336;3,417523135;258;NOM;rete;3296;26749
prua;336;3,417523135;180;NOM;prua;870;276114
parecchia;336;3,417523135;312;ADJ;parecchio;2405;453791
par;0;3,417523135;211;VER;<unknown>;1069550;219828
chiedersi;336;3,417523135;315;VER;chiedersi;99913;219318
economici;336;3,417523135;286;ADJ;economico;2330;427702
56;0;3,417523135;264;NUM;@card@;412838;399826
investita;336;3,417523135;264;VER;investire;3433;129249
netto;336;3,417523135;313;ADJ;netto;529;352232
Lila;0;3,417523135;58;VER;<unknown>;1069550;80108
Hilton;0;3,416232512;191;NPR;Hilton;4511888;416000
anca;335;3,416232512;246;NOM;anca;338;506629
pennello;335;3,416232512;293;NOM;pennello;398;19982
danneggiata;335;3,416232512;298;ADJ;danneggiato;2106;455203
Madeline;0;3,416232512;90;NPR;Madeline;4511888;1573
gettata;335;3,416232512;297;VER;gettare;6651;133164
spinale;335;3,416232512;223;ADJ;spinale;364;80687
crudeli;335;3,416232512;295;ADJ;crudele;2516;285752
Mercy;0;3,416232512;142;NOM;<unknown>;4511888;489017
ripugnante;335;3,416232512;299;ADJ;ripugnante;400;430137
polmonare;335;3,416232512;216;ADJ;polmonare;398;11590
Cape;0;3,416232512;134;NOM;<unknown>;4511888;50253
Crusher;0;3,416232512;101;NOM;<unknown>;4511888;218961
Borg;0;3,416232512;36;NOM;<unknown>;4511888;502122
ringrazi;335;3,416232512;315;VER;ringraziare;14154;154479
Lil;0;3,416232512;169;NOM;<unknown>;4511888;250482
entreremo;335;3,416232512;304;VER;entrare;59544;79226
obblighi;335;3,416232512;299;NOM;obbligo;1060;279162
Gaetano;0;3,416232512;48;NPR;Gaetano;335;206973
Neville;0;3,416232512;49;NPR;Neville;4511888;274557
criticare;335;3,416232512;313;VER;criticare;923;472195
appartieni;335;3,416232512;285;VER;appartenere;6474;44424
Peck;0;3,416232512;70;NOM;peck;335;65934
Yuki;0;3,416232512;56;NOM;<unknown>;4511888;274577
cavità;335;3,416232512;268;NOM;cavità;335;453794
tossica;335;3,416232512;262;ADJ;tossico;1205;195752
tariffa;335;3,416232512;288;NOM;tariffa;446;247493
maestri;335;3,416232512;249;NOM;maestro;5079;363974
Shiva;0;3,416232512;41;NPR;Shiva;4511888;436440
permetterlo;335;3,416232512;325;VER;permettere;24109;380126
chiederai;335;3,416232512;311;VER;chiedere;99913;319201
cerotto;335;3,416232512;253;NOM;cerotto;503;124912
buttala;335;3,416232512;279;VER;buttare;15440;410109
lavarmi;334;3,414938041;322;VER;lavarsi;5927;403723
romanticismo;334;3,414938041;274;NOM;romanticismo;336;502297
Daryl;0;3,414938041;73;NOM;<unknown>;4511888;421915
apparenze;334;3,414938041;294;NOM;apparenza;696;220709
omosessuali;334;3,414938041;227;NOM;omosessuale;348;81193
food;0;3,414938041;248;NOM;<unknown>;4511888;22350
funeiona;0;3,414938041;190;VER;<unknown>;1069550;109650
uni;0;3,414938041;290;VER;<unknown>;1069550;116313
lavanda;334;3,414938041;238;NOM;lavanda;343;226929
riaverti;334;3,414938041;310;VER;riavere;2086;156532
Simmons;0;3,414938041;122;NPR;Simmons;4511888;48535
Atlantis;0;3,414938041;96;NPR;Atlantis;4511888;486571
buttarlo;334;3,414938041;311;VER;buttare;15440;517551
tolleranza;334;3,414938041;265;NOM;tolleranza;336;81072
schizzo;334;3,414938041;233;NOM;schizzo;766;90040
Arlo;0;3,414938041;64;NPR;Arlo;40791;264636
ingoiato;334;3,414938041;287;VER;ingoiare;1230;124607
scambiati;334;3,414938041;289;VER;scambiare;3732;234688
profumi;334;3,414938041;273;NOM;profumo;2652;47819
Kristin;0;3,414938041;53;NPR;Kristin;4511888;200424
soffri;334;3,414938041;301;VER;soffrire;8182;214510
isterica;334;3,414938041;277;ADJ;isterico;489;373745
riduzione;333;3,413639701;264;NOM;riduzione;352;508705
grigi;333;3,413639701;241;ADJ;grigio;1488;60968
collaterale;333;3,413639701;294;ADJ;collaterale;869;371245
vasto;333;3,413639701;291;ADJ;vasto;825;227374
Sinclair;0;3,413639701;105;NPR;Sinclair;4511888;374356
diventeranno;333;3,413639701;306;VER;diventare;46915;324183
scatenare;333;3,413639701;315;VER;scatenare;1885;462424
collegate;333;3,413639701;303;VER;collegare;5052;376411
cinico;333;3,413639701;253;ADJ;cinico;400;272754
ripensarci;333;3,413639701;312;VER;ripensarsi;1946;150904
minacciare;333;3,413639701;308;VER;minacciare;5013;211065
Corporation;0;3,413639701;178;NOM;corporation;333;72576
colonie;333;3,413639701;183;NOM;colonia;1318;266627
rilassante;333;3,413639701;305;ADJ;rilassante;9394;354703
Lexie;0;3,413639701;95;NPR;Lexie;4511888;382864
peperoncino;333;3,413639701;202;NOM;peperoncino;428;398227
autorizzati;333;3,413639701;290;VER;autorizzare;2564;181665
invisibili;333;3,413639701;283;ADJ;invisibile;1613;241058
Mindy;0;3,413639701;89;NOM;<unknown>;4511888;103843
vile;333;3,413639701;251;ADJ;vile;326;124579
Ducky;0;3,413639701;79;NOM;<unknown>;4511888;487340
rompermi;0;3,413639701;297;VER;rompere;15925;197306
sti;0;3,413639701;205;VER;<unknown>;1069550;377283
riprenderti;333;3,413639701;312;VER;riprendere;11395;212680
trofei;333;3,413639701;242;NOM;trofeo;934;155343
caratteristica;333;3,413639701;294;NOM;caratteristica;715;137684
Vaticano;0;3,413639701;158;NPR;Vaticano;329;312020
pezzetto;333;3,413639701;290;NOM;pezzetto;4511888;489196
annuario;333;3,413639701;203;NOM;annuario;382;306924
inchino;333;3,413639701;201;NOM;inchino;302;479228
lavorerai;332;3,412337468;306;VER;lavorare;53195;490514
composta;332;3,412337468;295;ADJ;composto;1374;185111
trasferisco;332;3,412337468;290;VER;trasferire;9613;511778
distratta;332;3,412337468;300;ADJ;distratto;3008;352803
ingoiare;332;3,412337468;292;VER;ingoiare;1230;77099
terrazza;332;3,412337468;219;NOM;terrazzo;341;355377
connesso;332;3,412337468;289;VER;connettere;1164;218679
Federal;0;3,412337468;131;NOM;<unknown>;4511888;81723
creativa;332;3,412337468;279;ADJ;creativo;1202;177980
scrivono;332;3,412337468;303;VER;scrivere;35110;429120
affascinato;332;3,412337468;285;VER;affascinare;840;3156
litro;332;3,412337468;272;NOM;litro;1111;259671
coincidenze;332;3,412337468;256;NOM;coincidenza;2656;77151
piccione;332;3,412337468;207;NOM;piccione;838;318816
coinvolte;332;3,412337468;305;VER;coinvolgere;8488;153450
stuprato;332;3,412337468;213;VER;stuprare;1397;89992
cominciarono;332;3,412337468;265;VER;cominciare;29999;237223
rivedervi;332;3,412337468;287;VER;rivedere;10280;478388
chiedimi;332;3,412337468;288;VER;chiedere;99913;500668
temono;332;3,412337468;301;VER;temere;11202;376795
intendere;332;3,412337468;298;VER;intendere;26571;197605
pattuglie;332;3,412337468;270;NOM;pattuglia;1614;438254
Toto;0;3,412337468;81;NOM;<unknown>;4511888;417265
Mildred;0;3,411031318;63;NPR;Mildred;4511888;386062
intrattenimento;331;3,411031318;262;NOM;intrattenimento;349;215321
prendevano;331;3,411031318;293;VER;prendere;214434;152602
bende;331;3,411031318;255;NOM;benda;717;276781
Walden;0;3,411031318;51;NPR;Walden;4511888;12338
travaglio;331;3,411031318;198;NOM;travaglio;334;480057
Talbot;331;3,411031318;66;NOM;Talbot;4511888;353087
urlano;331;3,411031318;230;VER;urlare;6676;294979
critici;331;3,411031318;270;NOM;critico;512;315974
spegne;331;3,411031318;296;VER;spegnere;2530;236621
èona;0;3,411031318;146;NOM;<unknown>;4511888;474703
reddito;331;3,411031318;265;NOM;reddito;523;485485
fari;331;3,411031318;244;NOM;faro;1119;172414
parta;331;3,411031318;300;VER;partire;15356;201098
mattone;331;3,411031318;218;NOM;mattone;688;12446
identificata;331;3,411031318;299;VER;identificare;4981;380831
pegni;331;3,411031318;209;NOM;pegno;602;113057
pianificando;331;3,411031318;291;VER;pianificare;2076;499881
sperava;331;3,411031318;309;VER;sperare;36576;368567
insegue;331;3,411031318;292;VER;inseguire;4226;517562
Moses;0;3,411031318;70;NPR;Mosè;4511888;474309
Jed;0;3,411031318;71;NOM;<unknown>;4511888;100552
aspettavano;331;3,411031318;303;VER;aspettare;116636;143305
rari;331;3,411031318;295;ADJ;raro;2460;402912
Pike;0;3,411031318;71;NPR;Pike;4511888;391408
limitare;331;3,411031318;299;VER;limitare;2359;196085
micio;331;3,411031318;110;NOM;micio;417;52984
toglierò;330;3,409721228;313;VER;togliere;24748;101124
François;0;3,409721228;60;NPR;François;4511888;141576
phaser;330;3,409721228;115;NOM;phaser;4511888;382477
Cash;0;3,409721228;98;NOM;cash;332;495889
scoprite;330;3,409721228;307;VER;scoprire;35725;259099
appreso;330;3,409721228;303;VER;apprendere;754;280358
rompendo;330;3,409721228;301;VER;rompere;15925;122150
sentiranno;330;3,409721228;308;VER;sentire;192280;155450
ristretto;330;3,409721228;297;NOM;ristretto;398;489789
fiammifero;330;3,409721228;261;NOM;fiammifero;785;507203
buttando;330;3,409721228;306;VER;buttare;15440;289363
astronauti;330;3,409721228;155;NOM;astronauta;926;357720
Garrity;0;3,409721228;104;NPR;Garrity;4511888;360035
metter;0;3,409721228;299;VER;mettere;124577;386415
licenziamento;330;3,409721228;255;NOM;licenziamento;420;75636
sanitario;330;3,409721228;233;ADJ;sanitario;971;391029
verdoni;330;3,409721228;246;NOM;verdone;256;340616
considerano;330;3,409721228;300;VER;considerare;11570;2706
protetti;330;3,409721228;296;VER;proteggere;16350;463764
obbiettivo;0;3,409721228;262;NOM;obiettivo;400;121494
riprova;330;3,409721228;291;VER;riprovare;267;474013
ingiusta;330;3,409721228;298;ADJ;ingiusto;1118;38835
asiatico;330;3,409721228;273;ADJ;asiatico;722;50125
sfidato;330;3,409721228;294;VER;sfidare;2385;491476
impermeabile;330;3,409721228;252;ADJ;impermeabile;234;38615
affermazione;330;3,409721228;282;NOM;affermazione;525;146401
Wagner;0;3,409721228;125;NOM;<unknown>;4511888;125420
Fat;0;3,409721228;107;NOM;<unknown>;4511888;257006
Nathaniel;0;3,409721228;96;NOM;<unknown>;4511888;44786
Rand;0;3,408407174;79;NOM;<unknown>;4511888;291585
trattative;329;3,408407174;236;NOM;trattativa;602;115971
tamburi;329;3,408407174;237;NOM;tamburo;580;305435
getti;329;3,408407174;273;NOM;getto;453;430620
buttiamo;329;3,408407174;296;VER;buttare;15440;62247
giovanni;0;3,408407174;7;VER;<unknown>;1069550;246316
lunare;329;3,408407174;149;ADJ;lunare;387;176192
Maxine;0;3,408407174;68;NOM;<unknown>;4511888;516958
poterle;329;3,408407174;318;VER;potere;676977;24420
raffinato;329;3,408407174;294;ADJ;raffinato;338;467822
portabagagli;329;3,408407174;225;NOM;portabagagli;329;215668
ritrovati;329;3,408407174;302;VER;ritrovare;6966;131189
macchinetta;329;3,408407174;259;NOM;macchina;4511888;199809
Alcolisti;329;3,408407174;221;NOM;alcolista;577;392834
forumcommunity;0;3,408407174;192;NOM;<unknown>;4511888;214668
invincibile;329;3,408407174;264;ADJ;invincibile;414;405901
Spartaco;0;3,408407174;35;NPR;Spartaco;4511888;90255
berrò;329;3,408407174;304;VER;bere;31940;433299
conserva;329;3,408407174;295;VER;conservare;2821;310423
intime;329;3,408407174;288;ADJ;intimo;2259;106153
faticoso;329;3,408407174;287;ADJ;faticoso;467;310464
Powers;0;3,408407174;88;NOM;<unknown>;4511888;287684
daccapo;329;3,408407174;292;ADV;daccapo;270;225739
consulenza;329;3,408407174;274;NOM;consulenza;417;137935
favorevole;329;3,408407174;267;ADJ;favorevole;468;314099
camminiamo;329;3,408407174;254;VER;camminare;10027;65784
farabutto;328;3,407089132;263;NOM;farabutto;468;27919
sospettata;328;3,407089132;242;VER;sospettare;5415;98851
accordato;328;3,407089132;288;VER;accordare;1167;189485
China;0;3,407089132;196;NOM;china;308;326707
Coco;0;3,407089132;94;NOM;<unknown>;4511888;167989
ubriacare;328;3,407089132;286;VER;ubriacare;1916;187711
azzardare;328;3,407089132;300;VER;azzardare;936;164160
Company;0;3,407089132;216;NOM;company;330;345418
pugnalata;328;3,407089132;246;NOM;pugnalata;1400;297809
attrezzo;328;3,407089132;272;NOM;attrezzo;1612;112489
orgia;328;3,407089132;206;NOM;orgia;418;477557
piuma;328;3,407089132;225;NOM;piuma;660;80763
tirocinio;328;3,407089132;220;NOM;tirocinio;334;282750
deduco;328;3,407089132;310;VER;dedurre;914;62095
allenato;328;3,407089132;291;ADJ;allenato;3062;119189
Gomez;0;3,407089132;109;NOM;<unknown>;4511888;303534
europea;328;3,407089132;247;ADJ;europeo;925;289984
Florrick;0;3,407089132;45;NOM;<unknown>;4511888;320960
simpatici;328;3,407089132;283;ADJ;simpatico;3051;149971
chiameranno;328;3,407089132;300;VER;chiamare;133592;65761
dimostrerò;328;3,407089132;299;VER;dimostrare;9466;433895
peloso;328;3,407089132;269;ADJ;peloso;783;264436
aiutino;328;3,407089132;301;VER;aiutare;72590;472567
viaggiando;327;3,405767078;286;VER;viaggiare;4816;288260
appropriata;327;3,405767078;309;VER;appropriare;1096;245010
crescerà;327;3,405767078;292;VER;crescere;14066;477459
avvertita;327;3,405767078;304;VER;avvertire;6677;119864
Cheese;0;3,405767078;184;NOM;<unknown>;4511888;184895
sospettare;327;3,405767078;307;VER;sospettare;5415;308802
Cheyenne;0;3,405767078;92;NPR;Cheyenne;4511888;361292
Zen;327;3,405767078;161;NOM;zen;317;159334
sciare;327;3,405767078;214;VER;sciare;701;46719
crei;327;3,405767078;313;VER;creare;13494;49793
riprovare;327;3,405767078;303;VER;riprovare;1695;123023
Brenner;0;3,405767078;58;NOM;<unknown>;4511888;374165
germi;327;3,405767078;228;NOM;germe;391;41622
temeva;327;3,405767078;294;VER;temere;11202;342177
somigli;327;3,405767078;301;VER;somigliare;2117;207524
eccessiva;327;3,405767078;297;ADJ;eccessivo;911;39333
compromessa;327;3,405767078;289;ADJ;compromesso;1555;90794
devoto;327;3,405767078;290;ADJ;devoto;508;372915
Lilith;0;3,405767078;64;NPR;Lilith;4511888;146615
assurde;327;3,405767078;305;ADJ;assurdo;4579;40120
mía;0;3,405767078;115;NOM;<unknown>;4511888;240569
Sst;0;3,405767078;130;NOM;<unknown>;4511888;386234
Maine;0;3,405767078;190;NOM;<unknown>;4511888;271548
insegnamento;327;3,405767078;282;NOM;insegnamento;613;48584
camicetta;327;3,405767078;257;NOM;camicetta;353;214995
automobili;327;3,405767078;272;NOM;automobile;615;143065
manifesto;327;3,405767078;225;NOM;manifesto;458;137966
stupito;327;3,405767078;304;VER;stupire;2394;178159
Cora;0;3,405767078;72;NPR;Cora;4511888;58362
combatto;326;3,404440987;269;VER;combattere;13833;76294
dormite;326;3,404440987;269;NOM;dormita;495;267023
irresistibile;326;3,404440987;270;ADJ;irresistibile;364;476688
Elijah;0;3,404440987;58;NOM;<unknown>;4511888;190756
fissarmi;326;3,404440987;302;VER;fissarsi;5169;515633
cartellino;326;3,404440987;271;NOM;cartellino;383;214856
depositi;326;3,404440987;255;NOM;deposito;2133;23896
Magazine;326;3,404440987;222;NOM;magazine;4511888;33624
prendetela;326;3,404440987;262;VER;prendere;214434;322904
animazione;326;3,404440987;104;NOM;animazione;339;499289
adoravo;326;3,404440987;291;VER;adorare;14766;250986
soluzioni;326;3,404440987;262;NOM;soluzione;4410;24696
riprenditi;326;3,404440987;293;VER;riprendere;11395;474745
infelici;326;3,404440987;278;ADJ;infelice;1795;347777
Room;0;3,404440987;203;NOM;<unknown>;4511888;238211
Illinois;0;3,404440987;212;NPR;Illinois;4511888;248452
medaglione;326;3,404440987;119;NOM;medaglione;343;226181
noiosi;326;3,404440987;275;ADJ;noioso;3512;476561
ricche;326;3,404440987;278;ADJ;ricco;7501;138148
Jorge;0;3,404440987;90;NOM;<unknown>;4511888;15016
Rhodes;0;3,404440987;101;NOM;<unknown>;4511888;337847
arrestarmi;326;3,404440987;294;VER;arrestare;10230;162520
Princeton;0;3,404440987;180;NPR;Princeton;4511888;465894
registra;326;3,404440987;280;VER;registrare;6017;328680
presta;326;3,404440987;294;VER;prestare;4345;121841
cadute;326;3,404440987;301;VER;cadere;16313;400633
partono;326;3,404440987;296;VER;partire;15356;315901
Pauline;0;3,403110834;69;NPR;Pauline;325;50696
fidava;325;3,403110834;289;VER;fidare;17163;200464
broncio;325;3,403110834;257;NOM;broncio;327;128787
istanza;325;3,403110834;215;NOM;istanza;369;120603
ventilazione;325;3,403110834;236;NOM;ventilazione;329;334633
droidi;325;3,403110834;70;NOM;droid;4511888;41022
riflettori;325;3,403110834;283;NOM;riflettore;401;191555
avute;325;3,403110834;294;VER;avere;2620540;37445
strisciare;325;3,403110834;295;VER;strisciare;976;289351
popoli;325;3,403110834;220;NOM;popolo;4714;185164
interrotta;325;3,403110834;291;VER;interrompere;5277;30034
Moro;0;3,403110834;122;NPR;moro;388;46421
condannare;325;3,403110834;276;VER;condannare;3231;132438
dominare;325;3,403110834;271;VER;dominare;1143;332636
Interpol;0;3,403110834;221;NPR;Interpol;325;356703
antiproiettile;325;3,403110834;274;ADJ;antiproiettile;325;319071
58;0;3,403110834;255;NUM;@card@;412838;238702
riservatezza;325;3,403110834;286;NOM;riservatezza;325;134772
ammazzi;325;3,403110834;283;VER;ammazzare;10911;169593
percepire;325;3,403110834;281;VER;percepire;1656;462972
viale;325;3,403110834;260;NOM;viale;362;49792
contenitori;325;3,403110834;212;NOM;contenitore;950;480905
Dong;0;3,403110834;115;NOM;<unknown>;4511888;345482
dicevamo;325;3,403110834;301;VER;dire;636417;207755
starne;325;3,403110834;303;NOM;starna;648668;71056
spedita;325;3,403110834;289;VER;spedire;4320;162498
ricavato;325;3,403110834;302;VER;ricavare;1110;16350
pranzato;325;3,403110834;289;VER;pranzare;1482;47590
Cenerentola;0;3,403110834;199;NPR;cenerentola;333;403185
potenzialmente;324;3,401776595;302;ADV;potenzialmente;324;301573
ricette;324;3,401776595;248;NOM;ricetta;1647;397071
hip;0;3,401776595;145;INT;hip;324;321297
Morse;0;3,401776595;175;NOM;morsa;452;397618
bagnati;324;3,401776595;276;ADJ;bagnato;638;311864
ascolterà;324;3,401776595;290;VER;ascoltare;55142;24378
dovute;324;3,401776595;304;ADJ;dovuto;548096;290622
vivevamo;324;3,401776595;290;VER;vivere;39609;503368
classifica;324;3,401776595;265;NOM;classifica;402;34643
chiederanno;324;3,401776595;302;VER;chiedere;99913;315736
posteriori;324;3,401776595;257;ADJ;posteriore;1534;139097
interrompo;324;3,401776595;305;VER;interrompere;5277;445283
superarlo;324;3,401776595;293;VER;superare;7819;41062
comprerà;324;3,401776595;252;VER;comprare;26675;251495
firmata;324;3,401776595;286;ADJ;firmato;8960;250473
ammirevole;324;3,401776595;291;ADJ;ammirevole;348;174451
Snow;0;3,401776595;94;NOM;<unknown>;4511888;411764
Emmett;0;3,401776595;56;NPR;Emmett;4511888;151681
aspettarsi;324;3,401776595;299;VER;aspettarsi;116636;319626
Mexico;0;3,401776595;209;NPR;Mexico;324;458399
finte;324;3,401776595;272;ADJ;finto;1078;252337
Garden;0;3,401776595;214;NOM;<unknown>;4511888;188853
doro;324;3,401776595;175;VER;dorare;658;338875
direbbero;324;3,401776595;290;VER;dire;636417;439742
alie;0;3,401776595;85;NOM;<unknown>;4511888;172238
benchè;324;3,401776595;285;CON;benchè;324;95445
chiasso;324;3,401776595;281;NOM;chiasso;324;387056
Hyde;0;3,401776595;101;NOM;<unknown>;4511888;338164
accompagnarti;324;3,401776595;303;VER;accompagnare;8114;465397
stabili;323;3,400438245;279;ADJ;stabile;1428;19715
alberghi;323;3,400438245;259;NOM;albergo;4010;295190
mmh;0;3,400438245;185;NOM;<unknown>;4511888;203815
Frannie;0;3,400438245;65;NOM;<unknown>;4511888;151854
infame;323;3,400438245;252;ADJ;infame;385;245296
seguirla;0;3,400438245;305;VER;seguire;25854;39478
presidenziale;323;3,400438245;225;ADJ;presidenziale;413;264505
2007;0;3,400438245;221;NUM;@card@;412838;98375
tetti;323;3,400438245;244;NOM;tetto;4467;248906
misto;323;3,400438245;268;ADJ;misto;497;156755
much;0;3,400438245;120;ADJ;<unknown>;206355;387668
stressata;323;3,400438245;276;VER;stressare;1020;495958
laureata;323;3,400438245;265;NOM;laureato;1135;296051
Martina;0;3,400438245;52;NPR;Martina;323;124789
trasmette;323;3,400438245;281;VER;trasmettere;2735;300406
impiegata;323;3,400438245;261;NOM;impiegato;1726;442489
vascello;323;3,400438245;182;NOM;vascello;373;322190
ripagare;323;3,400438245;289;VER;ripagare;1741;22928
Dyson;323;3,400438245;59;NPR;Dyson;4511888;436634
Fabio;0;3,400438245;53;NPR;Fabio;323;491165
correrò;323;3,400438245;291;VER;correre;18695;157860
Chinatown;0;3,400438245;180;NPR;Chinatown;4511888;323507
guarirà;323;3,400438245;286;VER;guarire;4168;452282
ascoltano;323;3,400438245;294;VER;ascoltare;55142;308155
Bentley;0;3,400438245;115;NPR;Bentley;4511888;85693
Kruger;0;3,400438245;29;NOM;<unknown>;4511888;150719
soffio;323;3,400438245;277;NOM;soffio;358;468454
Sylar;0;3,400438245;53;NOM;<unknown>;4511888;288253
traditi;322;3,399095757;259;VER;tradire;7183;405254
vo;322;3,399095757;110;VER;volere;1069550;229645
Brewster;0;3,399095757;46;NPR;Brewster;4511888;143632
sensore;322;3,399095757;225;NOM;sensore;322;16402
aspettarci;322;3,399095757;305;VER;aspettare;116636;511512
pasticceria;322;3,399095757;210;NOM;pasticceria;335;14121
assedio;322;3,399095757;223;NOM;assedio;322;18731
cuoio;322;3,399095757;254;NOM;cuoio;325;138034
rimasi;322;3,399095757;279;VER;rimanere;46342;274248
incoraggiamento;322;3,399095757;305;NOM;incoraggiamento;340;497259
taverna;322;3,399095757;215;NOM;taverna;347;89709
cu;0;3,399095757;95;NOM;<unknown>;4511888;376685
caverne;322;3,399095757;213;NOM;caverna;1017;92032
mediocre;322;3,399095757;273;ADJ;mediocre;332;390282
rotazione;322;3,399095757;213;NOM;rotazione;339;107921
decifrare;322;3,399095757;257;VER;decifrare;788;47509
palpebre;322;3,399095757;252;NOM;palpebra;362;77207
peril;0;3,399095757;83;NOM;<unknown>;4511888;177564
religiosi;322;3,399095757;266;ADJ;religioso;1577;76197
ovvia;322;3,399095757;300;ADJ;ovvio;4770;319659
manciata;322;3,399095757;291;NOM;manciata;342;32184
Express;0;3,399095757;228;NPR;Express;322;44216
favor;0;3,399095757;173;NOM;<unknown>;4511888;467905
infedele;322;3,399095757;237;ADJ;infedele;326;165326
Frobisher;0;3,399095757;37;NOM;<unknown>;4511888;22991
sicureeea;0;3,399095757;154;NOM;<unknown>;4511888;341724
Adamo;0;3,399095757;203;NOM;<unknown>;4511888;141282
Wright;0;3,399095757;132;NOM;<unknown>;4511888;155374
vestaglia;322;3,399095757;264;NOM;vestaglia;347;51183
eroico;322;3,399095757;281;ADJ;eroico;588;284413
stilly;0;3,399095757;240;NOM;<unknown>;4511888;24317
onorata;321;3,397749106;287;ADJ;onorato;2394;312577
nuotata;321;3,397749106;262;NOM;nuotata;353;332040
dovette;321;3,397749106;276;VER;dovere;548096;274443
riempi;321;3,397749106;294;VER;riempire;4936;35631
ricercati;321;3,397749106;262;ADJ;ricercato;447;285806
bono;0;3,397749106;184;NOM;<unknown>;4511888;169327
belia;0;3,397749106;81;NOM;<unknown>;4511888;356231
stracci;321;3,397749106;266;NOM;straccio;773;464010
genitali;321;3,397749106;261;NOM;genitale;274;447892
picchiarmi;321;3,397749106;290;VER;picchiare;6276;471198
svuotato;321;3,397749106;289;VER;svuotare;1383;140453
conoscevamo;321;3,397749106;299;VER;conoscere;92248;353448
tovagliolo;321;3,397749106;220;NOM;tovagliolo;551;453290
cacciando;321;3,397749106;287;VER;cacciare;5892;369842
clandestino;321;3,397749106;231;ADJ;clandestino;696;434109
avido;321;3,397749106;282;ADJ;avido;640;175573
ottanta;0;3,397749106;277;NUM;ottanta;306;4566
testarda;321;3,397749106;285;ADJ;testardo;767;308187
rivoluzionario;321;3,397749106;216;ADJ;rivoluzionario;495;385254
Nobel;0;3,397749106;233;NOM;nobel;321;422124
ricevitore;321;3,397749106;227;NOM;ricevitore;302;88301
tuffo;320;3,396398267;276;NOM;tuffo;349;163842
gonfia;320;3,396398267;275;ADJ;gonfio;871;133897
cracker;320;3,396398267;206;NOM;cracker;320;125202
lasciasse;320;3,396398267;307;VER;lasciare;153939;20499
danzare;320;3,396398267;217;VER;danzare;924;65308
Wing;0;3,396398267;70;NOM;<unknown>;4511888;263205
mettessi;320;3,396398267;309;VER;mettere;124577;118606
quiz;320;3,396398267;196;NOM;quiz;320;104019
allontanarti;320;3,396398267;304;VER;allontanarsi;6848;137307
quiete;320;3,396398267;271;NOM;quiete;280;397148
cliniche;320;3,396398267;254;NOM;clinica;1202;449893
Yan;0;3,396398267;47;NOM;<unknown>;4511888;364138
godermi;320;3,396398267;306;VER;godere;5867;215415
aquí;0;3,396398267;30;NOM;<unknown>;4511888;508800
begli;320;3,396398267;298;ADJ;bello;1069550;434055
conducendo;320;3,396398267;294;VER;condurre;5994;461962
spagnoli;320;3,396398267;187;NOM;spagnolo;1430;52884
svolge;320;3,396398267;289;VER;svolgere;2183;289697
Bureau;0;3,396398267;199;NOM;bureau;320;385953
spiegarle;320;3,396398267;303;VER;spiegare;19836;465832
spiagge;320;3,396398267;258;NOM;spiaggia;4168;143530
paranoica;320;3,396398267;264;ADJ;paranoico;955;248750
capricci;320;3,396398267;285;NOM;capriccio;558;299448
ambientale;320;3,396398267;220;ADJ;ambientale;516;243640
Atlantico;320;3,396398267;220;NOM;Atlantico;4511888;115394
Perez;0;3,396398267;96;NPR;Perez;320;181698
swat;0;3,396398267;198;NOM;<unknown>;4511888;266435
capirmi;320;3,396398267;297;VER;capire;130245;480726
2009;0;3,396398267;228;NUM;@card@;412838;96215
mancavano;320;3,396398267;293;VER;mancare;21146;341466
passionale;320;3,396398267;278;ADJ;passionale;382;67292
Axel;0;3,396398267;51;NPR;Axel;4511888;84447
mentalità;320;3,396398267;272;NOM;mentalità;320;284896
turba;320;3,396398267;288;VER;turbare;1793;167139
fiduciario;320;3,396398267;231;ADJ;fiduciario;330;216036
trasloco;320;3,396398267;257;NOM;trasloco;442;470250
goal;0;3,396398267;172;NOM;goal;320;175355
Blanche;0;3,396398267;50;NOM;<unknown>;4511888;190972
venirti;319;3,395043213;300;VER;venire;229884;129808
coincide;319;3,395043213;291;VER;coincidere;714;331541
varco;319;3,395043213;230;NOM;varco;333;474159
arrivai;319;3,395043213;271;VER;arrivare;85743;502590
incontrate;319;3,395043213;293;VER;incontrare;27005;494660
Morales;0;3,395043213;105;NPR;Morales;4511888;300873
Wakefield;0;3,395043213;59;NOM;<unknown>;4511888;375369
Gibbons;0;3,395043213;50;NOM;<unknown>;4511888;205899
estinzione;319;3,395043213;257;NOM;estinzione;323;289113
plange;0;3,395043213;88;NOM;<unknown>;4511888;511580
novanta;0;3,395043213;272;NUM;novanta;189;50800
forzata;319;3,395043213;284;ADJ;forzato;1751;413554
studentesco;319;3,395043213;230;ADJ;studentesco;485;393591
compleanni;319;3,395043213;271;NOM;compleanno;8850;334210
lucida;319;3,395043213;286;ADJ;lucido;779;309900
preferirebbe;319;3,395043213;304;VER;preferire;15296;223119
Cd;0;3,395043213;210;NPR;Cd;319;379539
graffi;319;3,395043213;258;NOM;graffio;957;186264
bullo;319;3,395043213;210;NOM;bullo;551;215962
Bingum;0;3,395043213;48;NOM;<unknown>;4511888;214683
giocata;319;3,395043213;271;NOM;giocata;424;255388
combustibile;319;3,395043213;188;NOM;combustibile;269;143517
Melinda;0;3,395043213;91;NPR;Melinda;4511888;484015
nonnina;319;3,395043213;197;NOM;nonna;4511888;124591
live;319;3,395043213;202;ADJ;live;206355;408242
Ridley;0;3,395043213;32;NOM;<unknown>;4511888;477363
motivazioni;319;3,395043213;291;NOM;motivazione;697;193211
preziose;319;3,395043213;292;ADJ;prezioso;2565;510920
rottame;319;3,395043213;268;NOM;rottame;629;256715
corrompere;319;3,395043213;290;VER;corrompere;1708;129234
sbronzo;319;3,395043213;265;NOM;sbronzo;536;268502
scimmietta;319;3,395043213;210;NOM;scimmia;4511888;160729
stabilità;319;3,395043213;278;NOM;stabilità;319;154084
predatori;319;3,395043213;234;NOM;predatore;319;458471
toccava;319;3,395043213;276;VER;toccare;21210;433385
scellini;319;3,395043213;139;NOM;scellino;432;398573
ladymildred;0;3,395043213;291;NOM;<unknown>;4511888;279793
pizze;319;3,395043213;210;NOM;pizza;3208;488947
aggiustato;319;3,395043213;265;VER;aggiustare;2700;98042
ananas;319;3,395043213;193;NOM;ananas;319;335615
licenziarmi;318;3,393683917;283;VER;licenziare;8131;216075
confermano;318;3,393683917;297;VER;confermare;5526;12319
interrogarlo;318;3,393683917;288;VER;interrogare;3629;317735
ser;0;3,393683917;89;VER;<unknown>;1069550;111925
Sergio;0;3,393683917;68;NPR;Sergio;318;130359
coltivare;318;3,393683917;268;VER;coltivare;820;59965
quadrati;318;3,393683917;263;ADJ;quadrato;485;282942
natalizio;318;3,393683917;179;ADJ;natalizio;628;277057
Lassie;0;3,393683917;81;NOM;<unknown>;4511888;370770
obiezioni;318;3,393683917;266;NOM;obiezione;2057;306004
imprenditore;318;3,393683917;260;NOM;imprenditore;467;221271
tappeti;318;3,393683917;241;NOM;tappeto;2293;14938
pulisce;318;3,393683917;279;VER;pulire;10313;212066
separarci;318;3,393683917;284;VER;separarsi;4548;274023
People;0;3,393683917;204;NOM;<unknown>;4511888;441962
abbandoni;318;3,393683917;295;VER;abbandonare;9248;193650
Hubert;0;3,393683917;57;NOM;<unknown>;4511888;324211
deliberatamente;318;3,393683917;290;ADV;deliberatamente;318;13181
girata;318;3,393683917;256;ADJ;girato;15592;51583
chiedile;318;3,393683917;279;VER;chiedere;99913;7554
scemi;318;3,393683917;275;ADJ;scemo;1727;10626
spostando;318;3,393683917;282;VER;spostare;8734;82308
trasparente;318;3,393683917;270;ADJ;trasparente;319;202375
professionali;318;3,393683917;285;ADJ;professionale;2323;134025
reclutamento;318;3,393683917;195;NOM;reclutamento;321;509596
dispensa;318;3,393683917;257;NOM;dispensa;308;334767
strati;318;3,393683917;245;NOM;strato;779;64697
Snake;0;3,393683917;76;NOM;<unknown>;4511888;365508
divise;318;3,393683917;268;NOM;divisa;1101;339914
soffrono;318;3,393683917;296;VER;soffrire;8182;369112
contribuire;318;3,393683917;294;VER;contribuire;984;155357
capirci;318;3,393683917;294;VER;capire;130245;298977
Jabbar;0;3,393683917;59;VER;<unknown>;1069550;171238
greca;318;3,393683917;220;ADJ;greco;1095;262119
disaccordo;318;3,393683917;284;NOM;disaccordo;349;303611
resiste;317;3,392320354;278;VER;resistere;6017;483864
Buy;0;3,392320354;102;NOM;<unknown>;4511888;482081
soffocare;317;3,392320354;289;VER;soffocare;1802;204834
venivi;317;3,392320354;298;VER;venire;229884;337200
licenziati;317;3,392320354;251;VER;licenziare;8131;169804
capirebbe;317;3,392320354;298;VER;capire;130245;289871
tombola;317;3,392320354;271;NOM;tombola;316;453969
corvi;317;3,392320354;147;NOM;corvo;802;503890
acquisito;317;3,392320354;298;VER;acquisire;694;455270
gufo;317;3,392320354;147;NOM;gufo;397;39271
accidentale;317;3,392320354;258;ADJ;accidentale;361;454267
tenera;317;3,392320354;290;ADJ;tenero;1374;105853
finanziare;317;3,392320354;273;VER;finanziare;1025;303743
rimborso;317;3,392320354;254;NOM;rimborso;364;5000
spirale;317;3,392320354;219;NOM;spirale;330;393610
dame;317;3,392320354;209;NOM;dama;820;361374
trasformi;317;3,392320354;292;VER;trasformare;7282;385959
fabbriche;317;3,392320354;233;NOM;fabbrica;2656;377008
gregge;317;3,392320354;249;NOM;gregge;282;129467
straordinarie;317;3,392320354;287;ADJ;straordinario;4134;504785
beccano;317;3,392320354;283;VER;beccare;6929;170197
incontrarsi;317;3,392320354;293;VER;incontrarsi;27005;217563
wrestling;317;3,392320354;173;NOM;wrestling;4511888;349147
scarsa;317;3,392320354;290;ADJ;scarso;826;93412
62;0;3,392320354;262;NUM;@card@;412838;46564
Sasuke;0;3,392320354;54;NPR;Sasuke;4511888;17133
mulino;317;3,392320354;152;NOM;mulino;407;53742
vedersi;317;3,392320354;302;VER;vedersi;328947;326385
controlleremo;317;3,392320354;296;VER;controllare;28942;187647
Fernando;0;3,390952497;140;NPR;Fernando;316;38145
boccata;316;3,390952497;297;NOM;boccata;328;53250
giornalismo;316;3,390952497;207;NOM;giornalismo;316;106759
strafatto;316;3,390952497;250;VER;strafare;540;214025
rinchiudere;316;3,390952497;274;VER;rinchiudere;2490;75543
tesorino;316;3,390952497;255;NOM;tesoro;4511888;131619
sintonia;316;3,390952497;273;NOM;sintonia;317;342061
sparsi;316;3,390952497;301;VER;spargere;1693;133434
conflitti;316;3,390952497;255;NOM;conflitto;1416;33852
statue;316;3,390952497;187;NOM;statua;1503;272190
regolari;316;3,390952497;287;ADJ;regolare;1066;251201
deí;0;3,390952497;132;PRE;di;4511888;348998
confortevole;316;3,390952497;282;ADJ;confortevole;362;161095
ritrova;316;3,390952497;293;VER;ritrovare;6966;111702
acuta;316;3,390952497;277;ADJ;acuto;685;142431
domino;316;3,390952497;150;NOM;domino;308;201060
riportiamo;316;3,390952497;293;VER;riportare;11084;404842
formica;316;3,390952497;113;NOM;formica;572;497002
neonati;316;3,390952497;244;NOM;neonato;604;287348
Robbins;0;3,390952497;134;NOM;<unknown>;4511888;470905
ano;316;3,390952497;218;NOM;ano;427;352123
Lost;0;3,390952497;219;NOM;<unknown>;4511888;246142
caposquadra;316;3,390952497;169;NOM;caposquadra;316;40576
siluri;316;3,390952497;106;NOM;siluro;499;13697
66;0;3,390952497;202;NUM;@card@;412838;174750
avviciniamo;316;3,390952497;286;VER;avvicinarsi;10755;119248
sportivi;316;3,390952497;263;ADJ;sportivo;1446;87020
acuto;316;3,390952497;288;ADJ;acuto;685;195824
Roxy;0;3,390952497;82;NPR;Roxy;4511888;283388
Channing;0;3,390952497;51;NOM;<unknown>;4511888;23549
democratico;315;3,389580317;208;ADJ;democratico;560;4609
intermediario;315;3,389580317;255;ADJ;intermediario;197;268802
cosette;315;3,389580317;250;NOM;cosetta;4511888;154885
cilindro;315;3,389580317;195;NOM;cilindro;500;490248
Achille;0;3,389580317;115;NPR;Achille;315;126217
Land;0;3,389580317;138;NPR;Land;315;369932
iniziai;315;3,389580317;242;VER;iniziare;33775;455187
cucire;315;3,389580317;242;VER;cucire;849;453407
farmela;315;3,389580317;299;VER;fare;1151883;416288
squallido;315;3,389580317;284;ADJ;squallido;595;208422
Jody;0;3,389580317;57;NOM;<unknown>;4511888;467754
catturarlo;315;3,389580317;274;VER;catturare;5710;306218
cripta;315;3,389580317;133;NOM;cripta;334;181039
Teri;0;3,389580317;83;NOM;<unknown>;4511888;486448
rosario;315;3,389580317;124;NOM;rosario;334;154172
verticale;315;3,389580317;235;ADJ;verticale;223;434494
fori;315;3,389580317;237;NOM;foro;880;477250
invecchiando;315;3,389580317;295;VER;invecchiare;1818;1100
mcmanus;0;3,389580317;61;NOM;<unknown>;4511888;308300
Gisborne;0;3,389580317;27;NOM;<unknown>;4511888;222836
scherziamo;315;3,389580317;275;VER;scherzare;12662;70012
prodigio;315;3,389580317;246;NOM;prodigio;232;91005
afferrare;315;3,389580317;278;VER;afferrare;2774;281738
Destiny;0;3,389580317;62;NOM;<unknown>;4511888;276368
Sweets;0;3,389580317;60;NOM;<unknown>;4511888;271516
manoscritto;315;3,389580317;163;NOM;manoscritto;342;431516
gridato;315;3,389580317;281;VER;gridare;4181;106921
eccezionali;315;3,389580317;277;ADJ;eccezionale;2135;120503
Ming;0;3,389580317;99;NOM;<unknown>;4511888;473020
Rosemary;0;3,389580317;77;NOM;<unknown>;4511888;444351
siam;0;3,389580317;156;NOM;<unknown>;4511888;306122
amati;315;3,389580317;267;VER;amare;46084;7378
Din;0;3,389580317;87;NOM;<unknown>;4511888;226537
cloni;314;3,388203788;141;NOM;clono;314;320001
uccellini;314;3,388203788;235;NOM;uccellino;909;408587
petizione;314;3,388203788;170;NOM;petizione;356;182051
occupava;314;3,388203788;293;VER;occupare;25028;66596
intesa;314;3,388203788;264;NOM;intesa;214;17203
cada;314;3,388203788;272;VER;cadere;16313;122931
britannica;314;3,388203788;234;ADJ;britannico;1102;26966
Dewey;0;3,388203788;97;NPR;Dewey;4511888;338263
Zhang;0;3,388203788;41;NPR;Zhang;4511888;217437
Tasha;0;3,388203788;61;NPR;Tasha;4511888;452959
piramide;314;3,388203788;183;NOM;piramide;504;114020
Clarke;0;3,388203788;92;NPR;Clarke;4511888;415847
csi;0;3,388203788;250;NOM;<unknown>;4511888;122746
fragolina;314;3,388203788;309;NOM;fragola;4511888;504444
Iran;0;3,388203788;150;NPR;Iran;314;196734
posare;314;3,388203788;239;VER;posare;1661;38526
Temple;0;3,388203788;106;NOM;<unknown>;4511888;350346
soffra;314;3,388203788;299;VER;soffrire;8182;256395
accettazione;314;3,388203788;265;NOM;accettazione;314;447372
Tea;0;3,388203788;125;NOM;tè;4511888;290447
salviamo;314;3,388203788;243;VER;salvare;26667;458640
paramedico;314;3,388203788;191;NOM;paramedico;693;387478
affascinanti;314;3,388203788;280;ADJ;affascinante;3219;394136
cazzoni;314;3,388203788;248;NOM;cazzone;4511888;124312
Morning;0;3,388203788;148;NOM;<unknown>;4511888;295324
Lucifero;0;3,388203788;121;NPR;Lucifero;4511888;425889
suicidata;314;3,388203788;225;ADJ;suicidato;2163;158883
Kiki;0;3,388203788;83;NOM;<unknown>;4511888;1703
fondatori;314;3,388203788;193;NOM;fondatore;649;353212
Pepper;0;3,388203788;126;NOM;<unknown>;4511888;65989
vigliacchi;314;3,388203788;246;NOM;vigliacco;569;97991
violare;314;3,388203788;282;VER;violare;1697;414671
Memphis;0;3,388203788;128;NPR;Memphis;4511888;313816
proverai;314;3,388203788;289;VER;provare;60980;124134
festeggiamenti;313;3,386822882;253;NOM;festeggiamento;391;58648
Nemo;0;3,386822882;53;VER;<unknown>;1069550;356122
orco;313;3,386822882;93;NOM;orco;470;446491
angioletto;313;3,386822882;260;NOM;angelo;4511888;35612
Vernon;0;3,386822882;98;NPR;Vernon;4511888;258595
vacche;313;3,386822882;175;NOM;vacca;1498;257832
Hardy;0;3,386822882;85;NOM;<unknown>;4511888;192300
coperti;313;3,386822882;284;VER;coprire;9248;443189
vallo;313;3,386822882;279;NOM;vallo;270;384072
cattolici;313;3,386822882;214;NOM;cattolico;298;148573
batter;0;3,386822882;300;VER;battere;11216;349279
Chet;0;3,386822882;90;NOM;<unknown>;4511888;453487
isolata;313;3,386822882;280;ADJ;isolato;2208;105864
confermata;313;3,386822882;269;VER;confermare;5526;423061
Kathryn;0;3,386822882;86;NOM;<unknown>;4511888;433827
tormentato;313;3,386822882;287;ADJ;tormentato;1498;421285
funzionasse;313;3,386822882;287;VER;funzionare;27030;326839
equivalente;313;3,386822882;262;ADJ;equivalente;318;87996
spogliarelliste;313;3,386822882;202;NOM;spogliarellista;959;412377
Praga;0;3,386822882;159;NPR;Praga;313;363996
gradino;313;3,386822882;256;NOM;gradino;573;234726
incantesimi;312;3,385437572;167;NOM;incantesimo;1679;19460
riavuto;312;3,385437572;277;VER;riavere;2086;185093
breccia;312;3,385437572;222;NOM;breccia;326;28693
cool;312;3,385437572;132;ADJ;cool;4511888;14358
telefoniche;312;3,385437572;270;ADJ;telefonico;2214;303134
ficcato;312;3,385437572;283;VER;ficcare;2123;344611
dentifricio;312;3,385437572;231;NOM;dentifricio;238;502564
Faye;0;3,385437572;62;NOM;<unknown>;4511888;509482
mettiamolo;312;3,385437572;286;VER;mettere;124577;49
inserviente;312;3,385437572;216;NOM;inserviente;402;258610
rappresenti;312;3,385437572;285;VER;rappresentare;4518;15935
massacrato;312;3,385437572;292;VER;massacrare;1298;377923
imputati;312;3,385437572;164;NOM;imputato;1764;224836
periodi;312;3,385437572;273;NOM;periodo;5987;76367
ridete;312;3,385437572;260;VER;ridere;11803;438615
93;0;3,385437572;173;NUM;@card@;412838;501090
dubitato;312;3,385437572;293;VER;dubitare;4304;172394
Pittsburgh;0;3,385437572;161;NOM;<unknown>;4511888;281196
conoscendo;312;3,385437572;299;VER;conoscere;92248;511342
arrendi;312;3,385437572;276;VER;arrendere;5306;258162
ridato;312;3,385437572;286;VER;ridare;3816;301427
Beecher;0;3,385437572;51;NPR;Beecher;4511888;298612
cacciavite;312;3,385437572;188;NOM;cacciavite;312;221307
tappa;312;3,385437572;275;NOM;tappa;391;514435
mischia;312;3,385437572;253;NOM;mischia;253;508573
pagava;312;3,385437572;270;VER;pagare;31598;507308
combattete;312;3,385437572;183;VER;combattere;13833;419011
passamelo;312;3,385437572;279;VER;passare;65203;243654
Chow;0;3,385437572;80;NOM;<unknown>;4511888;315342
oso;312;3,385437572;270;VER;osare;4523;323797
sobria;312;3,385437572;256;ADJ;sobrio;1187;264409
Picasso;0;3,385437572;187;NOM;<unknown>;4511888;511455
cucino;312;3,385437572;287;VER;cucinare;4280;448739
ficcanaso;312;3,385437572;276;NOM;ficcanaso;312;36583
mercenari;312;3,385437572;203;NOM;mercenario;335;505066
territori;312;3,385437572;232;NOM;territorio;2392;183787
sanguigna;312;3,385437572;260;ADJ;sanguigno;942;129019
classi;312;3,385437572;239;NOM;classe;7717;487932
ballerine;311;3,384047828;231;NOM;ballerina;744;405529
saldo;311;3,384047828;271;NOM;saldo;335;45852
vissuta;311;3,384047828;287;VER;vivere;39609;99379
ding;0;3,384047828;131;NOM;<unknown>;4511888;110899
Hearst;0;3,384047828;55;NPR;Hearst;4511888;125753
estasi;311;3,384047828;243;NOM;estasi;311;438078
improvvisare;311;3,384047828;275;VER;improvvisare;845;341313
Nadine;0;3,384047828;70;NPR;Nadine;4511888;459074
serrature;311;3,384047828;257;NOM;serratura;1257;126818
pivello;311;3,384047828;207;NOM;pivello;442;312164
cheeseburger;311;3,384047828;213;NOM;cheeseburger;4511888;316281
collisione;311;3,384047828;197;NOM;collisione;351;469633
Churchill;0;3,384047828;134;NOM;<unknown>;4511888;114820
avvelenata;311;3,384047828;241;VER;avvelenare;1759;15251
sterile;311;3,384047828;244;ADJ;sterile;398;468387
dovervi;311;3,384047828;200;VER;dovere;548096;94385
combina;311;3,384047828;288;VER;combinare;4521;245943
disparte;311;3,384047828;281;ADV;disparte;311;176314
concede;311;3,384047828;294;VER;concedere;4735;33749
riposando;311;3,384047828;292;VER;riposare;6308;21209
turbo;311;3,384047828;126;NOM;turbo;207;167129
maturità;311;3,384047828;240;NOM;maturità;311;146654
questuomo;311;3,384047828;203;NOM;uomo;4511888;337636
Clare;0;3,384047828;39;NOM;<unknown>;4511888;268521
risvegliato;311;3,384047828;256;VER;risvegliare;1308;468207
carota;311;3,384047828;199;NOM;carota;727;104953
frullato;310;3,382653623;235;NOM;frullato;242;200216
Pinocchio;0;3,382653623;69;NOM;pinocchio;310;15925
ricordiamo;310;3,382653623;285;VER;ricordare;48841;449080
Carolyn;0;3,382653623;61;NPR;Carolyn;4511888;122191
trattenendo;310;3,382653623;280;VER;trattenere;5235;239186
cominciai;310;3,382653623;238;VER;cominciare;29999;250204
guastafeste;310;3,382653623;286;NOM;guastafeste;310;301150
promettimelo;310;3,382653623;264;VER;promettere;19626;355937
ammenda;310;3,382653623;242;NOM;ammenda;315;386158
Alzheimer;0;3,382653623;183;NPR;Alzheimer;310;306549
Zeta;310;3,382653623;107;NOM;zeta;311;387456
apprezzi;310;3,382653623;292;VER;apprezzare;7338;334723
robusto;310;3,382653623;267;ADJ;robusto;601;285338
restituisco;310;3,382653623;287;VER;restituire;4971;151456
timbro;310;3,382653623;222;NOM;timbro;375;15785
Buster;0;3,382653623;81;NOM;<unknown>;4511888;437177
rottami;310;3,382653623;254;NOM;rottame;629;256701
ingrato;310;3,382653623;268;ADJ;ingrato;470;169674
Newman;0;3,382653623;108;NPR;Newman;310;177868
pretesto;310;3,382653623;266;NOM;pretesto;337;54229
splendente;310;3,382653623;240;ADJ;splendente;206355;9434
baita;310;3,382653623;143;NOM;baita;320;5595
stiva;310;3,382653623;179;NOM;stiva;335;253924
Mu;310;3,382653623;65;NOM;mu;4511888;259561
forense;310;3,382653623;209;ADJ;forense;417;294644
applicazione;310;3,382653623;250;NOM;applicazione;450;57591
repubblicano;309;3,381254928;180;ADJ;repubblicano;484;490754
glie;309;3,381254928;145;PRO;gli;329;431638
vigilanza;309;3,381254928;226;NOM;vigilanza;309;165663
relativamente;309;3,381254928;259;ADV;relativamente;309;331308
Woman;0;3,381254928;198;NOM;<unknown>;4511888;392515
masse;309;3,381254928;225;NOM;massa;2050;97862
sulia;0;3,381254928;94;VER;<unknown>;1069550;375903
Yankees;309;3,381254928;160;NOM;<unknown>;4511888;284772
Blaine;0;3,381254928;82;NOM;<unknown>;4511888;264319
cinquecento;309;3,381254928;228;ADJ;cinquecento;217;14721
Raines;0;3,381254928;52;NOM;<unknown>;4511888;417429
estorsione;309;3,381254928;250;NOM;estorsione;365;404125
cercarli;309;3,381254928;287;VER;cercare;103013;354729
tirala;309;3,381254928;237;VER;tirare;24696;346801
sonnellino;309;3,381254928;274;NOM;sonnellino;330;483761
comunione;309;3,381254928;216;NOM;comunione;312;410810
durano;309;3,381254928;276;VER;durare;5600;112059
Charley;0;3,381254928;41;NPR;Charley;4511888;291516
pervertiti;309;3,381254928;248;NOM;pervertito;1045;367043
diari;309;3,381254928;176;NOM;diario;2711;292551
mettano;309;3,381254928;294;VER;mettere;124577;37579
presero;309;3,381254928;283;VER;prendere;214434;16846
cammello;309;3,381254928;180;NOM;cammello;455;125653
chat;309;3,381254928;193;NOM;chat;4511888;67286
cometa;309;3,381254928;132;NOM;cometa;413;304867
schiantato;309;3,381254928;243;VER;schiantare;1089;319465
odiarmi;309;3,381254928;277;VER;odiare;16947;454635
tavolino;309;3,381254928;276;NOM;tavolino;345;467437
Colt;0;3,381254928;125;NOM;<unknown>;4511888;373491
Klein;0;3,379851714;134;NOM;<unknown>;4511888;282370
guarderà;308;3,379851714;285;VER;guardare;111656;270094
seguiranno;308;3,379851714;278;VER;seguire;25854;240398
amarlo;308;3,379851714;279;VER;amare;46084;505373
psicologica;308;3,379851714;257;ADJ;psicologico;1090;492063
pedofilo;308;3,379851714;202;NOM;pedofilo;4511888;90146
innamorarsi;308;3,379851714;272;VER;innamorarsi;8833;464676
aiutateci;308;3,379851714;226;VER;aiutare;72590;117553
assegnata;308;3,379851714;282;VER;assegnare;2341;487478
residenti;308;3,379851714;229;NOM;residente;360;471364
comprarne;308;3,379851714;286;VER;comprare;26675;61253
Deborah;0;3,379851714;93;NOM;<unknown>;4511888;8006
vecchietto;308;3,379851714;271;NOM;vecchietto;847;473691
terroristico;308;3,379851714;231;ADJ;terroristico;702;45432
salame;308;3,379851714;238;NOM;salame;308;350079
allucinazione;308;3,379851714;222;NOM;allucinazione;1215;113282
nuota;308;3,379851714;224;VER;nuotare;2797;418179
sipario;308;3,379851714;224;NOM;sipario;309;233604
ricordarsi;308;3,379851714;295;VER;ricordarsi;48841;151193
69;0;3,379851714;183;NUM;@card@;412838;174753
Shea;0;3,379851714;76;NOM;<unknown>;4511888;358828
trattando;308;3,379851714;288;VER;trattare;28375;187820
onori;308;3,379851714;264;NOM;onore;13119;406701
litigano;308;3,379851714;281;VER;litigare;5809;497592
sotterranei;308;3,379851714;233;NOM;sotterraneo;371;301498
Conner;0;3,379851714;49;NOM;<unknown>;4511888;25028
rendeva;308;3,379851714;294;VER;rendere;31903;199640
stimolante;308;3,379851714;268;ADJ;stimolante;345;96473
cubo;308;3,379851714;144;NOM;cubo;430;15587
rivolgermi;308;3,379851714;293;VER;rivolgersi;3540;268017
tirerà;308;3,379851714;296;VER;tirare;24696;219380
lascerebbe;308;3,379851714;291;VER;lasciare;153939;239604
Bear;0;3,379851714;124;NOM;<unknown>;4511888;492540
Dubois;0;3,378443951;65;NOM;<unknown>;4511888;178957
Cory;0;3,378443951;41;NOM;<unknown>;4511888;58381
Chandler;0;3,378443951;109;NOM;<unknown>;4511888;126223
Islam;307;3,378443951;111;NOM;islam;307;355876
culture;307;3,378443951;241;NOM;cultura;1859;27433
Mozart;0;3,378443951;157;NPR;Mozart;307;428077
mettile;307;3,378443951;278;VER;mettere;124577;164921
marce;0;3,378443951;247;ADJ;marcio;977;281152
rivuole;0;3,378443951;280;VER;rivolgere;2024;445251
Maddie;0;3,378443951;67;NPR;Maddie;4511888;153172
infastidisce;307;3,378443951;283;VER;infastidire;1372;190065
tuori;0;3,378443951;47;NOM;tuorio;307;101496
bruciature;307;3,378443951;216;NOM;bruciatura;457;40835
Ugh;0;3,378443951;218;INT;ugh;4511888;132997
cavartela;307;3,378443951;293;VER;cavare;5782;227729
paia;0;3,378443951;257;VER;parere;17314;219031
Tobias;0;3,378443951;84;NPR;Tobias;4511888;495018
spontaneamente;307;3,378443951;275;ADV;spontaneamente;307;398767
Coleman;0;3,378443951;94;NPR;Coleman;4511888;499119
suggerisci;307;3,378443951;291;VER;suggerire;5088;160179
sigillato;307;3,378443951;274;VER;sigillare;1259;117683
annoiando;307;3,378443951;290;VER;annoiare;2683;504767
donatori;307;3,378443951;194;NOM;donatore;1118;299216
Davide;0;3,378443951;125;NPR;Davide;4511888;41437
esposta;307;3,378443951;267;ADJ;esposto;2341;160993
Derrick;0;3,378443951;89;NOM;derrick;307;181738
meteo;306;3,37703161;212;NOM;meteo;206355;285706
sopravvento;306;3,37703161;282;NOM;sopravvento;306;214287
riciclaggio;306;3,37703161;236;NOM;riciclaggio;306;374809
Memorial;306;3,37703161;206;NOM;memoriale;4511888;375583
innervosire;306;3,37703161;276;VER;innervosire;1092;488257
dispiacere;306;3,37703161;279;VER;dispiacere;72103;359492
finitela;306;3,37703161;252;VER;finire;80815;153163
'60;0;3,37703161;240;NOM;<unknown>;4511888;249931
nutrire;306;3,37703161;264;VER;nutrire;2378;156496
anormale;306;3,37703161;229;ADJ;anormale;270;82259
viaggiano;306;3,37703161;273;VER;viaggiare;4816;296023
prelievo;306;3,37703161;250;NOM;prelievo;434;163420
abitare;306;3,37703161;266;VER;abitare;4013;21343
Ryder;0;3,37703161;91;NOM;<unknown>;4511888;295007
buttarti;306;3,37703161;294;VER;buttare;15440;458868
velluto;306;3,37703161;242;NOM;velluto;272;428416
maniglia;306;3,37703161;251;NOM;maniglia;422;306060
cespuglio;306;3,37703161;242;NOM;cespuglio;689;325526
adios;0;3,37703161;231;NOM;<unknown>;4511888;236184
Edie;0;3,37703161;68;NPR;Edie;4511888;440735
completata;306;3,37703161;255;VER;completare;2423;360869
storta;306;3,37703161;271;ADJ;storto;908;289452
passera;306;3,37703161;205;NOM;passero;592;400815
incarichi;306;3,37703161;274;NOM;incarico;2542;484275
fasi;306;3,37703161;261;NOM;fase;2887;224707
vecchietta;306;3,37703161;241;NOM;vecchietta;847;510147
Tiger;0;3,37703161;133;NOM;<unknown>;4511888;279499
intralcio;306;3,37703161;281;NOM;intralcio;364;254425
messinscena;306;3,37703161;266;NOM;messinscena;313;167157
conclusa;305;3,375614661;287;VER;concludere;3466;121093
òneill;0;3,375614661;80;NOM;<unknown>;4511888;388620
consumo;305;3,375614661;226;NOM;consumo;387;252943
Alexandra;0;3,375614661;103;NPR;Alexandra;4511888;206097
stagioni;305;3,375614661;230;NOM;stagione;5356;197142
scoppiato;305;3,375614661;274;VER;scoppiare;2537;269354
Spettri;305;3,375614661;102;NOM;spettro;815;128306
vincerai;305;3,375614661;257;VER;vincere;25149;28213
Bryant;0;3,375614661;111;NPR;Bryant;4511888;176193
give;0;3,375614661;130;ADJ;<unknown>;206355;152902
Sybil;0;3,375614661;49;NPR;Sybil;4511888;359500
Ay;0;3,375614661;152;NOM;<unknown>;4511888;508236
rimetta;305;3,375614661;275;VER;rimettere;8013;147536
credenziali;305;3,375614661;253;NOM;credenziale;260;457043
ignorando;305;3,375614661;285;VER;ignorare;4370;420180
mccarthy;0;3,375614661;93;NPR;McCarthy;4511888;411479
motocicletta;305;3,375614661;223;NOM;motocicletta;372;415833
Sacramento;0;3,375614661;197;NPR;Sacramento;330;363879
gialle;305;3,375614661;250;ADJ;giallo;2513;221806
donazioni;305;3,375614661;247;NOM;donazione;847;517232
sarto;305;3,375614661;225;NOM;sarto;339;63601
Kira;0;3,375614661;47;NPR;Kira;4511888;216692
pagarlo;0;3,375614661;282;VER;pagare;31598;161919
rianimazione;305;3,375614661;235;NOM;rianimazione;306;386688
ciglia;305;3,375614661;245;NOM;ciglio;719;492935
yoghurt;305;3,375614661;269;NOM;yogurt;4511888;363911
isolare;305;3,375614661;274;VER;isolare;2208;58254
unirvi;305;3,375614661;287;VER;unirsi;8491;42403
Federico;0;3,375614661;68;NPR;Federico;305;61355
parlante;305;3,375614661;200;ADJ;parlante;324;300717
vocali;305;3,375614661;247;NOM;vocale;714;161483
Abu;0;3,375614661;96;NOM;<unknown>;4511888;132820
emicrania;305;3,375614661;227;NOM;emicrania;434;86239
Head;0;3,375614661;170;NOM;<unknown>;4511888;461288
punte;305;3,375614661;260;NOM;punta;2040;138216
rimetterti;305;3,375614661;292;VER;rimettere;8013;48363
preparano;305;3,375614661;289;VER;preparare;21904;325358
Trinity;0;3,375614661;77;NOM;<unknown>;4511888;371188
inizialmente;304;3,374193074;272;ADV;inizialmente;304;364309
storpio;304;3,374193074;204;NOM;storpio;247;351000
trecento;304;3,374193074;246;ADJ;trecento;228;338981
mania;304;3,374193074;248;NOM;mania;487;213557
ball;0;3,374193074;164;NOM;<unknown>;4511888;406842
riproduzione;304;3,374193074;234;NOM;riproduzione;331;378175
strangolato;304;3,374193074;234;VER;strangolare;1236;470340
proseguiamo;304;3,374193074;279;VER;proseguire;2425;173893
raccapricciante;304;3,374193074;256;ADJ;raccapricciante;353;255558
deludere;304;3,374193074;291;VER;deludere;4706;35410
titolare;304;3,374193074;208;NOM;titolare;320;423253
fenomeni;304;3,374193074;216;NOM;fenomeno;1262;450153
prenderete;304;3,374193074;276;VER;prendere;214434;60265
Kemp;0;3,374193074;50;NOM;<unknown>;4511888;65648
gratuito;304;3,374193074;260;ADJ;gratuito;807;281205
dritte;0;3,374193074;248;ADJ;dritto;4407;3199
rifletti;304;3,374193074;272;VER;riflettere;3349;2183
fette;304;3,374193074;271;NOM;fetta;1222;355209
manicure;304;3,374193074;265;NOM;manicure;304;138380
scontare;304;3,374193074;262;VER;scontare;1425;196001
compatibili;304;3,374193074;248;ADJ;compatibile;762;100515
Kerry;0;3,374193074;67;NOM;<unknown>;4511888;327336
versa;304;3,374193074;255;VER;versare;2532;221116
esprimi;304;3,374193074;246;VER;esprimere;3487;4038
deserta;304;3,374193074;242;ADJ;deserto;804;483023
diabolico;304;3,374193074;250;ADJ;diabolico;547;352463
sugo;304;3,374193074;217;NOM;sugo;312;96975
ridicoli;304;3,374193074;285;ADJ;ridicolo;6301;442831
fieno;304;3,374193074;175;NOM;fieno;304;365269
fidano;304;3,374193074;260;VER;fidare;17163;9436
rubo;304;3,374193074;280;VER;rubare;19463;425182
Ridge;0;3,374193074;140;NOM;<unknown>;4511888;414201
costola;303;3,372766818;228;NOM;costola;1128;181269
ritornata;303;3,372766818;276;VER;ritornare;8097;191512
Angus;0;3,372766818;79;NOM;<unknown>;4511888;14112
Shepard;0;3,372766818;67;NOM;<unknown>;4511888;438306
special;0;3,372766818;215;NOM;special;303;265784
Astrid;0;3,372766818;86;NPR;Astrid;303;151360
traditrice;303;3,372766818;242;NOM;traditore;668;374358
rivolgersi;303;3,372766818;282;VER;rivolgersi;3540;181590
Esteri;303;3,372766818;193;NOM;estero;292;146784
Hobbs;0;3,372766818;52;NPR;Hobbs;4511888;226400
favorito;303;3,372766818;261;NOM;favorito;229;308597
promuovere;303;3,372766818;269;VER;promuovere;1447;62591
pesos;0;3,372766818;105;NOM;<unknown>;4511888;194179
esattezza;303;3,372766818;294;NOM;esattezza;304;242568
pallacanestro;303;3,372766818;162;NOM;pallacanestro;303;127882
Sharpe;0;3,372766818;16;NOM;<unknown>;4511888;152973
concedere;303;3,372766818;280;VER;concedere;4735;252306
remoto;303;3,372766818;252;ADJ;remoto;692;154778
spente;303;3,372766818;259;VER;spegnere;4285;122010
servitù;303;3,372766818;213;NOM;servitù;303;93099
immensa;303;3,372766818;271;ADJ;immenso;915;394678
mancherebbe;303;3,372766818;264;VER;mancare;21146;156870
briciole;303;3,372766818;259;NOM;briciola;443;140521
ripetutamente;303;3,372766818;282;ADV;ripetutamente;303;511213
superstar;303;3,372766818;206;NOM;superstar;303;255987
Gillian;0;3,372766818;82;NOM;<unknown>;4511888;332284
assicurativa;302;3,371335863;230;ADJ;assicurativo;543;464646
mademoiselle;0;3,371335863;151;NOM;<unknown>;4511888;371207
costringe;302;3,371335863;287;VER;costringere;7573;20241
visitatore;302;3,371335863;232;NOM;visitatore;1091;49431
calzino;302;3,371335863;216;NOM;calzino;1233;515869
Bangkok;0;3,371335863;119;NPR;Bangkok;302;7736
alluminio;302;3,371335863;223;NOM;alluminio;302;425535
leggerla;302;3,371335863;261;VER;leggere;24226;296007
pelato;302;3,371335863;228;NOM;pelato;127;146767
Annabelle;0;3,371335863;63;NOM;<unknown>;4511888;424537
provata;302;3,371335863;277;VER;provare;60980;108383
convention;0;3,371335863;199;NOM;<unknown>;4511888;287861
interferenze;302;3,371335863;242;NOM;interferenza;664;434555
Jeanne;0;3,371335863;64;NPR;Jeanne;302;375165
prendersela;302;3,371335863;279;VER;prendersi;214434;105087
todo;0;3,371335863;53;NOM;<unknown>;4511888;507520
scava;302;3,371335863;234;VER;scavare;3110;109954
separa;302;3,371335863;269;VER;separare;4548;173959
espansione;302;3,371335863;237;NOM;espansione;306;296338
previdenza;302;3,371335863;241;NOM;previdenza;304;7099
tenerle;0;3,371335863;287;VER;tenere;79315;974
crampi;302;3,371335863;244;NOM;crampo;486;227539
appendere;302;3,371335863;276;VER;appendere;2378;52691
portino;302;3,371335863;281;NOM;portino;115105;274134
Voyager;0;3,371335863;48;NOM;<unknown>;4511888;158422
Daily;0;3,371335863;183;NOM;<unknown>;4511888;247259
controllarti;302;3,371335863;286;VER;controllare;28942;280047
riscuotere;301;3,369900177;262;VER;riscuotere;632;120580
gonfio;301;3,369900177;264;ADJ;gonfio;871;133898
clandestini;301;3,369900177;217;ADJ;clandestino;696;479754
frustrazione;301;3,369900177;273;NOM;frustrazione;363;320014
fidata;301;3,369900177;283;ADJ;fidato;17163;401183
riuscivi;301;3,369900177;286;VER;riuscire;84728;482341
convincerli;301;3,369900177;287;VER;convincere;13208;422194
lasciai;301;3,369900177;256;VER;lasciare;153939;142137
trattamenti;301;3,369900177;248;NOM;trattamento;1805;82749
98;0;3,369900177;243;NUM;@card@;412838;501083
torce;301;3,369900177;253;NOM;torcia;1116;141918
infrarossi;301;3,369900177;215;ADJ;infrarosso;358;324194
farmene;301;3,369900177;294;VER;fare;1151883;464750
spaventano;301;3,369900177;273;VER;spaventare;13560;71025
Tennessee;0;3,369900177;167;NPR;Tennessee;4511888;463475
Higgins;0;3,369900177;68;NOM;<unknown>;4511888;482675
Vladimir;0;3,369900177;107;NPR;Vladimir;301;30072
Camden;0;3,369900177;114;NOM;<unknown>;4511888;59789
recitando;301;3,369900177;267;VER;recitare;3171;320151
garanzie;301;3,369900177;262;NOM;garanzia;1160;106664
meritare;301;3,369900177;285;VER;meritare;9022;456362
Building;0;3,369900177;196;NOM;<unknown>;4511888;121273
concepito;301;3,369900177;258;VER;concepire;799;110522
decomposizione;301;3,369900177;226;NOM;decomposizione;301;427465
capro;301;3,369900177;247;NOM;capro;465;212683
Rambo;0;3,369900177;132;NPR;Rambo;4511888;41937
vedevamo;301;3,369900177;277;VER;vedere;328947;1748
Reilly;0;3,369900177;86;NOM;<unknown>;4511888;149721
osate;301;3,369900177;257;VER;osare;4523;278765
rendersi;301;3,369900177;285;VER;rendere;31903;353263
concordato;300;3,36845973;266;VER;concordare;1538;509187
angolazione;300;3,36845973;254;NOM;angolazione;361;71945
utilità;300;3,36845973;272;NOM;utilità;300;314635
Terrence;0;3,36845973;88;NPR;Terrence;4511888;49432
perbene;300;3,36845973;231;ADJ;perbene;241;291098
London;0;3,36845973;181;NPR;London;300;445738
puntini;300;3,36845973;190;NOM;puntino;481;21294
Emilio;0;3,36845973;82;NPR;Emilio;300;210227
abbaia;300;3,36845973;181;VER;abbaiare;846;382773
contattarlo;300;3,36845973;275;VER;contattare;5521;351290
ridare;300;3,36845973;280;VER;ridare;3816;253759
venni;300;3,36845973;269;VER;venire;229884;124223
abortire;300;3,36845973;202;VER;abortire;579;192332
collegamenti;300;3,36845973;265;NOM;collegamento;2105;415821
distruggi;300;3,36845973;252;VER;distruggere;16097;73819
identiche;300;3,36845973;266;ADJ;identico;1533;154470
oramai;0;3,36845973;245;ADV;oramai;300;82032
acquirente;300;3,36845973;229;NOM;acquirente;442;191601
Spears;0;3,36845973;95;NPR;Spears;4511888;177014
estiva;300;3,36845973;227;ADJ;estivo;1060;31876
ordinario;300;3,36845973;265;ADJ;ordinario;595;66457
identificarlo;0;3,36845973;271;VER;identificare;4981;415135
debbo;300;3,36845973;175;VER;dovere;300;357025
accettano;300;3,36845973;279;VER;accettare;15455;32952
annegare;300;3,36845973;264;VER;annegare;1257;339644
nativi;300;3,36845973;189;NOM;nativo;323;188354
abitazione;300;3,36845973;264;NOM;abitazione;434;385750
scoop;300;3,36845973;209;NOM;scoop;300;394231
chic;299;3,367014489;248;ADJ;chic;260;392200
sputo;299;3,367014489;233;NOM;sputo;398;461329
Foley;0;3,367014489;50;NOM;<unknown>;4511888;167701
Cartwright;0;3,367014489;97;NPR;Cartwright;4511888;363553
chiamasse;299;3,367014489;286;VER;chiamare;133592;362532
aspettarlo;299;3,367014489;282;VER;aspettare;116636;161069
descrive;299;3,367014489;265;VER;descrivere;3386;124207
Albuquerque;0;3,367014489;141;NPR;Albuquerque;4511888;510259
Massachusetts;0;3,367014489;187;NPR;Massachusetts;4511888;361533
sostanzialmente;299;3,367014489;256;ADV;sostanzialmente;299;278338
liste;299;3,367014489;252;NOM;lista;10289;459591
femminucce;299;3,367014489;257;NOM;femminuccia;1179;259406
installare;299;3,367014489;266;VER;installare;1131;259449
protestare;299;3,367014489;246;VER;protestare;680;457596
Mad;0;3,367014489;174;NOM;<unknown>;4511888;236927
maionese;299;3,367014489;221;NOM;maionese;299;456066
identikit;299;3,367014489;196;NOM;identikit;299;137615
herpes;299;3,367014489;186;NOM;herpes;299;327568
antiquariato;299;3,367014489;226;NOM;antiquariato;299;26008
collezionista;299;3,367014489;229;NOM;collezionista;419;41123
trucchetti;299;3,367014489;262;NOM;trucchetto;4511888;335282
Whitman;0;3,367014489;106;NPR;Whitman;4511888;111539
ste;0;3,367014489;190;VER;<unknown>;1069550;377271
testate;299;3,367014489;191;NOM;testata;560;265404
pagarla;0;3,367014489;277;VER;pagare;31598;457662
Ro;0;3,367014489;91;NOM;<unknown>;4511888;160453
strappata;299;3,367014489;275;ADJ;strappato;3723;379845
andrebbero;299;3,367014489;277;VER;andare;641883;341191
processato;299;3,367014489;268;VER;processare;719;411592
ahimè;299;3,367014489;198;INT;ahimè;299;150750
sottovalutato;299;3,367014489;271;ADJ;sottovalutato;1203;325089
barbari;299;3,367014489;175;NOM;barbaro;1772;232946
lanciata;299;3,367014489;254;VER;lanciare;6249;111091
fallita;299;3,367014489;262;ADJ;fallito;997;478196
Berry;0;3,367014489;135;NOM;<unknown>;4511888;149750
carnevale;299;3,367014489;180;NOM;carnevale;302;512760
portarsi;299;3,367014489;291;VER;portare;115105;343801
abitava;299;3,367014489;266;VER;abitare;4013;116730
pupille;298;3,365564423;248;NOM;pupilla;430;27394
valgo;298;3,365564423;275;VER;valere;639;264979
chissene;298;3,365564423;235;INT;chissene;1069550;264986
insolente;298;3,365564423;264;ADJ;insolente;336;329501
Wisconsin;0;3,365564423;186;NPR;Wisconsin;4511888;71967
lt;0;3,365564423;32;VER;<unknown>;1069550;349986
datore;298;3,365564423;248;NOM;datore;412;143914
baccano;298;3,365564423;239;NOM;baccano;298;465461
otterrà;298;3,365564423;281;VER;ottenere;14689;180280
prendile;298;3,365564423;238;VER;prendere;214434;205630
specchietto;298;3,365564423;243;NOM;specchietto;362;49988
operativi;298;3,365564423;239;ADJ;operativo;1610;406344
where;0;3,365564423;141;NOM;<unknown>;4511888;437320
tracciare;298;3,365564423;260;VER;tracciare;1411;37961
Sharp;0;3,365564423;76;NOM;<unknown>;4511888;356428
Devlin;0;3,365564423;72;NOM;<unknown>;4511888;238163
ascoltata;298;3,365564423;267;VER;ascoltare;55142;413290
crosta;298;3,365564423;229;NOM;crosta;361;274795
formano;298;3,365564423;259;VER;formare;2501;235883
servite;298;3,365564423;274;VER;servire;63151;93036
essenzialmente;298;3,365564423;249;ADV;essenzialmente;298;461936
Joo;0;3,365564423;24;NOM;<unknown>;4511888;340090
Lima;298;3,365564423;149;NPR;Lima;542;103804
apice;298;3,365564423;251;NOM;apice;299;375939
separi;298;3,365564423;229;VER;separare;4548;173956
Wilfred;0;3,365564423;49;NOM;<unknown>;4511888;434314
feel;0;3,365564423;128;NOM;<unknown>;4511888;46480
camionista;298;3,365564423;215;NOM;camionista;471;63634
giudicarmi;298;3,365564423;274;VER;giudicare;4662;233620
concentrare;298;3,365564423;274;VER;concentrare;6306;177044
desolata;298;3,365564423;267;ADJ;desolato;623;515240
guardò;298;3,365564423;259;VER;guardare;111656;332978
pianista;298;3,365564423;173;NOM;pianista;320;243907
gnocca;298;3,365564423;213;NOM;gnocca;4511888;463812
copiato;298;3,365564423;245;VER;copiare;1097;333514
lavorerà;298;3,365564423;269;VER;lavorare;53195;23499
confido;298;3,365564423;280;VER;confidare;1315;125149
rassicurante;298;3,365564423;279;ADJ;rassicurante;762;140523
ciccia;298;3,365564423;203;NOM;ciccia;298;184302
presenterò;298;3,365564423;283;VER;presentare;13800;339697
infermieri;298;3,365564423;204;NOM;infermiere;5135;19953
emette;298;3,365564423;239;VER;emettere;1495;424952
Wordy;0;3,365564423;50;NOM;<unknown>;4511888;361722
progettata;297;3,364109498;250;VER;progettare;2435;339716
avvenimenti;297;3,364109498;267;NOM;avvenimento;504;215323
riguardanti;297;3,364109498;276;VER;riguardare;11291;264220
contrasto;297;3,364109498;241;NOM;contrasto;369;411936
Castro;0;3,364109498;129;NOM;castro;299;298788
immerso;297;3,364109498;279;ADJ;immerso;941;71721
notaio;297;3,364109498;125;NOM;notaio;332;27945
zingari;297;3,364109498;130;NOM;zingaro;677;499243
Noel;0;3,364109498;88;NOM;<unknown>;4511888;16175
condivido;297;3,364109498;280;VER;condividere;5074;358195
Torchwood;0;3,364109498;39;NOM;<unknown>;4511888;144194
controllarla;297;3,364109498;278;VER;controllare;28942;65614
appoggiato;297;3,364109498;281;VER;appoggiare;2132;337236
Geordi;0;3,364109498;89;NPR;Geordi;4511888;464988
car;0;3,364109498;178;VER;<unknown>;1069550;224876
gratuita;297;3,364109498;243;ADJ;gratuito;807;281200
riunire;297;3,364109498;272;VER;riunire;2739;56959
esilarante;297;3,364109498;261;ADJ;esilarante;323;97412
plastico;297;3,364109498;225;ADJ;plastico;579;285831
andiamoci;297;3,364109498;271;VER;andare;641883;59276
Jumper;0;3,364109498;64;NOM;<unknown>;4511888;48271
rispettano;297;3,364109498;269;VER;rispettare;6472;144531
Ìuomo;0;3,364109498;179;NOM;<unknown>;4511888;403626
immigrati;297;3,364109498;221;NOM;immigrato;355;62131
140;0;3,364109498;242;NUM;@card@;412838;331961
spengo;297;3,364109498;260;VER;spegnere;4285;183996
59;0;3,364109498;210;NUM;@card@;412838;399807
debitore;297;3,364109498;257;NOM;debitore;370;233153
decidiamo;297;3,364109498;281;VER;decidere;25516;318149
divide;297;3,364109498;262;VER;dividere;5373;338889
prescelto;297;3,364109498;139;NOM;prescelto;386;275401
fargliela;297;3,364109498;277;VER;fare;1151883;170706
bluff;297;3,364109498;232;NOM;bluff;297;390363
presentarle;297;3,364109498;265;VER;presentare;13800;424161
guance;297;3,364109498;259;NOM;guancia;865;420848
brutalmente;297;3,364109498;275;ADV;brutalmente;297;377586
idromassaggio;297;3,364109498;180;NOM;idromassaggio;4511888;73973
Ronon;0;3,362649684;52;NOM;<unknown>;4511888;75266
Mode;0;3,362649684;91;NOM;moda;3088;132104
Lowell;0;3,362649684;59;NPR;Lowell;4511888;64016
tornerete;296;3,362649684;267;VER;tornare;92785;458002
lnghilterra;0;3,362649684;147;NPR;Inghilterra;1069550;302102
indovino;296;3,362649684;210;NOM;indovino;1480;59173
Muriel;0;3,362649684;31;NPR;Muriel;4511888;57144
venditori;296;3,362649684;231;NOM;venditore;970;195671
impeccabile;296;3,362649684;275;ADJ;impeccabile;356;220006
Pia;0;3,362649684;99;NOM;<unknown>;4511888;126324
conteneva;296;3,362649684;272;VER;contenere;3513;30070
indipendentemente;296;3,362649684;274;ADV;indipendentemente;296;462967
Magda;0;3,362649684;49;NPR;Magda;296;84347
esporre;296;3,362649684;273;VER;esporre;2341;250500
Pacey;0;3,362649684;26;NOM;<unknown>;4511888;76933
Tong;0;3,362649684;48;NPR;Tong;4511888;178063
Storm;0;3,362649684;123;NOM;<unknown>;4511888;118416
Springfield;0;3,362649684;131;NPR;Springfield;4511888;27802
valuta;296;3,362649684;222;NOM;valuta;298;239264
102;0;3,362649684;116;NUM;@card@;412838;427685
capirò;296;3,362649684;280;VER;capire;130245;9908
elmetto;296;3,362649684;185;NOM;elmetto;352;373447
tagliarmi;296;3,362649684;271;VER;tagliare;12445;443341
letali;296;3,362649684;246;ADJ;letale;1187;465359
Wilder;0;3,362649684;73;NOM;<unknown>;4511888;213199
bisognerà;296;3,362649684;260;VER;bisognare;10446;255198
anomalie;296;3,362649684;208;NOM;anomalia;747;15076
sorrisi;296;3,362649684;255;NOM;sorriso;2604;73708
inquilino;296;3,362649684;208;NOM;inquilino;681;515322
guardarci;0;3,362649684;275;VER;guardare;111656;86012
2005;0;3,361184945;229;NUM;@card@;412838;188160
imperdonabile;295;3,361184945;268;ADJ;imperdonabile;336;64518
Natalia;0;3,361184945;77;NOM;<unknown>;4511888;222983
discorsetto;295;3,361184945;252;NOM;discorso;4511888;101135
barzellette;295;3,361184945;214;NOM;barzelletta;1027;64280
amarla;295;3,361184945;264;VER;amare;46084;505375
fradicio;295;3,361184945;271;ADJ;fradicio;485;113444
promettermi;295;3,361184945;278;VER;promettere;19626;182564
misi;295;3,361184945;261;VER;mettere;124577;442162
iniettato;295;3,361184945;241;VER;iniettare;972;235059
prendiamoci;295;3,361184945;283;VER;prendersi;214434;450621
Slater;0;3,361184945;76;NPR;Slater;4511888;352327
Arrivederla;295;3,361184945;181;INT;arrivederla;259;122451
torturare;295;3,361184945;271;VER;torturare;2284;363607
Eduardo;0;3,361184945;98;NPR;Eduardo;295;500314
ottava;295;3,361184945;232;ADJ;ottavo;571;504931
doppi;295;3,361184945;267;ADJ;doppio;3803;420714
stronze;295;3,361184945;240;NOM;stronza;14743;56428
raggiungeremo;295;3,361184945;266;VER;raggiungere;11803;42616
saldare;295;3,361184945;265;VER;saldare;645;491399
73;0;3,361184945;220;NUM;@card@;412838;110995
Sandro;0;3,361184945;32;NPR;Sandro;295;47776
svitato;295;3,361184945;245;VER;svitare;296;469922
Maometto;0;3,361184945;85;NPR;Maometto;4511888;388534
neurale;295;3,361184945;155;ADJ;neurale;447;438203
Basil;0;3,361184945;44;NOM;<unknown>;4511888;90053
becchi;295;3,361184945;272;VER;beccare;6929;295621
scultura;295;3,361184945;173;NOM;scultura;452;381137
contiamo;295;3,361184945;272;VER;contare;9797;171231
lucchetto;295;3,361184945;223;NOM;lucchetto;378;1250
bionde;295;3,361184945;238;ADJ;biondo;970;3556
aggressività;295;3,361184945;238;NOM;aggressività;295;393195
Corinne;0;3,361184945;50;NOM;<unknown>;4511888;258796
briciolo;295;3,361184945;268;NOM;briciolo;296;140528
inquilini;295;3,361184945;209;NOM;inquilino;681;515324
norme;294;3,35971525;234;NOM;norma;1285;296969
bloccando;294;3,35971525;275;VER;bloccare;9491;501513
tirocinante;294;3,35971525;170;NOM;tirocinante;326;114964
vettura;294;3,35971525;185;NOM;vettura;352;248090
fenomenale;294;3,35971525;266;ADJ;fenomenale;340;453667
agganciato;294;3,35971525;236;VER;agganciare;922;197673
perdonate;294;3,35971525;247;VER;perdonare;11218;480557
prosperità;294;3,35971525;217;NOM;prosperità;294;255792
senape;294;3,35971525;205;NOM;senape;232;455989
psichiatrica;294;3,35971525;225;ADJ;psichiatrico;1066;186427
slitta;294;3,35971525;171;NOM;slitta;309;147260
venirne;294;3,35971525;277;VER;venire;229884;292670
toccarti;294;3,35971525;262;VER;toccare;21210;107603
tendenze;294;3,35971525;247;NOM;tendenza;762;64087
impossibili;294;3,35971525;269;ADJ;impossibile;7605;358746
prematrimoniale;294;3,35971525;160;ADJ;prematrimoniale;312;270185
piaga;294;3,35971525;252;NOM;piaga;450;284522
ío;0;3,35971525;120;NOM;<unknown>;4511888;386926
ufo;294;3,35971525;119;NOM;ufo;371;171902
incantato;294;3,35971525;255;VER;incantare;542;139903
assumo;294;3,35971525;274;VER;assumere;7947;153731
immorale;294;3,35971525;239;ADJ;immorale;354;155012
giuri;294;3,35971525;253;VER;giurare;229;107141
convinzioni;294;3,35971525;223;NOM;convinzione;733;103839
Gino;0;3,35971525;75;NPR;Gino;294;60584
consente;294;3,35971525;270;VER;consentire;1456;323505
brindare;294;3,35971525;258;VER;brindare;1238;128957
bilancia;294;3,35971525;220;NOM;bilancia;297;423110
vatti;294;3,35971525;269;VER;andare;1069550;500184
accogliere;294;3,35971525;279;VER;accogliere;2091;163035
rare;0;3,35971525;248;ADJ;raro;2460;402909
perderei;294;3,35971525;284;VER;perdere;68537;72681
riaprire;294;3,35971525;237;VER;riaprire;1043;217066
comprarla;294;3,35971525;269;VER;comprare;26675;108781
terzi;294;3,35971525;219;NOM;terzo;536;419056
significasse;293;3,358240565;284;VER;significare;29587;240898
‹;0;3,358240565;4;NOM;<unknown>;4511888;10755
Zedd;0;3,358240565;35;NPR;Zedd;4511888;254211
aldo;0;3,358240565;3;NPR;Aldo;4511888;52747
omaggi;293;3,358240565;243;NOM;omaggio;673;195868
rovinarti;293;3,358240565;283;VER;rovinare;11338;493103
cantate;293;3,358240565;217;VER;cantare;10702;191279
colpirà;293;3,358240565;255;VER;colpire;19652;214072
riattaccare;293;3,358240565;253;VER;riattaccare;1169;184889
sudando;293;3,358240565;265;VER;sudare;1538;268105
ebraico;293;3,358240565;191;ADJ;ebraico;446;155467
ripensandoci;293;3,358240565;274;VER;ripensare;1946;135762
tireremo;293;3,358240565;270;VER;tirare;24696;361088
unghia;293;3,358240565;230;NOM;unghia;1820;91521
menzionare;293;3,358240565;282;VER;menzionare;1271;280713
modifica;293;3,358240565;257;NOM;modifica;620;78220
720;0;3,358240565;285;NUM;@card@;412838;443794
Fritz;0;3,358240565;103;NOM;<unknown>;4511888;300698
risparmiami;293;3,358240565;261;VER;risparmiare;4979;40101
Geoff;0;3,358240565;54;NPR;Geoff;293;400552
provenire;293;3,358240565;276;VER;provenire;4051;40874
consegno;293;3,358240565;266;VER;consegnare;7449;306871
trasformarsi;293;3,358240565;259;VER;trasformarsi;7282;484027
coperchio;293;3,358240565;245;NOM;coperchio;342;304840
fortissimo;293;3,358240565;263;ADV;fortissimo;1069550;287440
tagliano;293;3,358240565;266;VER;tagliare;12445;236246
creme;293;3,358240565;205;NOM;crema;293;30680
Milly;0;3,358240565;36;NPR;Milly;4511888;277721
Scarlett;0;3,358240565;61;NPR;Scarlett;4511888;456669
esposti;293;3,358240565;260;VER;esporre;2341;160990
psicopatici;293;3,358240565;251;NOM;psicopatico;621;251360
avvertirti;292;3,356760855;280;VER;avvertire;6677;427010
ciondolo;292;3,356760855;165;NOM;ciondolo;331;135430
sedativi;292;3,356760855;244;NOM;sedativo;397;491784
obbligatorio;292;3,356760855;248;ADJ;obbligatorio;535;509194
avverti;292;3,356760855;275;VER;avvertire;6677;29206
materno;292;3,356760855;242;ADJ;materno;514;261160
nascondino;292;3,356760855;247;NOM;nascondino;292;390957
risentimento;292;3,356760855;260;NOM;risentimento;342;197706
Fringe;0;3,356760855;80;NOM;<unknown>;4511888;313943
solari;292;3,356760855;183;ADJ;solare;1387;263516
Christie;0;3,356760855;100;NPR;Christie;292;395101
Margot;0;3,356760855;37;NOM;<unknown>;4511888;22622
meritiamo;292;3,356760855;273;VER;meritare;9022;163681
pescatori;292;3,356760855;192;NOM;pescatore;491;365168
Dracula;0;3,356760855;122;NPR;Dracula;4511888;109174
Linc;0;3,356760855;78;NOM;<unknown>;4511888;127624
63;0;3,356760855;239;NUM;@card@;412838;174747
ripetuto;292;3,356760855;270;VER;ripetere;8679;15517
conviverci;292;3,356760855;266;VER;convivere;1099;119715
riprenderemo;292;3,356760855;265;VER;riprendere;11395;216262
frequento;292;3,356760855;270;VER;frequentare;4275;200904
transazione;292;3,356760855;237;NOM;transazione;480;10440
convegno;292;3,356760855;175;NOM;convegno;327;190426
sponda;292;3,356760855;230;NOM;sponda;393;117725
rituali;292;3,356760855;213;NOM;rituale;758;484320
orecchi;292;3,356760855;273;NOM;orecchio;2358;265699
disordini;292;3,356760855;230;NOM;disordine;1189;515050
correnti;292;3,356760855;230;NOM;corrente;3426;300023
soffocando;292;3,356760855;251;VER;soffocare;1802;361215
puniti;291;3,355276086;238;VER;punire;3229;321288
tacco;291;3,355276086;225;NOM;tacco;1039;335131
enne;291;3,355276086;235;NOM;enne;291;386592
oppio;291;3,355276086;157;NOM;oppio;289;42019
rilassatevi;291;3,355276086;259;VER;rilassarsi;9394;307748
rimettiamo;291;3,355276086;274;VER;rimmettere;8013;264512
door;0;3,355276086;154;ADJ;<unknown>;206355;324929
muy;0;3,355276086;113;NOM;<unknown>;4511888;12619
allontanando;291;3,355276086;256;VER;allontanare;6848;411472
infettato;291;3,355276086;216;VER;infettare;924;391264
scorpione;291;3,355276086;135;NOM;scorpione;368;68711
allenando;291;3,355276086;252;VER;allenare;3062;343156
capiresti;291;3,355276086;270;VER;capire;130245;131968
prenderebbe;291;3,355276086;285;VER;prendere;214434;37259
granchi;291;3,355276086;164;NOM;granchio;812;464788
aspettativa;291;3,355276086;237;NOM;aspettativa;968;29848
glorioso;291;3,355276086;253;ADJ;glorioso;682;429465
programmazione;291;3,355276086;223;NOM;programmazione;298;139422
ibrido;291;3,355276086;157;NOM;ibrido;252;112039
lasciargli;291;3,355276086;277;VER;lasciare;153939;95159
sospira;291;3,355276086;116;VER;sospirare;645;71629
pompini;291;3,355276086;188;NOM;pompino;4511888;228303
cartoline;291;3,355276086;215;NOM;cartolina;905;478929
meeting;291;3,355276086;211;NOM;meeting;291;225757
Raul;0;3,355276086;58;NPR;Raul;291;171485
Erika;0;3,355276086;71;NPR;Erika;291;140515
latta;291;3,355276086;185;NOM;latta;291;49379
stalle;291;3,355276086;237;NOM;stalla;882;100838
permanenza;291;3,355276086;258;NOM;permanenza;296;222183
Everett;0;3,355276086;70;NOM;<unknown>;4511888;54503
principiante;291;3,355276086;261;NOM;principiante;528;204522
ambito;291;3,355276086;259;NOM;ambito;287;179699
batterista;291;3,355276086;161;NOM;batterista;322;181491
falò;290;3,353786223;203;NOM;falò;290;478481
polare;290;3,353786223;165;ADJ;polare;404;145682
atroce;290;3,353786223;264;ADJ;atroce;409;242968
lasciamolo;290;3,353786223;267;VER;lasciare;153939;235292
utilizzando;290;3,353786223;264;VER;utilizzare;2785;240422
colpisca;290;3,353786223;264;VER;colpire;19652;346922
precedentemente;290;3,353786223;277;ADV;precedentemente;290;361260
otterrò;290;3,353786223;277;VER;ottenere;14689;180273
foreste;290;3,353786223;207;NOM;foresta;2743;116533
scrivete;290;3,353786223;223;VER;scrivere;35110;169021
1500;0;3,353786223;226;NUM;@card@;412838;466755
comment;0;3,353786223;196;NOM;<unknown>;4511888;296267
Parish;0;3,353786223;70;NOM;<unknown>;4511888;344917
omelette;290;3,353786223;211;NOM;omelette;290;433501
Ice;0;3,353786223;158;NPR;Ice;290;223339
affettuoso;290;3,353786223;262;ADJ;affettuoso;554;139629
botola;290;3,353786223;168;NOM;botola;316;184176
Casper;0;3,353786223;81;NOM;<unknown>;4511888;233331
spariamo;290;3,353786223;256;VER;sparare;329;459388
Izzy;0;3,353786223;50;NPR;Izzy;4511888;4484
parare;290;3,353786223;268;VER;parare;1168;334731
copiare;290;3,353786223;226;VER;copiare;1097;189580
Inn;0;3,353786223;191;NOM;<unknown>;4511888;499100
scegliete;290;3,353786223;251;VER;scegliere;22585;277918
scordata;290;3,353786223;268;VER;scordare;4986;427171
Elise;0;3,353786223;53;NOM;<unknown>;4511888;215983
avertelo;290;3,353786223;281;VER;avvertire;2620540;248761
Bette;0;3,353786223;72;NOM;betta;303;333506
tiratelo;290;3,353786223;232;VER;tirare;24696;206290
contengono;290;3,353786223;260;VER;contenere;3513;416219
André;0;3,353786223;55;NPR;André;290;108516
minerale;290;3,353786223;217;ADJ;minerale;232;3048
Dolly;0;3,352291232;89;NPR;Dolly;4511888;268547
crederebbe;289;3,352291232;273;VER;credere;185652;324359
casuali;289;3,352291232;241;ADJ;casuale;938;458011
Mallory;0;3,352291232;42;NPR;Mallory;4511888;487458
Wonder;0;3,352291232;158;NOM;<unknown>;4511888;151844
serpat;0;3,352291232;289;NOM;<unknown>;4511888;488230
attivazione;289;3,352291232;222;NOM;attivazione;291;197161
Brothers;0;3,352291232;191;NPR;Brothers;289;381502
tornavo;289;3,352291232;269;VER;tornare;92785;212033
gettala;289;3,352291232;225;VER;gettare;6651;235330
lavi;289;3,352291232;269;VER;lavare;5927;268120
guardavano;289;3,352291232;266;VER;guardare;111656;212830
sposano;289;3,352291232;255;VER;sposare;27477;318814
amorevole;289;3,352291232;249;ADJ;amorevole;359;476778
bossoli;289;3,352291232;199;NOM;bossolo;480;49772
Linden;0;3,352291232;50;NOM;<unknown>;4511888;262008
maleducata;289;3,352291232;261;ADJ;maleducato;910;373631
strage;289;3,352291232;239;NOM;strage;320;222336
belio;0;3,352291232;84;VER;<unknown>;1069550;356233
generare;289;3,352291232;240;VER;generare;1163;80523
provassi;289;3,352291232;272;VER;provare;60980;37778
eleganza;289;3,352291232;271;NOM;eleganza;289;381842
entusiasti;289;3,352291232;268;NOM;entusiasta;1523;334485
Hazel;0;3,352291232;65;NOM;<unknown>;4511888;2970
gloriosa;289;3,352291232;234;ADJ;glorioso;682;429469
avamposto;289;3,352291232;137;NOM;avamposto;342;453288
rovinerà;289;3,352291232;274;VER;rovinare;11338;395451
stagista;289;3,352291232;197;NOM;stagista;4511888;429763
Ramona;0;3,352291232;34;NPR;Ramona;4511888;178885
informatica;289;3,352291232;220;NOM;informatica;601;369607
spingendo;289;3,352291232;264;VER;spingere;9365;112583
zbz;0;3,352291232;49;NOM;<unknown>;4511888;125131
mancino;289;3,352291232;195;ADJ;mancino;292;221648
Dimitri;0;3,352291232;84;NPR;Dimitri;4511888;32215
addormentare;289;3,352291232;253;VER;addormentare;3670;460249
ritroviamo;289;3,352291232;262;VER;ritrovare;6966;126430
Chico;0;3,352291232;99;NOM;<unknown>;4511888;87537
Vin;0;3,352291232;151;NOM;<unknown>;4511888;513780
trovammo;288;3,350791077;246;VER;trovare;165912;370433
Tobin;0;3,350791077;27;NPR;Tobin;288;88346
altitudine;288;3,350791077;183;NOM;altitudine;306;75557
agita;288;3,350791077;257;VER;agitare;6369;517158
banchieri;288;3,350791077;103;NOM;banchiere;582;515118
Holland;0;3,350791077;103;NPR;Holland;4511888;504121
abbracciato;288;3,350791077;257;VER;abbracciare;3010;426310
'50;0;3,350791077;232;NUM;@card@;4511888;321609
Dot;0;3,350791077;83;NOM;<unknown>;4511888;429898
cruscotto;288;3,350791077;234;NOM;cruscotto;291;317784
milligrammi;288;3,350791077;206;NOM;milligrammo;4511888;46682
passarci;288;3,350791077;277;VER;passare;65203;515681
Alfie;0;3,350791077;47;NOM;<unknown>;4511888;308589
sequestrato;288;3,350791077;250;VER;sequestrare;685;420463
incassare;288;3,350791077;245;VER;incassare;876;406641
stivale;288;3,350791077;185;NOM;stivale;1810;200314
purchè;288;3,350791077;269;CON;purchè;288;262016
bestione;288;3,350791077;204;NOM;bestione;4511888;368261
Anorexorcist;0;3,350791077;283;NOM;<unknown>;4511888;242313
›;0;3,350791077;1;NOM;<unknown>;4511888;332175
impalato;288;3,350791077;267;VER;impalare;569;161938
tutor;288;3,350791077;166;NOM;tutor;4511888;320659
raccontano;288;3,350791077;269;VER;raccontare;16051;162454
cooperazione;288;3,350791077;253;NOM;cooperazione;289;512664
dedicata;288;3,350791077;271;ADJ;dedicato;2973;510885
bigliettino;288;3,350791077;234;NOM;biglietto;4511888;482225
prescrizione;288;3,350791077;220;NOM;prescrizione;376;220082
inutilmente;288;3,350791077;264;ADV;inutilmente;288;488897
sentirete;288;3,350791077;256;VER;sentire;192280;286413
her;0;3,350791077;129;NOM;<unknown>;4511888;34005
imprevisto;288;3,350791077;247;ADJ;imprevisto;341;322520
residuo;288;3,350791077;250;NOM;residuo;584;462304
sdi;0;3,350791077;286;VER;<unknown>;1069550;486116
travestimento;288;3,350791077;233;NOM;travestimento;397;216810
Hermann;0;3,350791077;36;NPR;Hermann;4511888;414457
pilø;0;3,349285722;231;NOM;<unknown>;4511888;106240
informarla;287;3,349285722;261;VER;informare;5407;268033
torture;0;3,349285722;233;NOM;tortura;1311;51201
Weston;0;3,349285722;102;NOM;<unknown>;4511888;201219
arance;287;3,349285722;202;NOM;arancia;977;116247
cuffie;287;3,349285722;220;NOM;cuffia;437;177457
temperature;0;3,349285722;230;NOM;temperatura;2022;482866
banchiere;287;3,349285722;189;NOM;banchiere;582;515124
Berkeley;0;3,349285722;148;NPR;Berkeley;4511888;393790
sovraccarico;287;3,349285722;198;NOM;sovraccarico;272;448319
Dobbs;0;3,349285722;31;NPR;Dobbs;4511888;34379
tornino;287;3,349285722;269;NOM;tornino;92785;56141
discutiamo;287;3,349285722;268;VER;discutere;7409;465230
tartarughe;287;3,349285722;158;NOM;tartaruga;1003;29781
Josè;0;3,349285722;74;NOM;<unknown>;4511888;501851
lucertola;287;3,349285722;185;NOM;lucertola;379;500064
autodifesa;287;3,349285722;217;NOM;autodifesa;287;269673
Sicilia;0;3,349285722;107;NPR;Sicilia;287;259689
mix;287;3,349285722;228;NOM;mix;4511888;107886
ricorrere;287;3,349285722;275;VER;ricorrere;626;330363
soddisfacente;287;3,349285722;261;ADJ;soddisfacente;331;197505
inviando;287;3,349285722;264;VER;inviare;4934;297108
cordone;287;3,349285722;199;NOM;cordone;314;100772
preoccupante;287;3,349285722;270;ADJ;preoccupante;347;72108
inconveniente;287;3,349285722;248;ADJ;inconveniente;266;415667
fallisce;287;3,349285722;263;VER;fallire;4117;302774
succhi;287;3,349285722;227;VER;succhiare;230;61884
addetti;287;3,349285722;248;NOM;addetto;469;282564
lan;0;3,349285722;67;NOM;<unknown>;4511888;505306
continueranno;287;3,349285722;263;VER;continuare;33215;421598
Caraibi;0;3,349285722;214;NPR;Caraibi;287;316894
aspirante;287;3,349285722;238;ADJ;aspirante;241;23263
buche;287;3,349285722;222;NOM;buca;1844;16096
popolarità;287;3,349285722;232;NOM;popolarità;287;22244
Yoon;0;3,349285722;52;NOM;<unknown>;4511888;237798
ologrammi;287;3,349285722;98;NOM;ologramma;446;208117
Webster;0;3,349285722;82;NOM;<unknown>;4511888;324085
procurare;287;3,349285722;274;VER;procurare;4574;427256
Carver;0;3,349285722;82;NOM;<unknown>;4511888;268028
Malibu;0;3,347775131;160;NPR;Malibu;4511888;4864
docce;286;3,347775131;235;NOM;doccia;3998;350725
bronzo;286;3,347775131;218;NOM;bronzo;294;94998
memorabile;286;3,347775131;255;ADJ;memorabile;323;436766
stendere;286;3,347775131;264;VER;stendere;2924;168768
virgola;286;3,347775131;207;NOM;virgola;298;58945
eventuali;286;3,347775131;260;ADJ;eventuale;404;286280
dividiamoci;286;3,347775131;262;VER;dividere;5373;207434
virile;286;3,347775131;243;ADJ;virile;339;428367
accusati;286;3,347775131;236;VER;accusare;6009;379236
Flack;0;3,347775131;93;NOM;<unknown>;4511888;6780
abituale;286;3,347775131;265;ADJ;abituale;453;481410
camminava;286;3,347775131;252;VER;camminare;10027;228237
gt;0;3,347775131;41;NOM;<unknown>;4511888;151698
infila;286;3,347775131;264;VER;infilare;3840;240797
suor;0;3,347775131;108;NOM;suor;286;82872
Thad;0;3,347775131;48;NOM;<unknown>;4511888;162490
necessita;286;3,347775131;268;VER;necessitare;579;339132
insegnamenti;286;3,347775131;215;NOM;insegnamento;613;48580
nun;0;3,347775131;57;NOM;<unknown>;4511888;480973
Josef;0;3,347775131;78;NPR;Josef;4511888;379086
neuro;286;3,347775131;53;NOM;neuro;286;416734
marciare;286;3,347775131;212;VER;marciare;766;314334
intensamente;286;3,347775131;258;ADV;intensamente;286;221663
esclusivo;286;3,347775131;257;ADJ;esclusivo;675;286956
Liang;0;3,347775131;23;NOM;<unknown>;4511888;231666
seguiremo;285;3,346259267;268;VER;seguire;25854;76303
bocciato;285;3,346259267;213;VER;bocciare;604;159247
stirpe;285;3,346259267;217;NOM;stirpe;291;322837
reggi;285;3,346259267;262;VER;reggere;4774;440344
pubblicitaria;285;3,346259267;228;ADJ;pubblicitario;735;125976
incontrarvi;285;3,346259267;271;VER;incontrare;27005;337436
utilizzate;285;3,346259267;175;VER;utilizzare;2785;44060
Fielding;0;3,346259267;36;NOM;<unknown>;4511888;28450
estranea;285;3,346259267;244;ADJ;estraneo;1068;116263
buttarsi;285;3,346259267;259;VER;buttarsi;15440;386601
illuminato;285;3,346259267;243;VER;illuminare;1526;366636
beato;285;3,346259267;212;NOM;beato;361;7982
influenzato;285;3,346259267;235;VER;influenzare;1429;513838
retromarcia;285;3,346259267;208;NOM;retromarcia;285;16186
tenevano;285;3,346259267;260;VER;tenere;79315;380733
Ietto;0;3,346259267;90;NOM;<unknown>;4511888;144703
portatore;285;3,346259267;188;NOM;portatore;499;125773
mettesse;285;3,346259267;275;VER;mettere;124577;118608
cancellati;285;3,346259267;237;VER;cancellare;5390;263265
Aubrey;0;3,346259267;50;NPR;Aubrey;4511888;132963
nona;285;3,346259267;195;ADJ;nono;490;154981
devastante;285;3,346259267;263;ADJ;devastante;367;130412
espiatorio;285;3,346259267;246;ADJ;espiatorio;300;320881
delicatezza;285;3,346259267;253;NOM;delicatezza;288;498038
portone;285;3,346259267;215;NOM;portone;301;84096
74;0;3,346259267;239;NUM;@card@;412838;296320
Rivers;0;3,346259267;68;NOM;<unknown>;4511888;359810
giustifica;285;3,346259267;264;VER;giustificare;1609;346508
tenti;285;3,346259267;261;VER;tentare;9206;358031
vedevi;285;3,346259267;255;VER;vedere;328947;367521
gioielleria;285;3,346259267;189;NOM;gioielleria;324;500142
ruscello;285;3,346259267;196;NOM;ruscello;4511888;269238
giurata;285;3,346259267;197;ADJ;giurato;386;22229
ip;0;3,346259267;175;NOM;<unknown>;4511888;24790
curata;285;3,346259267;248;VER;curare;5518;2008
alexandrad;0;3,346259267;237;NOM;<unknown>;4511888;24024
Hugin;0;3,346259267;269;NPR;Hugin;4511888;272097
varrà;285;3,346259267;272;VER;valere;13943;347877
azionisti;285;3,346259267;176;NOM;azionista;381;63976
bizzarra;285;3,346259267;262;ADJ;bizzarro;1057;136940
bocconcino;285;3,346259267;225;NOM;bocconcino;362;130542
scogliera;285;3,346259267;197;NOM;scogliera;385;450038
misurare;285;3,346259267;236;VER;misurare;1132;157695
tributo;285;3,346259267;217;NOM;tributo;338;122623
<U+266A>;0;3,344738094;8;NOM;<unknown>;4511888;31239
entrasse;284;3,344738094;273;VER;entrare;59544;92683
uccideteli;284;3,344738094;197;VER;uccidere;89873;202508
accendete;284;3,344738094;239;VER;accendere;7168;30224
punk;284;3,344738094;175;ADJ;punk;188;427793
ricordarlo;284;3,344738094;270;VER;ricordare;48841;32023
cargo;284;3,344738094;149;NOM;cargo;284;224281
battendo;284;3,344738094;260;VER;battere;11216;117028
svanito;284;3,344738094;252;VER;svanire;1455;305959
tagliarti;284;3,344738094;270;VER;tagliare;12445;8490
retata;284;3,344738094;218;NOM;retata;340;336175
us;0;3,344738094;155;NOM;<unknown>;4511888;293430
esitare;284;3,344738094;260;VER;esitare;1058;263224
purché;284;3,344738094;248;CON;purché;284;229690
eufemismo;284;3,344738094;258;NOM;eufemismo;305;300859
cavare;284;3,344738094;269;VER;cavare;5782;125248
retorica;284;3,344738094;241;NOM;retorica;232;102750
sensuale;284;3,344738094;224;ADJ;sensuale;341;110945
Oh-oh;284;3,344738094;219;INT;oh-oh;4511888;465250
logo;284;3,344738094;217;NOM;logo;4511888;489060
tornatene;284;3,344738094;253;VER;tornare;92785;144751
rodeo;284;3,344738094;171;NOM;rodeo;284;378739
inventati;284;3,344738094;274;VER;inventarsi;5858;214146
